brand,model,model_page,version,version_url,price,caractéristiques_disponibilité,caractéristiques_carrosserie,caractéristiques_garantie,caractéristiques_nombre_de_places,caractéristiques_nombre_de_portes,motorisation_nombre_de_cylindres,motorisation_energie,motorisation_puissance_fiscale,motorisation_puissance_(ch.din),motorisation_couple,motorisation_cylindrée,transmission_boîte,transmission_nombre_de_rapports,transmission_transmission,dimensions_longueur,dimensions_largeur,dimensions_hauteur,dimensions_volume_du_coffre,performances_0_100_km_h,performances_vitesse_maxi,consommation_consommation_urbaine,consommation_consommation_extra_urbaine,consommation_consommation_mixte,equipements_de_sécurité_abs,equipements_de_sécurité_airbags,equipements_de_sécurité_alerte_de_franchissement_de_ligne,equipements_de_sécurité_anti_patinage,equipements_de_sécurité_anti_démarrage_électronique,equipements_de_sécurité_assistance_au_freinage,equipements_de_sécurité_contrôle_de_pression_des_pneus,equipements_de_sécurité_fixations_isofix,aides_à_la_conduite_aide_au_stationnement,aides_à_la_conduite_direction_assistée,aides_à_la_conduite_limiteur_de_vitesse,aides_à_la_conduite_régulateur_de_vitesse,equipements_extérieurs_antibrouillards,equipements_extérieurs_eléments_extérieurs_couleur_carrosserie,equipements_extérieurs_feux_à_led,equipements_extérieurs_jantes,equipements_extérieurs_lave_phares,equipements_extérieurs_phares,audio_et_communication_autoradio,audio_et_communication_connectivité,audio_et_communication_ecran_central,equipements_intérieurs_accoudoirs,equipements_intérieurs_appuis_têtes_arrières,equipements_intérieurs_finition_intérieure,equipements_intérieurs_pommeau_de_levier_de_vitesse,equipements_intérieurs_sellerie,equipements_intérieurs_sièges,equipements_intérieurs_sièges_réglables_en_hauteur,equipements_intérieurs_tapis_de_sol,equipements_intérieurs_vitres,equipements_intérieurs_volant,equipements_intérieurs_volant_réglable,equipements_fonctionnels_bouton_start_&_stop,equipements_fonctionnels_climatisation,equipements_fonctionnels_fermeture_centralisée,equipements_fonctionnels_ordinateur_de_bord,equipements_fonctionnels_système_start_&_stop,equipements_fonctionnels_rétroviseur_intérieur,equipements_fonctionnels_rétroviseurs_extérieurs,equipements_fonctionnels_vitres_électriques,scraped_date,aides_à_la_conduite_aide_au_maintien_dans_la_voie,aides_à_la_conduite_système_de_descente_en_côte,equipements_extérieurs_sorties_d’échappement,audio_et_communication_navigation,equipements_intérieurs_toit,equipements_fonctionnels_clé_intelligente,dimensions_volume_du_coffre_maximal,equipements_de_sécurité_alarme_antivol,equipements_de_sécurité_allumage_automatique_des_feux,equipements_de_sécurité_kit_sécurité,aides_à_la_conduite_aide_au_démarrage_en_côte,aides_à_la_conduite_détecteur_de_fatigue,equipements_extérieurs_baguettes_extérieures_d'encadrement_des_vitres,equipements_extérieurs_boulons_de_roues_protégés,equipements_extérieurs_spoiler_arrière,equipements_intérieurs_lumières_d'ambiance,equipements_intérieurs_seuils_de_portes,equipements_fonctionnels_détecteur_de_pluie,equipements_fonctionnels_frein_de_stationnement,equipements_fonctionnels_instrumentation_digitale,equipements_fonctionnels_version_pays_chauds,equipements_extérieurs_kit_carrosserie,equipements_extérieurs_peinture,equipements_intérieurs_ciel_de_pavillon,equipements_intérieurs_kit_rangement,equipements_intérieurs_pédaliers,equipements_fonctionnels_coffre_à_bagages,equipements_extérieurs_calandre,consommation_emissions_de_co2,equipements_intérieurs_kit_fumeurs,equipements_fonctionnels_alimentation_électrique,equipements_fonctionnels_modes_de_conduite,aides_à_la_conduite_alerte_de_circulation_transversale,motorisation_nombre_de_moteurs_électriques,motorisation_puissance_avec_overboost_(ch.din),motorisation_batterie,performances_autonomie_électrique_(wltp),consommation_consommation_électrique_(wltp),consommation_temps_de_recharge_normale_(ac),consommation_temps_de_recharge_rapide_(dc),audio_et_communication_ecran_passager,equipements_intérieurs_tableau_de_bord,equipements_fonctionnels_affichage_tête_haute,equipements_fonctionnels_fermeture_assistée_des_portes,equipements_fonctionnels_suspension,equipements_fonctionnels_launch_control,dimensions_volume_du_coffre_avant,equipements_extérieurs_barres_de_toit,equipements_fonctionnels_train_roulant,equipements_fonctionnels_freinage,transmission_différentiel_autobloquant,equipements_intérieurs_stores_pare_soleil,dimensions_charge_utile,dimensions_volume_utile,motorisation_type_de_batterie,equipements_de_sécurité_alerte_de_risque_de_collision,aides_à_la_conduite_assistant_de_feux_de_route,equipements_fonctionnels_préparation_pour_téléphone,audio_et_communication_connected_drive,aides_à_la_conduite_surveillance_d’angle_mort,equipements_extérieurs_pneumatiques_runflat,equipements_intérieurs_kit_éclairage,equipements_extérieurs_pack_aérodynamique_m,motorisation_puissance_thermique_(ch.din),motorisation_puissance_électrique,motorisation_couple_électrique,aides_à_la_conduite_contrôle_du_roulis_de_la_remorque,aides_à_la_conduite_reconnaissance_des_panneaux,aides_à_la_conduite_détection_des_piétons,transmission_4_roues_directrices,equipements_de_sécurité_dsc,aides_à_la_conduite_conduite_autonome,equipements_fonctionnels_boule_d'attelage,consommation_capacité_de_recharge_maximale_(ac),performances_autonomie_électrique_(nedc),aides_à_la_conduite_caméra_d'angle_mort,equipements_extérieurs_marchepieds_latéraux,equipements_extérieurs_poignées_de_portes,caractéristiques_voiture_populaire,equipements_intérieurs_cloison_entre_cabine_et_compartiment_arrière,aides_à_la_conduite_contrôle_de_stabilité_anti_retournement,equipements_fonctionnels_caméra_d'enregistrement_de_conduite,equipements_de_sécurité_barre_stabilisatrice,equipements_intérieurs_boîte_à_gants_réfrigérée,equipements_extérieurs_arceau_de_benne,dimensions_surface_de_chargement,equipements_extérieurs_rideau_de_benne,equipements_de_sécurité_contrôle_adaptatif_de_la_charge,equipements_extérieurs_aileron_arrière,equipements_fonctionnels_terrain_response,equipements_fonctionnels_dynamic_response,equipements_fonctionnels_système_de_récupération_d'énergie,equipements_extérieurs_porte_bagages,equipements_extérieurs_capote_éléctrique,equipements_fonctionnels_portes_en_élytre,equipements_de_sécurité_capot_moteur_actif,equipements_fonctionnels_pack_sport_chrono,equipements_extérieurs_sideblades,equipements_fonctionnels_carte_mains_libres,equipements_extérieurs_jupes_latérales
Alfa-Romeo,Alfa Romeo Giulia,https://www.automobile.tn/fr/neuf/alfa-romeo/giulia/2.0-turbo-bva-super,Alfa Romeo Giulia,https://www.automobile.tn/fr/neuf/alfa-romeo/giulia/2.0-turbo-bva-super,,Indisponible,Berline,3 ans,5,4,4,Essence,11 CV,200 CH,330 nm 1750 tr/min,1995 CM³,Automatique,8,Propulsion,4643 mm,1860 mm,1436 mm,480 L,6.6 s,235 KM/H,8.4 L/100 km,4.6 L/100 km,5.9 L/100 km,Oui,Frontaux | Latéraux | Rideaux,Oui,ESP | ASR,Oui,Active City Brake | AFU | EBD,Oui,Oui,Radar de recul | Radar avant,Oui,Oui,Adaptatif (ACC),Oui,Oui,Avant | Arrières,En aluminium | 17'',Oui,Bi-xénon,8 haut-parleurs | Commandes au volant,2 USB | AUX | Bluetooth,7 pouces,Avant | Arrière,3,Bois,Cuir,Cuir,Électriques | Fonction mémoire,Conducteur et passager,Oui,Lunette et vitres arrières sur-teintées,Cuir | Multi-fonctions | Avec palettes,En hauteur et en profondeur,Démarrage mains libres,Automatique | Bizone,À distance,Oui,Oui,Anti-éblouissement,Électriques | Rabattables | Dégivrants,Avant/Arrière,2026-02-08 17:31:07.037107,,,,,,,,,,,,,,,,,,,,,,,,,,,,,,,,,,,,,,,,,,,,,,,,,,,,,,,,,,,,,,,,,,,,,,,,,,,,,,,,,,,,,,,,,,,,,,,,,,,,
Alfa-Romeo,Alfa Romeo Stelvio,https://www.automobile.tn/fr/neuf/alfa-romeo/stelvio/2.0-turbo-q4-bva,Alfa Romeo Stelvio,https://www.automobile.tn/fr/neuf/alfa-romeo/stelvio/2.0-turbo-q4-bva,,Indisponible,SUV,3 ans,5,5,4,Essence,17 CV,280 CH,400 nm 2250 tr/min,1995 CM³,Automatique,8,Intégrale,4687 mm,1903 mm,1671 mm,525 L,5.7 s,230 KM/H,8.9 L/100 km,5.9 L/100 km,7 L/100 km,Oui,Frontaux | Latéraux | Rideaux,,ESP | ASR,Oui,AFU | Active City Brake | EBD | Système anti-collision avec détection des piétons,,Oui,Radar de recul | Radar avant | Caméra de recul,Oui,Oui,Cruise control,Oui,Oui,Feux de jour | Avant | Arrières,En aluminium | 20'',Oui,Xénon | Bi-xénon,8 haut-parleurs | Commandes au volant,USB | AUX | Bluetooth,Tactile | 6.5 pouces,Avant | Arrière,3,Bois,,Cuir,Électriques |  Conducteur à réglage électrique | 8 directions | Chauffants | Réglage lombaire | Fonction mémoire,Conducteur et passager,Oui,,Cuir | Chauffant | Multi-fonctions | Avec palettes,En hauteur et en profondeur,Démarrage mains libres,Automatique | Bizone,À distance,Oui,Oui,,Électriques | Rabattables | Dégivrants | Éclairage d'accueil à LED,Avant/Arrière,2026-02-08 17:31:09.666808,Oui,HDC,Chromées,GPS | Cartographie Tunisienne,Ouvrant | Panoramique | + 7000 DT,Accès mains libres,,,,,,,,,,,,,,,,,,,,,,,,,,,,,,,,,,,,,,,,,,,,,,,,,,,,,,,,,,,,,,,,,,,,,,,,,,,,,,,,,,,,,,,,,,,,,,
Audi,Audi A3 Sportback,https://www.automobile.tn/fr/neuf/audi/a3-sportback,35 TFSI Iconic Line,https://www.automobile.tn/fr/neuf/audi/a3-sportback/35-tfsi-iconic-line,139 990 DT,Disponible,Compacte,3 ans,5,5,4,Essence,8 CV,150 CH,250 nm 1500 tr/min,1395 CM³,Automatique,8,Traction,4352 mm,1816 mm,1441 mm,380 L,8.1 s,226 KM/H,,,5.4 L/100 km,Oui,Frontaux | Latéraux | Protège-tête,Oui,ESP,Oui,,Oui,Oui,Radar de recul | Radar avant | Caméra de recul | Parkassist,Oui,Oui,Oui,,Oui,Feux de jour | Avant,En aluminium | 17'',,LED,MMI Radio Plus | Commandes au volant,USB | USB-C | Android Auto | Apple Carplay | Bluetooth | Commande vocale | Chargeur de téléphone sans fil,Tactile | 10.1 pouces,Avant,,Style aluminium | Applications décoratives en peinture fine Gris Volcan,,Tissu,Chauffants | Réglage lombaire,Conducteur et passager,Oui,Parebrise athermique,Cuir | 3 branches | Multi-fonctions | Avec palettes,En hauteur et en profondeur,Démarrage mains libres,Automatique | 3 zones | Ventilation arrière,À distance,Oui,Oui,Anti-éblouissement  | Sans Cadre,Électriques | Rabattables | Dégivrants | Photosensibles | Avec clignotants intégrés,Avant/Arrière,2026-02-08 17:31:14.414462,,,,,,Accès mains libres,1200 L,Oui,Oui,Triangle de présignalisation,Audi hold assist,Oui,Noir Mat,Oui,Oui,LED,Aluminium,Oui,Éléctrique,Audi Virtual Cockpit | 10.25 pouces,Oui,,,,,,,,,,,,,,,,,,,,,,,,,,,,,,,,,,,,,,,,,,,,,,,,,,,,,,,,,,,,,,,,,,,,,,,,,,,,,,,
Audi,Audi A3 Sportback,https://www.automobile.tn/fr/neuf/audi/a3-sportback,35 TFSI Tech Line,https://www.automobile.tn/fr/neuf/audi/a3-sportback/35-tfsi-tech-line,154 000 DT,Disponible,Compacte,3 ans,5,5,4,Essence,8 CV,150 CH,250 nm 1500 tr/min,1395 CM³,Automatique,8,Traction,4352 mm,1816 mm,1441 mm,380 L,8.1 s,226 KM/H,,,5.4 L/100 km,Oui,Frontaux | Latéraux | Protège-tête,Oui,ESP,Oui,,Oui,Oui,Radar de recul | Radar avant | Caméra de recul | Parkassist,Oui,Oui,Oui,,Oui,Feux de jour | Avant | Arrières | Clignotants à défilement,En aluminium | 17'',,Full LED | Signature LED,MMI Radio Plus | Commandes au volant,USB | USB-C | Android Auto | Apple Carplay | Bluetooth | Commande vocale | Chargeur de téléphone sans fil,Tactile | 10.1 pouces,Avant,,Style aluminium | Applications décoratives en peinture fine Gris Volcan,,Tissu,Chauffants | Réglage lombaire,Conducteur et passager,Oui,Parebrise athermique | Lunette et vitres arrières sur-teintées,Cuir | 3 branches | Multi-fonctions | Avec palettes,En hauteur et en profondeur,Démarrage mains libres,Automatique | 3 zones | Ventilation arrière,À distance,Oui,Oui,Anti-éblouissement  | Sans Cadre,Électriques | Rabattables | Dégivrants | Photosensibles | Avec clignotants intégrés,Avant/Arrière,2026-02-08 17:31:16.292582,,,,,Panoramique | En verre,Accès mains libres,1200 L,Oui,Oui,Triangle de présignalisation,Audi hold assist,Oui,Noir Mat,Oui,Oui,LED,Aluminium,Oui,Éléctrique,Audi Virtual Cockpit | 10.25 pouces,Oui,,,,,,,,,,,,,,,,,,,,,,,,,,,,,,,,,,,,,,,,,,,,,,,,,,,,,,,,,,,,,,,,,,,,,,,,,,,,,,,
Audi,Audi A3 Sportback,https://www.automobile.tn/fr/neuf/audi/a3-sportback,35 TFSI S-Line,https://www.automobile.tn/fr/neuf/audi/a3-sportback/35-tfsi-s-line,179 990 DT,Disponible,Compacte,3 ans,5,5,4,Essence,8 CV,150 CH,250 nm 1500 tr/min,1395 CM³,Automatique,8,Traction,4352 mm,1816 mm,1441 mm,380 L,8.1 s,226 KM/H,,,5.4 L/100 km,Oui,Frontaux | Latéraux | Protège-tête,Oui,ESP,Oui,,Oui,Oui,Radar de recul | Radar avant | Caméra de recul | Parkassist,Oui,Oui,Oui,,Oui,Feux de jour | Avant | Arrières | Clignotants à défilement,En aluminium | 17'',,Full LED | Signature LED,MMI Radio Plus | Commandes au volant,USB | USB-C | Android Auto | Apple Carplay | Bluetooth | Commande vocale | Chargeur de téléphone sans fil,Tactile | 10.1 pouces,Avant,,Aluminium Spectre Foncé,,Similicuir/Tissu,Chauffants | Réglage lombaire | Sport,Conducteur et passager,Oui,Parebrise athermique | Lunette et vitres arrières sur-teintées,Cuir | 3 branches | Multi-fonctions | Sport | à méplat | Avec palettes,En hauteur et en profondeur,Démarrage mains libres,Automatique | 3 zones | Ventilation arrière,À distance,Oui,Oui,Anti-éblouissement  | Sans Cadre,Électriques | Rabattables | Dégivrants | Photosensibles | Avec clignotants intégrés,Avant/Arrière,2026-02-08 17:31:18.243466,,,,,Panoramique | En verre,Accès mains libres,1200 L,Oui,Oui,Triangle de présignalisation,Audi hold assist,Oui,Noir Mat,Oui,Oui,LED | 30 Couleurs,Aluminium | Eclairés | S-line,Oui,Éléctrique,Audi Virtual Cockpit | 10.25 pouces,Oui,S-line,Métallisée,Noir,Pack vide-poches et coffre à bagages,Acier inoxydable brossé,Ouverture et fermeture motorisées,,,,,,,,,,,,,,,,,,,,,,,,,,,,,,,,,,,,,,,,,,,,,,,,,,,,,,,,,,,,,,,,,,,,,,,,,
Audi,Audi A3 Berline,https://www.automobile.tn/fr/neuf/audi/a3-berline/35-tfsi-dynamic-edition,Audi A3 Berline,https://www.automobile.tn/fr/neuf/audi/a3-berline/35-tfsi-dynamic-edition,,Disponible,Berline,3 ans,5,4,4,Essence,8 CV,150 CH,250 nm 1500 tr/min,1395 CM³,Automatique,8,Traction,4504 mm,1816 mm,1417 mm,425 L,8.4 s,232 KM/H,,,5.4 L/100 km,Oui,Frontaux | Latéraux | Protège-tête,Oui,ESP,Oui,,Oui,Oui,Radar de recul | Radar avant | Caméra de recul | Parkassist,Oui,Oui,Oui,,Oui,Feux de jour | Avant | Arrières | Clignotants à défilement,En aluminium | 17'',,Full LED | Adaptatifs | Signature LED,MMI Radio Plus | Commandes au volant,USB | USB-C | Android Auto | Apple Carplay | Bluetooth | Commande vocale | Chargeur de téléphone sans fil,Tactile | 10.1 pouces,Avant,,Style aluminium | Applications décoratives en peinture fine Gris Volcan,,Tissu,Chauffants | Réglage lombaire,Conducteur et passager,Oui,Parebrise athermique | Lunette et vitres arrières sur-teintées,Cuir | Multi-fonctions | Avec palettes,En hauteur et en profondeur,Démarrage mains libres,Automatique | 3 zones | Ventilation arrière,À distance,Oui,Oui,Anti-éblouissement  | Sans Cadre,Électriques | Rabattables | Dégivrants | Photosensibles | Avec clignotants intégrés,Avant/Arrière,2026-02-08 17:31:20.870310,,,,,Panoramique | En verre,Accès mains libres,,Oui,Oui,Triangle de présignalisation,Audi hold assist,Oui,Aluminium,Oui,,LED,Aluminium,Oui,Éléctrique,Audi Virtual Cockpit | 10.25 pouces,Oui,,,,,,Ouverture mains libres,,,,,,,,,,,,,,,,,,,,,,,,,,,,,,,,,,,,,,,,,,,,,,,,,,,,,,,,,,,,,,,,,,,,,,,,,
Audi,Audi Q2,https://www.automobile.tn/fr/neuf/audi/q2/35-tfsi-bva-black-limited,Audi Q2,https://www.automobile.tn/fr/neuf/audi/q2/35-tfsi-bva-black-limited,,Disponible,SUV,3 ans,5,5,4,Essence,8 CV,150 CH,250 nm 1500 tr/min,1395 CM³,Automatique,8,Traction,4191 mm,1794 mm,1508 mm,405 L,8.6 s,218 KM/H,6.9 L/100 km,5.8 L/100 km,6.0 L/100 km,Oui,Frontaux | Latéraux | Protège-tête,,ESP,Oui,,,Oui,Radar de recul | Radar avant | Caméra de recul,Progressive,,Oui,,Oui,Feux de jour | Avant | Arrières,En aluminium | 17'',,LED,10 haut-parleurs | MMI Radio Plus | MMI Touch | Commandes au volant | Système Audio Audi (180W),2 USB-C | Android Auto | Apple Carplay | Bluetooth,8.8 pouces,Avant,,Format graphique lumineux | Style aluminium,,Tissu,,Conducteur et passager,Oui,Parebrise athermique | Lunette et vitres arrières sur-teintées | Acoustiques,Cuir | 3 branches | Multi-fonctions | à méplat,En hauteur et en profondeur,Démarrage mains libres,Automatique,À distance,Oui,Oui,Anti-éblouissement  | Sans Cadre,Électriques | Rabattables | Dégivrants | Photosensibles,Avant/Arrière,2026-02-08 17:31:23.650028,,,,,Ouvrant | Panoramique,Accès mains libres,,Anti-soulèvement,Oui,Triangle de présignalisation,,,,,,Oui,Aluminium | Eclairés,Oui,,Audi Virtual Cockpit | 12.3 pouces,Oui,,,,,,Ouverture et fermeture motorisées,Contour chromé,,,,,,,,,,,,,,,,,,,,,,,,,,,,,,,,,,,,,,,,,,,,,,,,,,,,,,,,,,,,,,,,,,,,,,,,
Audi,Audi Q3 Sportback,https://www.automobile.tn/fr/neuf/audi/q3-sportback/35-tfsi-s-tronic-business-limited-plus,Audi Q3 Sportback,https://www.automobile.tn/fr/neuf/audi/q3-sportback/35-tfsi-s-tronic-business-limited-plus,,Disponible,SUV,3 ans,5,5,4,Essence,9 CV,150 CH,250 nm 1500 tr/min,1498 CM³,Automatique,6,Traction,4500 mm,1843 mm,1576 mm,530 L,9.4 s,205 KM/H,6.9 L/100 km,5.1 L/100 km,5.8 L/100 km,Oui,Frontaux | Latéraux | Protège-tête,,ESP,Oui,,,Oui,Radar de recul | Radar avant | Caméra de recul | Audi Parking System Plus,Progressive,,Oui,,Oui,Feux de jour | Avant | Arrières | Clignotants à défilement,En aluminium | 18'',,LED,10 haut-parleurs | MMI Radio Plus | Commandes au volant | Système Audio Audi (180W),2 USB-C | Android Auto | Apple Carplay | Bluetooth | Commande vocale | Chargeur de téléphone sans fil,Tactile | 8.8 pouces,Avant,,Aluminium brossé | Argent micrométallique,Cuir,Cuir/similicuir,Électriques | Réglage lombaire,Conducteur et passager,Oui,Parebrise athermique | Lunette et vitres arrières sur-teintées | Acoustiques,Cuir | 3 branches | Multi-fonctions,En hauteur et en profondeur,Démarrage mains libres,Automatique | Bizone,À distance,Oui,,Anti-éblouissement  | Sans Cadre,Électriques | Rabattables | Dégivrants,Avant/Arrière,2026-02-08 17:31:26.284138,,Oui,,,Ouvrant | Panoramique,Accès mains libres,,Oui,Oui,Triangle de présignalisation,Audi hold assist,,Noir Brillant,Oui,,30 Couleurs,,Oui,,10.25 pouces,Oui,,Métallisée,Noir | Tissu,,,Ouverture et fermeture motorisées,Noire,129 g/km,Oui,1 prise 12 V,Audi Drive Select,,,,,,,,,,,,,,,,,,,,,,,,,,,,,,,,,,,,,,,,,,,,,,,,,,,,,,,,,,,,,,,,,,,,
Audi,Audi A5,https://www.automobile.tn/fr/neuf/audi/a5-berline/tfsi-advanced,Audi A5,https://www.automobile.tn/fr/neuf/audi/a5-berline/tfsi-advanced,,Disponible,Berline,3 ans,5,5,4,Essence,8 CV,150 CH,280 nm 1400 tr/min,1984 CM³,Automatique,7,Traction,4829 mm,1860 mm,1444 mm,445 L,9.8 s,216 KM/H,,,7.3 L/100 km,Oui,Frontaux | Latéraux | Rideaux | Centraux,Oui,ESP,Oui,AFU,Oui,Oui,Radar de recul | Radar avant | Système de caméras 360 | Audi Parking System Plus | Détection du trafic en marche arrière,Oui,,Adaptatif (ACC),,,Feux de jour | Avant | Arrières | Clignotants à défilement,En aluminium | 18'',Oui,Audi Matrix LED,MMI Radio | Commandes au volant,USB | Android Auto | Apple Carplay | Bluetooth | Commande vocale | Chargeur de téléphone sans fil,Tactile | Curved Display | 14.5 pouces,Avant,,Inserts décoratifs en aluminium mat brossé Argent,,Cuir/similicuir,Électriques | Réglage lombaire | Fonction mémoire,Conducteur et passager,Oui,Parebrise athermique | Lunette et vitres arrières sur-teintées | Acoustiques,Cuir | 3 branches | Multi-fonctions | Sport | à méplat | Avec palettes,En hauteur et en profondeur,Démarrage mains libres,Automatique | 3 zones | Ventilation arrière,À distance,Oui,,Anti-éblouissement  | Sans Cadre,Électriques | Rabattables | Dégivrants | Photosensibles | Mémoire de position | Avec clignotants intégrés | Éclairage d'accueil à LED,Avant/Arrière,2026-02-08 17:31:28.875045,Oui,,,,Panoramique | En verre | Electrochrome,Accès mains libres,1299 L,Oui,Oui,Triangle de présignalisation,,Oui,,Oui,,LED | 30 Couleurs,Aluminium | Eclairés,Oui,Éléctrique,Audi Virtual Cockpit | 11.9 pouces,Oui,Advanced,,Noir | Tissu,,,Ouverture et fermeture motorisées,,,Oui,,Audi Drive Select,Oui,,,,,,,,,,,,,,,,,,,,,,,,,,,,,,,,,,,,,,,,,,,,,,,,,,,,,,,,,,,,,,,,,,,
Audi,Audi A6 Sportback e-tron,https://www.automobile.tn/fr/neuf/audi/a6-sportback-e-tron/100-kwh-performance,Audi A6 Sportback e-tron,https://www.automobile.tn/fr/neuf/audi/a6-sportback-e-tron/100-kwh-performance,,Disponible,Berline,3 ans | Batterie garantie 8 ans ou 160.000 KM,5,5,,Electrique,9 CV,367 CH,565 nm 0 tr/min,,Automatique,,Propulsion,4928 mm,1923 mm,1487 mm,502 L,5.4 s,210 KM/H,,,,Oui,Frontaux | Latéraux | Rideaux,Oui,Oui,Oui,AFU,Oui,Oui,Radar de recul | Radar avant | Système de caméras 360 | Audi Parking System Plus | Détection du trafic en marche arrière,Oui,Oui,Adaptatif (ACC),,,Feux de jour | Avant | Clignotants à défilement | Arrières OLED,En aluminium | 20'',Oui,Audi Matrix LED | Signature LED,Haut-parleurs Bang & Olufsen | MMI Panoramic Display,USB | USB-C | Android Auto | Apple Carplay | Bluetooth | Commande vocale | Chargeur de téléphone sans fil,Tactile | Curved Display | 14.5 pouces,Avant,,Inserts décoratifs en aluminium Anthracite mat brossé,,Cuir/similicuir,Électriques | Chauffants | Réglage lombaire | Fonction mémoire,Conducteur et passager,Oui,Parebrise athermique | Lunette et vitres arrières sur-teintées | Acoustiques,Cuir | Chauffant | Multi-fonctions | Sport | à méplat | Réglage électrique | Avec palettes,En hauteur et en profondeur,Démarrage mains libres,Automatique | 3 zones | Ventilation arrière,À distance,Oui,,Anti-éblouissement,Électriques | Rabattables | Dégivrants | Photosensibles | Mémoire de position | Avec clignotants intégrés | Éclairage d'accueil à LED,Avant/Arrière,2026-02-08 17:31:31.658615,Oui,,,,Panoramique | En verre | Electrochrome,Accès mains libres,1330 L,Oui,Oui,Triangle de présignalisation,,Oui,Noir Brillant,Oui,,LED | 30 Couleurs,Aluminium | Eclairés,Oui,Éléctrique,Audi Virtual Cockpit | 11.9 pouces,Oui,Advanced,,Noir | Tissu,Oui,,Ouverture et fermeture motorisées,,,,,Audi Drive Select,Oui,1,381 CH,100 kWh,673 km,15.9 kWh/100 km,10 heures,21 minutes,Oui,Cuir,Avec réalité augmentée,Soft close,Pneumatique | Adaptative,Oui,,,,,,,,,,,,,,,,,,,,,,,,,,,,,,,,,,,,,,,,,,,,,,,,,,,,,,
Audi,Audi Q6 e-tron,https://www.automobile.tn/fr/neuf/audi/q6-e-tron/100-kwh-quattro-s-line,Audi Q6 e-tron,https://www.automobile.tn/fr/neuf/audi/q6-e-tron/100-kwh-quattro-s-line,,Disponible,SUV,3 ans | Batterie garantie 8 ans ou 160.000 KM,5,5,,Electrique,9 CV,388 CH,855 nm 0 tr/min,,Automatique,,Intégrale,4771 mm,1939 mm,1648 mm,526 L,5.9 s,210 KM/H,,,,Oui,Frontaux | Latéraux | Rideaux,Oui,Oui,Oui,,Oui,Oui,Radar de recul | Radar avant | Système de caméras 360 | Audi Parking System Plus,Oui,Oui,Adaptatif (ACC),,,Feux de jour | Avant | Arrières | Clignotants à défilement,En aluminium | 20'',Oui,Audi Matrix LED | Signature LED,Haut-parleurs Bang & Olufsen | MMI Panoramic Display,USB | USB-C | Android Auto | Apple Carplay | Bluetooth | Commande vocale | Chargeur de téléphone sans fil,Tactile | 14.5 pouces,Avant,,Inserts décoratifs en aluminium Anthracite mat brossé,,Cuir/Microfibre Dinamica | Nappa | Surpiqures,Électriques | Chauffants | Massants | Réglage lombaire | Fonction mémoire | Avec Appuie-tête intégrés | Sport,Conducteur et passager,Oui,Parebrise athermique | Lunette et vitres arrières sur-teintées | Acoustiques,Cuir | 3 branches | Chauffant | Multi-fonctions | Sport | à méplat | Avec palettes,En hauteur et en profondeur,Démarrage mains libres,Automatique | 3 zones | Ventilation arrière,À distance,Oui,,Anti-éblouissement,Électriques | Rabattables | Dégivrants | Photosensibles | Mémoire de position | Noirs | Avec clignotants intégrés | Éclairage d'accueil à LED,Avant/Arrière,2026-02-08 17:31:34.303103,Oui,,,,Panoramique | En verre,Accès mains libres,1529 L,Oui,Oui,Triangle de présignalisation,,Oui,Pack style Noir,Oui,,LED | 30 Couleurs,Aluminium | Eclairés | S-line,Oui,Éléctrique,Audi Virtual Cockpit | 11.9 pouces,Oui,S-line,,,Oui,Acier inoxydable brossé,Ouverture et fermeture motorisées,,,,,Audi Drive Select,Oui,2,,100 kWh,619 km,19.5 kWh/100 km,10 heures,21 minutes,Oui,Cuir,Avec réalité augmentée,,,,64 L,Noires,Sport,,,,,,,,,,,,,,,,,,,,,,,,,,,,,,,,,,,,,,,,,,,,,,,,,,,
Audi,Audi Q6 Sportback e-tron,https://www.automobile.tn/fr/neuf/audi/q6-sportback-e-tron/100-kwh-quattro-s-line,Audi Q6 Sportback e-tron,https://www.automobile.tn/fr/neuf/audi/q6-sportback-e-tron/100-kwh-quattro-s-line,,Disponible,SUV,3 ans | Batterie garantie 8 ans ou 160.000 KM,5,5,,Electrique,9 CV,388 CH,855 nm 0 tr/min,,Automatique,,Intégrale,4771 mm,1939 mm,1648 mm,511 L,5.9 s,210 KM/H,,,,Oui,Frontaux | Latéraux | Rideaux,Oui,Oui,Oui,AFU,Oui,Oui,Radar de recul | Radar avant | Système de caméras 360 | Audi Parking System Plus | Détection du trafic en marche arrière,Oui,Oui,Adaptatif (ACC),,,Feux de jour | Avant | Clignotants à défilement | Arrières OLED,En aluminium | 20'',Oui,Audi Matrix LED | Signature LED,Haut-parleurs Bang & Olufsen | MMI Panoramic Display,USB | USB-C | Android Auto | Apple Carplay | Bluetooth | Commande vocale | Chargeur de téléphone sans fil,Tactile | Curved Display | 14.5 pouces,Avant,,Inserts décoratifs à structure en micro-sergé de carbone,,Cuir/Microfibre Dinamica | Nappa | Surpiqures,Électriques | Chauffants | Massants | Réglage lombaire | Fonction mémoire | Avec Appuie-tête intégrés | Sport,Conducteur et passager,Oui,Parebrise athermique | Lunette et vitres arrières sur-teintées | Acoustiques,3 branches | Chauffant | Multi-fonctions | Sport | Cuir Perforé | à méplat | Réglage électrique | Avec palettes,En hauteur et en profondeur,Démarrage mains libres,Automatique | 3 zones | Ventilation arrière,À distance,Oui,,Anti-éblouissement,Électriques | Rabattables | Dégivrants | Photosensibles | Mémoire de position | Noirs | Avec clignotants intégrés | Éclairage d'accueil à LED,Avant/Arrière,2026-02-08 17:31:36.920859,Oui,,,,Panoramique | En verre,Accès mains libres,1373 L,Oui,Oui,Triangle de présignalisation,,Oui,Noir Brillant,Oui,,LED | 30 Couleurs,Aluminium | Eclairés | S-line,Oui,Éléctrique,Audi Virtual Cockpit | 11.9 pouces,Oui,S-line,,Noir | Tissu,Oui,Acier inoxydable brossé,Ouverture et fermeture motorisées,,,,,Audi Drive Select,Oui,2,,100 kWh,630 km,18.7 kWh/100 km,10 heures,21 minutes,Oui,Cuir,Avec réalité augmentée,,Pneumatique | Adaptative,,64 L,Noires,,Étriers rouges,,,,,,,,,,,,,,,,,,,,,,,,,,,,,,,,,,,,,,,,,,,,,,,,,,
Audi,Audi E-tron GT,https://www.automobile.tn/fr/neuf/audi/e-tron-gt/quattro,Audi E-tron GT,https://www.automobile.tn/fr/neuf/audi/e-tron-gt/quattro,,Sur arrivage,Berline,3 ans | Batterie garantie 8 ans ou 160.000 KM,5,4,,Electrique,10 CV,476 CH,630 nm 0 tr/min,,Automatique,2,Intégrale,4990 mm,1960 mm,1410 mm,405 L,4.1 s,245 KM/H,,,,Oui,Frontaux | Latéraux | Rideaux,Oui,Oui,Oui,,Oui,Oui,Radar de recul | Radar avant | Système de caméras 360 | Audi Parking System Plus,Electromécanique,Oui,Adaptatif (ACC),,Oui,Feux de jour | Avant | Arrières | Clignotants à défilement,En aluminium | 21'',,Audi Digital Matrix LED HD,Haut-parleurs Bang & Olufsen | MMI Navigation Plus | 16 haut-parleurs | Subwoofer,USB-C | Android Auto | Apple Carplay | Bluetooth | Chargeur de téléphone sans fil | Audi smartphone interface,10.1 pouces | Tactile avec retour haptique,Avant,,Style aluminium | Inserts décoratifs en Carbone Sergé Satiné,,Cuir perforé | Surpiqures,Électriques | Ventilés | Réglage lombaire | Fonction mémoire | Avec Appuie-tête intégrés | Sport,Conducteur et passager,Oui,Parebrise athermique | Lunette et vitres arrières sur-teintées | Acoustiques,Cuir | 3 branches | Chauffant | Multi-fonctions | à méplat | Réglage électrique | Avec palettes,En hauteur et en profondeur,Démarrage mains libres,Automatique | 3 zones,À distance,Oui,,Anti-éblouissement  | Sans Cadre,Électriques | Rabattables | Dégivrants | Photosensibles | Mémoire de position,Avant/Arrière,2026-02-08 17:31:39.552397,,,,,Panoramique | En verre,Accès mains libres,,Oui,Oui,Triangle de présignalisation | Trousse de premiers secours,Oui,,,,,30 Couleurs,Aluminium | Eclairés,Oui,,Audi Virtual Cockpit | 12.3 pouces,Oui,,,Noir,,,Ouverture et fermeture motorisées | Ouverture mains libres,,,,1 prise 12 V,,,2,530 CH,93 kWh,487 km,18.8 kWh/100 km,4.5 heures,60 minutes,,Cuir,Oui,,Adaptive air suspension,,85 L,,,,Oui,,,,,,,,,,,,,,,,,,,,,,,,,,,,,,,,,,,,,,,,,,,,,,,,,
Audi,Audi Q8,https://www.automobile.tn/fr/neuf/audi/q8/55-tfsi-tiptronic-quattro-2025,Audi Q8,https://www.automobile.tn/fr/neuf/audi/q8/55-tfsi-tiptronic-quattro-2025,,Sur commande,SUV,3 ans,5,5,6,Essence | Hybride léger,22 CV,340 CH,500 nm 1370 tr/min,2995 CM³,Automatique,8,Intégrale,4994 mm,1995 mm,1707 mm,605 L,5.6 s,250 KM/H,,,8.9 L/100 km,Oui,Frontaux | Latéraux | Rideaux,,ESP,Oui,AFU,Oui,Oui,Radar de recul | Radar avant | Système de caméras 360 | Audi Parking System Plus,Dynamique,Oui,Oui,,,Feux de jour | Avant | Arrières | Clignotants à défilement,En aluminium | 19'',Oui,Full LED,17 haut-parleurs | Haut-parleurs Bang & Olufsen | MMI Navigation Plus | MMI Touch | Commandes au volant | 730 watts,Android Auto | Apple Carplay | Audi Music Interface | Bluetooth | Chargeur de téléphone sans fil | Audi smartphone interface,Tactile | 10.1 pouces,Avant | Arrière,,Inserts décoratifs dimantés Gris Argent,,Cuir,Électriques | Réglage lombaire | Fonction mémoire,Conducteur et passager,Oui,Parebrise athermique | Acoustiques,Cuir | 3 branches | Multi-fonctions,En hauteur et en profondeur,Démarrage mains libres,Automatique | 4 zones,À distance,Oui,Oui,Anti-éblouissement  | Sans Cadre,Électriques | Rabattables | Dégivrants | Photosensibles | Mémoire de position,Avant/Arrière,2026-02-08 17:31:42.257741,,,,,Panoramique | En verre,Accès mains libres,1755 L,Oui,Oui,Triangle de présignalisation,Audi hold assist,,,Oui,,LED | 30 Couleurs,Aluminium,Oui,Éléctrique,Audi Virtual Cockpit | 12.3 pouces,Oui,,Métallisée,,Oui,,Ouverture et fermeture motorisées | Ouverture mains libres | Cache Bagages | Seuil de chargement en métal,Noire,,,,Audi Drive Select,,,,,,,,,,,,Soft close,Adaptive air suspension,,,,,,,Pour lunette arrière | Pour vitres de portes arrières (électriques),,,,,,,,,,,,,,,,,,,,,,,,,,,,,,,,,,,,,,,,,,,,,,,,
Avantier,Avantier Avantier C,https://www.automobile.tn/fr/neuf/avantier/avantier-c/14-kwh,Avantier Avantier C,https://www.automobile.tn/fr/neuf/avantier/avantier-c/14-kwh,,En pré-commande,Utilitaire,5 ans ou 100000 km | Batterie garantie 8 ans ou 160.000 KM,2,3,,Electrique,2 CV,30 CH,85 nm 0 tr/min,,Automatique,,Propulsion,2980 mm,1490 mm,1637 mm,,,90 KM/H,,,,Oui,Frontaux,,,Oui,EBD,Oui,,Radar de recul | Caméra de recul,EPS,,,,,,"12""",,,Commandes au volant,USB | Bluetooth,,,,,,Tissu,,,Oui,,Multi-fonctions,,,Manuelle,À distance,,,,,Avant,2026-02-08 17:31:45.894263,,,,,,,,,,,HAC,,,,,,,,,8 pouces,,,,,,,,,,,,Sport | Eco,,1,,14 kWh,182 km,,8 heures,,,,,,,,,,,,,,275 KG,"0,69 m³",,,,,,,,,,,,,,,,,,,,,,,,,,,,,,,,,,,,,,,,,,,,,,
Avantier,Avantier Commuter,https://www.automobile.tn/fr/neuf/avantier/commuter,31 KWH LFP,https://www.automobile.tn/fr/neuf/avantier/commuter/31-kwh-lfp,37 800 DT,4 mois | En pré-commande,Citadine,5 ans | Batterie garantie 8 ans,4,5,,Electrique,2 CV,68 CH,125 nm 0 tr/min,,Automatique,,Traction,3720 mm,1640 mm,1535 mm,,"7,5 s",127 KM/H,,,,Oui,Frontaux,,ESC,Oui,,TPMS,Oui,Radar de recul | Système de caméras 360,Oui,,,LED,Pare-chocs | Poignées de portes | Rétroviseurs,Feux de jour | Avant | Arrières,En aluminium | 15'' | Bi-ton,,Full LED,2 haut-parleurs | Commandes au volant,USB | Commande vocale | Mirrorlink,Tactile | 10.1 pouces,,,,,Tissu | Bi-ton,,,Oui,,Multi-fonctions,En hauteur,,Automatique,À distance,Oui,,,Électriques,Avant/Arrière,2026-02-08 17:31:48.525095,,HDC,,,,,,,Oui,,Autohold,,,,,,,,Éléctrique | EPB,,,,,,,,,,,,,Normal | Sport | Eco | i-Pedal,,,,31.2 kWh,300 km,"10,4 kWh/100 km",9 heures,30 minutes,,,,,,,,,,,,,,,LFP,,,,,,,,,,,,,,,,,,,,,,,,,,,,,,,,,,,,,,,,,,,,,
Avantier,Avantier Commuter,https://www.automobile.tn/fr/neuf/avantier/commuter,31 KWH NMC,https://www.automobile.tn/fr/neuf/avantier/commuter/31-kwh,45 000 DT,1 mois | En pré-commande,Citadine,5 ans | Batterie garantie 8 ans,4,5,,Electrique,2 CV,68 CH,125 nm 0 tr/min,,Automatique,,Traction,3720 mm,1640 mm,1535 mm,,"7,5 s",127 KM/H,,,,Oui,Frontaux,,ESC,Oui,,TPMS,Oui,Radar de recul | Système de caméras 360,Oui,,,LED,Pare-chocs | Poignées de portes | Rétroviseurs,Feux de jour | Avant | Arrières,En aluminium | 15'' | Bi-ton,,Full LED,2 haut-parleurs | Commandes au volant,USB | Commande vocale | Mirrorlink,Tactile | 10.1 pouces,,,,,Tissu | Bi-ton,,,Oui,,Multi-fonctions,En hauteur,,Automatique,À distance,Oui,,,Électriques,Avant/Arrière,2026-02-08 17:31:50.378184,,HDC,,,,,,,Oui,,Autohold,,,,,,,,Éléctrique | EPB,,,,,,,,,,,,,Normal | Sport | Eco | i-Pedal,,,,31.2 kWh,300 km,"10,4 kWh/100 km",9 heures,30 minutes,,,,,,,,,,,,,,,NMC,,,,,,,,,,,,,,,,,,,,,,,,,,,,,,,,,,,,,,,,,,,,,
Bako,Bako Bee,https://www.automobile.tn/fr/neuf/bako/bee,Wave,https://www.automobile.tn/fr/neuf/bako/bee/wave,16 980 DT,En pré-commande,Citadine,3 ans ou 60.000 km,3,2,,Electrique,1 CV,3 CH,95 nm 0 tr/min,,Automatique,1,Propulsion,2350 mm,1100 mm,1530 mm,,n.c. s,45 KM/H,,,,,,,,,,,,Caméra de recul,,,,,,Feux de jour | Avant | Arrières,"En aluminium | 12""",,LED,Oui,USB | Bluetooth,Tactile | 10 pouces,,,,,Tissu,,,,,,,Démarrage mains libres,En option (+ 3242 DT),À distance,,,,,,2026-02-08 17:31:54.007546,,,,,,,,,,,,,,,,,,,,,,,,,,,,,,,,,,1,,2 kWh,70 km,,6 heures,180 minutes,,,,,,,,,,,,,,,,,,,,,,,,,,,,,,,,,,,,,,,,,,,,,,,,,,,,,,,,,,,,
Bako,Bako Bee,https://www.automobile.tn/fr/neuf/bako/bee,Horizons,https://www.automobile.tn/fr/neuf/bako/bee/horizons,19 990 DT,En pré-commande,Citadine,3 ans ou 60.000 km,3,2,,Electrique,1 CV,3 CH,95 nm 0 tr/min,,Automatique,1,Propulsion,2350 mm,1100 mm,1530 mm,,n.c. s,45 KM/H,,,,,,,,,,,,Caméra de recul,,,,,,Feux de jour | Avant | Arrières,"En aluminium | 12""",,LED,Oui,USB | Bluetooth,Tactile | 10 pouces,,,,,Tissu,,,,,,,Démarrage mains libres,En option (+ 3242 DT),À distance,,,,,,2026-02-08 17:31:55.861978,,,,,,,,,,,,,,,,,,,,,,,,,,,,,,,,,,1,,2 kWh,120 km,,6 heures,180 minutes,,,,,,,,,,,,,,,,,,,,,,,,,,,,,,,,,,,,,,,,,,,,,,,,,,,,,,,,,,,,
Bako,Bako B-Van,https://www.automobile.tn/fr/neuf/bako/evan,Start,https://www.automobile.tn/fr/neuf/bako/evan/start,22 586 DT,En pré-commande,Utilitaire,3 ans ou 60.000 km,1,3,,Electrique,N.C,10 CH,110 nm 0 tr/min,,Automatique,1,Propulsion,2815 mm,1240 mm,1680 mm,,N.C,70 KM/H,,,,,,,,,,,,Caméra de recul,,,,,,Feux de jour | Avant | Arrières,"En aluminium | 12""",,LED,Oui,USB | Bluetooth,Tactile | 10 pouces,,,,,Tissu,,,,,,,,Manuelle,,,,,,,2026-02-08 17:31:58.438013,,,,GPS,,,,,,,,,,,,,,,,,,,,,,,,,,,,,,1,,12 kWh,100 km,,6 heures,180 minutes,,,,,,,,,,,,,600 KG,1.32 m³,,,,,,,,,,,,,,,,,,,,,,,,,,,,,,,,,,,,,,,,,,,,,,
Bako,Bako B-Van,https://www.automobile.tn/fr/neuf/bako/evan,Wave,https://www.automobile.tn/fr/neuf/bako/evan/wave,27 990 DT,En pré-commande,Utilitaire,3 ans ou 60.000 km,1,3,,Electrique,N.C,10 CH,110 nm 0 tr/min,,Automatique,1,Propulsion,2815 mm,1240 mm,1680 mm,,N.C,70 KM/H,,,,,,,,,,,,Caméra de recul,,,,,,Feux de jour | Avant | Arrières,"En aluminium | 12""",,LED,Oui,USB | Bluetooth,Tactile | 10 pouces,,,,,Tissu,,,,,,,,Manuelle,,,,,,,2026-02-08 17:32:00.241591,,,,GPS,,,,,,,,,,,,,,,,,,,,,,,,,,,,,,1,,18 kWh,200 km,,6 heures,180 minutes,,,,,,,,,,,,,600 KG,1.32 m³,,,,,,,,,,,,,,,,,,,,,,,,,,,,,,,,,,,,,,,,,,,,,,
Bako,Bako B-Van,https://www.automobile.tn/fr/neuf/bako/evan,Horizons,https://www.automobile.tn/fr/neuf/bako/evan/horizons,32 313 DT,En pré-commande,Utilitaire,3 ans ou 60.000 km,1,3,,Electrique,N.C,10 CH,110 nm 0 tr/min,,Automatique,1,Propulsion,2815 mm,1240 mm,1680 mm,,N.C,70 KM/H,,,,,,,,,,,,Caméra de recul,,,,,,Feux de jour | Avant | Arrières,"En aluminium | 12""",,LED,Oui,USB | Bluetooth,Tactile | 10 pouces,,,,,Tissu,,,,,,,,Manuelle,,,,,,,2026-02-08 17:32:02.124363,,,,GPS,,,,,,,,,,,,,,,,,,,,,,,,,,,,,,1,,23 kWh,250 km,,6 heures,180 minutes,,,,,,,,,,,,,600 KG,1.32 m³,,,,,,,,,,,,,,,,,,,,,,,,,,,,,,,,,,,,,,,,,,,,,,
Bmw,BMW Série 1,https://www.automobile.tn/fr/neuf/bmw/serie-1-5p,118 Business Line,https://www.automobile.tn/fr/neuf/bmw/serie-1-5p/118i-business-line,155 900 DT,Disponible,Compacte,5 ans (2+3),5,5,3,Essence,8 CV,156 CH,240 nm 1500 tr/min,1499 CM³,Automatique,7,Traction,4361 mm,1800 mm,1459 mm,300 L,8.4 s,226 KM/H,8.2 L/100 km,5.3 L/100 km,6.4 L/100 km,Oui,Frontaux | Latéraux | Rideaux,LDW,DSC,Oui,DBC,Oui,Oui,Radar de recul | Radar avant | Caméra de recul | Parkassist | Autoreverse,Oui,Oui,Avec fonction freinage,,Oui,Feux de jour | Avant | Arrières,En aluminium | 17'',,Full LED | Adaptatifs,6 haut-parleurs | Commandes au volant,USB-C | Android Auto | Apple Carplay | Bluetooth | Chargeur de téléphone sans fil,Tactile | 10.7 pouces,Avant,3,Inserts décoratifs Aluminium Graphite illuminés,,Tissu | Arktur anthrazit,Électriques | Fonction mémoire,Conducteur et passager,Velours,Calorifuges,Cuir | Multi-fonctions,En hauteur et en profondeur,Démarrage mains libres,Automatique | Bizone,À distance,Oui,Oui,Anti-éblouissement,Électriques | Rabattables | Avec clignotants intégrés,Avant/Arrière,2026-02-08 17:32:05.775977,,,,,,Accès mains libres,1135 L,,Oui,Triangle de présignalisation | Trousse de premiers secours,Oui,Oui,Alu satiné,Oui,,Oui,,Oui,Éléctrique,10.25 pouces | BMW Live Plus,Oui,,Métallisée +3000 DT,,,,,Aluminium satiné,,,,Normal | Sport | Eco,,,,,,,,,,,,,,,,,,,,,,,,FCW,Oui,Oui,,,,,,,,,,,,,,,,,,,,,,,,,,,,,,,,,,,,,,,,,,
Bmw,BMW Série 1,https://www.automobile.tn/fr/neuf/bmw/serie-1-5p,118 Lounge,https://www.automobile.tn/fr/neuf/bmw/serie-1-5p/118i-lounge,174 900 DT,Disponible,Compacte,5 ans (2+3),5,5,3,Essence,8 CV,156 CH,240 nm 1500 tr/min,1499 CM³,Automatique,7,Traction,4361 mm,1800 mm,1459 mm,300 L,8.4 s,226 KM/H,8.2 L/100 km,5.3 L/100 km,6.4 L/100 km,Oui,Frontaux | Latéraux | Rideaux,LDW,DSC,Oui,DBC,Oui,Oui,Radar de recul | Radar avant | Caméra de recul | Parkassist | Autoreverse,Oui,Oui,Avec fonction freinage,,Oui,Feux de jour | Avant | Arrières,En aluminium | 18'',,Full LED | Adaptatifs,6 haut-parleurs | Commandes au volant,USB-C | Android Auto | Apple Carplay | Bluetooth | Chargeur de téléphone sans fil,Tactile | 10.7 pouces,Avant,3,Inserts décoratifs Aluminium Graphite illuminés,,Mokka | Veganza perforé,Électriques | Fonction mémoire | Sport,Conducteur et passager,Velours,Calorifuges,Cuir | Multi-fonctions,En hauteur et en profondeur,Démarrage mains libres,Automatique | Bizone,À distance,Oui,Oui,Anti-éblouissement,Électriques | Rabattables | Avec clignotants intégrés,Avant/Arrière,2026-02-08 17:32:07.547111,,,,,Ouvrant | Panoramique,Accès mains libres,1135 L,,Oui,Triangle de présignalisation | Trousse de premiers secours,Oui,Oui,Alu satiné,Oui,,Oui,,Oui,Éléctrique,10.25 pouces | BMW Live Plus,Oui,,Métallisée +3000 DT,,,,Ouverture et fermeture motorisées,Aluminium satiné,,,,Normal | Sport | Eco,,,,,,,,,,,,,,,,,,,,,,,,FCW,Oui,Oui,,,,,,,,,,,,,,,,,,,,,,,,,,,,,,,,,,,,,,,,,,
Bmw,BMW Série 1,https://www.automobile.tn/fr/neuf/bmw/serie-1-5p,118 Pack M,https://www.automobile.tn/fr/neuf/bmw/serie-1-5p/118i-pack-m,187 900 DT,Disponible,Compacte,5 ans (2+3),5,5,3,Essence,8 CV,156 CH,240 nm 1500 tr/min,1499 CM³,Automatique,7,Traction,4361 mm,1800 mm,1459 mm,300 L,8.4 s,226 KM/H,8.2 L/100 km,5.3 L/100 km,6.4 L/100 km,Oui,Frontaux | Latéraux | Rideaux,LDW,DSC,Oui,DBC,Oui,Oui,Radar de recul | Radar avant | Caméra de recul | Parkassist | Autoreverse,Oui,Oui,Avec fonction freinage,,Oui,Feux de jour | Avant | Arrières,En aluminium | 18'',,Full LED | Adaptatifs,6 haut-parleurs | Commandes au volant,USB-C | Android Auto | Apple Carplay | Bluetooth | Chargeur de téléphone sans fil,Tactile | 10.7 pouces,Avant,3,Inserts décoratifs M Aluminium mat Hexacube illuminés,,Alcantara/Veganza Schwarz avec surpiqûres bleues,Électriques | Fonction mémoire | Sport,Conducteur et passager,Velours,Calorifuges,Cuir | Multi-fonctions | M | Sport | Avec palettes,En hauteur et en profondeur,Démarrage mains libres,Automatique | Bizone,À distance,Oui,Oui,Anti-éblouissement,Électriques | Rabattables | Avec clignotants intégrés,Avant/Arrière,2026-02-08 17:32:09.286021,,,,,Ouvrant | Panoramique,Accès mains libres,1135 L,,Oui,Triangle de présignalisation | Trousse de premiers secours,Oui,Oui,Shadow Line,Oui,Oui,Oui,,Oui,Éléctrique,10.25 pouces | BMW Live Plus,Oui,Pack Sport M,Métallisée,M anthracite,,,Ouverture et fermeture motorisées,Noire | Sport M,,,,Normal | Sport | Eco,,,,,,,,,,,,,Adaptative,,,,Sport M | Régulation adaptative,,,,,,,FCW,Oui,Oui,,,,,,,,,,,,,,,,,,,,,,,,,,,,,,,,,,,,,,,,,,
Bmw,BMW Série 1,https://www.automobile.tn/fr/neuf/bmw/serie-1-5p,118 Pack M Pro,https://www.automobile.tn/fr/neuf/bmw/serie-1-5p/118i-pack-m-pro,209 900 DT,Disponible,Compacte,5 ans (2+3),5,5,3,Essence,8 CV,156 CH,240 nm 1500 tr/min,1499 CM³,Automatique,7,Traction,4361 mm,1800 mm,1459 mm,300 L,8.4 s,226 KM/H,8.2 L/100 km,5.3 L/100 km,6.4 L/100 km,Oui,Frontaux | Latéraux | Rideaux,LDW,DSC,Oui,DBC,Oui,Oui,Radar de recul | Radar avant | Système de caméras 360 | Parkassist | Autoreverse,Oui,Oui,Avec fonction freinage,,Oui,Feux de jour | Avant | Arrières,En aluminium | 19'',,Full LED | Adaptatifs | Shadow Line M,12 haut-parleurs | Harman/Kardon | Commandes au volant,USB-C | Android Auto | Apple Carplay | Bluetooth | Chargeur de téléphone sans fil,Tactile | 10.7 pouces,Avant,3,Inserts décoratifs M Aluminium mat Hexacube illuminés,,Alcantara/Veganza Schwarz avec surpiqûres bleues,Électriques | Fonction mémoire | Sport,Conducteur et passager,Velours,Calorifuges,Cuir | Multi-fonctions | M | Sport | Avec palettes,En hauteur et en profondeur,Démarrage mains libres,Automatique | Bizone,À distance,Oui,Oui,Anti-éblouissement,Électriques | Rabattables | Avec clignotants intégrés,Avant/Arrière,2026-02-08 17:32:11.172021,,,,,Ouvrant | Panoramique,Accès mains libres,1135 L,,Oui,Triangle de présignalisation | Trousse de premiers secours,Oui,Oui,Shadow Line,Oui,Oui,Oui,,Oui,Éléctrique,Live Cockpit Professional | 10.25 pouces,Oui,Pack Sport M,Métallisée,M anthracite,,,Ouverture et fermeture motorisées,Noire | Sport M,,,,Normal | Sport | Eco,,,,,,,,,,,Oui,,Adaptative,,,,Sport M | Régulation adaptative,Étriers rouges | Sport M,,,,,,FCW,Oui,Oui,,,,,,,,,,,,,,,,,,,,,,,,,,,,,,,,,,,,,,,,,,
Bmw,BMW Série 2 Gran Coupé,https://www.automobile.tn/fr/neuf/bmw/serie-2-gran-coupe,218 Collection Edition Spéciale,https://www.automobile.tn/fr/neuf/bmw/serie-2-gran-coupe/218i-collection-edition-speciale,165 900 DT,Disponible,Berline,5 ans (2+3),5,4,3,Essence,8 CV,156 CH,230 nm 1500 tr/min,1499 CM³,Automatique,7,Traction,4546 mm,1800 mm,1445 mm,360 L,8.6 s,230 KM/H,8.1 L/100 km,5.2 L/100 km,6.3 L/100 km,Oui,Frontaux | Latéraux | Rideaux,LDW,DSC,Oui,DBC,Oui,Oui,Radar de recul | Radar avant | Caméra de recul | Parkassist | Autoreverse,Oui,Oui,Avec fonction freinage,,Oui,Feux de jour | Avant | Arrières,En aluminium | 17'',,Full LED | Adaptatifs,6 haut-parleurs | Commandes au volant,USB-C | Android Auto | Apple Carplay | Bluetooth | Chargeur de téléphone sans fil,Tactile | 10.7 pouces,Avant,3,Inserts décoratifs Aluminium Graphite illuminés,,Tissu | Arktur anthrazit,Électriques | Fonction mémoire,Conducteur et passager,Velours,Lunette et vitres arrières sur-teintées | Calorifuges,Cuir | Multi-fonctions,En hauteur et en profondeur,Démarrage mains libres,Automatique | Bizone,À distance,Oui,Oui,Anti-éblouissement,Électriques | Rabattables | Avec clignotants intégrés,Avant/Arrière,2026-02-08 17:32:13.891522,,,,,,Accès mains libres,,,Oui,Triangle de présignalisation | Trousse de premiers secours,Oui,Oui,Alu satiné,Oui,,Oui,,Oui,Éléctrique,10.25 pouces | BMW Live Plus,,,Métallisée +3000 DT,Anthracite,,,,,,,,Confort | Sport | Eco,,,,,,,,,,,,,,,,,,,,,,,,FCW,Oui,Oui,,,,,,,,,,,,,,,,,,,,,,,,,,,,,,,,,,,,,,,,,,
Bmw,BMW Série 2 Gran Coupé,https://www.automobile.tn/fr/neuf/bmw/serie-2-gran-coupe,218 Business Line,https://www.automobile.tn/fr/neuf/bmw/serie-2-gran-coupe/218i-business-line,181 900 DT,Disponible,Berline,5 ans (2+3),5,4,3,Essence,8 CV,156 CH,230 nm 1500 tr/min,1499 CM³,Automatique,7,Traction,4546 mm,1800 mm,1445 mm,360 L,8.6 s,230 KM/H,8.1 L/100 km,5.2 L/100 km,6.3 L/100 km,Oui,Frontaux | Latéraux | Rideaux,LDW,DSC,Oui,DBC,Oui,Oui,Radar de recul | Radar avant | Caméra de recul | Parkassist | Autoreverse,Oui,Oui,Avec fonction freinage,,Oui,Feux de jour | Avant | Arrières,En aluminium | 17'',,Full LED | Adaptatifs,6 haut-parleurs | Commandes au volant,USB-C | Android Auto | Apple Carplay | Bluetooth | Chargeur de téléphone sans fil,Tactile | 10.7 pouces,Avant,3,Inserts décoratifs Aluminium Graphite illuminés,,Tissu | Arktur anthrazit,Électriques | Fonction mémoire,Conducteur et passager,Velours,Lunette et vitres arrières sur-teintées | Calorifuges,Cuir | Multi-fonctions,En hauteur et en profondeur,Démarrage mains libres,Automatique | Bizone,À distance,Oui,Oui,Anti-éblouissement,Électriques | Rabattables | Avec clignotants intégrés,Avant/Arrière,2026-02-08 17:32:15.745637,,,,GPS,,Accès mains libres | Digital Key Card,,,Oui,Triangle de présignalisation | Trousse de premiers secours,Oui,Oui,Alu satiné,Oui,,Oui,,Oui,Éléctrique,10.25 pouces | BMW Live Plus,,,Métallisée +3000 DT,,,,,,,,,Confort | Sport | Eco,,,,,,,,,,,,,,,,,,,,,,,,FCW,Oui,Oui,Teleservices | Connected+,,,,,,,,,,,,,,,,,,,,,,,,,,,,,,,,,,,,,,,,,
Bmw,BMW Série 2 Gran Coupé,https://www.automobile.tn/fr/neuf/bmw/serie-2-gran-coupe,218 Lounge,https://www.automobile.tn/fr/neuf/bmw/serie-2-gran-coupe/218i-lounge,197 900 DT,Disponible,Berline,5 ans (2+3),5,4,3,Essence,8 CV,156 CH,230 nm 1500 tr/min,1499 CM³,Automatique,7,Traction,4546 mm,1800 mm,1445 mm,360 L,8.6 s,230 KM/H,8.1 L/100 km,5.2 L/100 km,6.3 L/100 km,Oui,Frontaux | Latéraux | Rideaux,LDW,DSC,Oui,DBC,Oui,Oui,Radar de recul | Radar avant | Caméra de recul | Parkassist | Autoreverse,Oui,Oui,Avec fonction freinage,,Oui,Feux de jour | Avant | Arrières,En aluminium | 18'' | Bi-ton,,Full LED | Adaptatifs,6 haut-parleurs | Commandes au volant,USB-C | Android Auto | Apple Carplay | Bluetooth | Chargeur de téléphone sans fil,Tactile | 10.7 pouces,Avant,3,Inserts décoratifs Aluminium Graphite illuminés,,Veganza perforé,Électriques | Fonction mémoire | Sport,Conducteur et passager,Velours,Lunette et vitres arrières sur-teintées | Calorifuges,Cuir | Multi-fonctions,En hauteur et en profondeur,Démarrage mains libres,Automatique | Bizone,À distance,Oui,Oui,Anti-éblouissement,Électriques | Rabattables | Avec clignotants intégrés,Avant/Arrière,2026-02-08 17:32:17.574859,,,,GPS,Ouvrant | Panoramique | En verre,Accès mains libres | Digital Key Card,,,Oui,Triangle de présignalisation | Trousse de premiers secours,Oui,Oui,Alu satiné,Oui,,Oui,,Oui,Éléctrique,10.25 pouces | BMW Live Plus,,,Métallisée +3000 DT,,,,,,,,,Confort | Sport | Eco,,,,,,,,,,,,,,,,,,,,,,,,FCW,Oui,Oui,Teleservices | Connected+,,,,,,,,,,,,,,,,,,,,,,,,,,,,,,,,,,,,,,,,,
Bmw,BMW Série 2 Gran Coupé,https://www.automobile.tn/fr/neuf/bmw/serie-2-gran-coupe,218 Pack M,https://www.automobile.tn/fr/neuf/bmw/serie-2-gran-coupe/218i-pack-m,203 900 DT,Disponible,Berline,5 ans (2+3),5,4,3,Essence,8 CV,156 CH,230 nm 1500 tr/min,1499 CM³,Automatique,7,Traction,4546 mm,1800 mm,1445 mm,360 L,8.6 s,230 KM/H,8.1 L/100 km,5.2 L/100 km,6.3 L/100 km,Oui,Frontaux | Latéraux | Rideaux,LDW,DSC,Oui,DBC,Oui,Oui,Radar de recul | Radar avant | Caméra de recul | Parkassist | Autoreverse,Oui,Oui,Avec fonction freinage,,Oui,Feux de jour | Avant | Arrières,En aluminium | 18'' | Bi-ton,,Full LED | Adaptatifs,6 haut-parleurs | Commandes au volant,USB-C | Android Auto | Apple Carplay | Bluetooth | Chargeur de téléphone sans fil,Tactile | 10.7 pouces,Avant,3,Inserts décoratifs M Aluminium mat Hexacube illuminés,,Alcantara/Veganza Schwarz avec surpiqûres bleues,Électriques | Fonction mémoire | Sport,Conducteur et passager,Velours,Lunette et vitres arrières sur-teintées | Calorifuges,Cuir | Multi-fonctions | M | Sport | Avec palettes,En hauteur et en profondeur,Démarrage mains libres,Automatique | Bizone,À distance,Oui,Oui,Anti-éblouissement,Électriques | Rabattables | Avec clignotants intégrés,Avant/Arrière,2026-02-08 17:32:19.445412,,,,GPS,Ouvrant | Panoramique | En verre,Accès mains libres | Digital Key Card,,,Oui,Triangle de présignalisation | Trousse de premiers secours,Oui,Oui,Noir Brillant | Shadow Line,Oui,Oui,Oui,,Oui,Éléctrique,10.25 pouces | BMW Live Plus,,Pack Sport M,Métallisée +3000 DT,M anthracite,,,,Noire | Sport M,,,,Confort | Sport | Eco,,,,,,,,,,,,,,,,,Sport M | Régulation adaptative,,,,,,,FCW,Oui,Oui,Teleservices | Connected+,,,,,,,,,,,,,,,,,,,,,,,,,,,,,,,,,,,,,,,,,
Bmw,BMW Série 2 Gran Coupé,https://www.automobile.tn/fr/neuf/bmw/serie-2-gran-coupe,218 Pack M Pro,https://www.automobile.tn/fr/neuf/bmw/serie-2-gran-coupe/218i-pack-m-pro,223 900 DT,Disponible,Berline,5 ans (2+3),5,4,3,Essence,8 CV,156 CH,230 nm 1500 tr/min,1499 CM³,Automatique,7,Traction,4546 mm,1800 mm,1445 mm,360 L,8.6 s,230 KM/H,8.1 L/100 km,5.2 L/100 km,6.3 L/100 km,Oui,Frontaux | Latéraux | Rideaux,LDW,DSC,Oui,DBC,Oui,Oui,Radar de recul | Radar avant | Système de caméras 360 | Autoreverse | Parkassit Plus,Oui,Oui,Avec fonction freinage,,Oui,Feux de jour | Avant | Arrières,En aluminium | 19'' | M,,Full LED | Adaptatifs | Shadow Line M,12 haut-parleurs | Harman/Kardon | Commandes au volant | Système HiFi,USB-C | Android Auto | Apple Carplay | Bluetooth | Chargeur de téléphone sans fil,Tactile | 10.7 pouces,Avant,3,Inserts décoratifs M Aluminium mat Hexacube illuminés,,Alcantara/Veganza Schwarz avec surpiqûres bleues,Électriques | Fonction mémoire | Avec Appuie-tête intégrés | Sport,Conducteur et passager,Velours,Lunette et vitres arrières sur-teintées | Calorifuges,Cuir | Multi-fonctions | M | Sport | Avec palettes,En hauteur et en profondeur,Démarrage mains libres,Automatique | Bizone,À distance,Oui,Oui,Anti-éblouissement,Électriques | Rabattables | Avec clignotants intégrés,Avant/Arrière,2026-02-08 17:32:21.324001,,,,GPS,Ouvrant | Panoramique | En verre,Accès mains libres | Digital Key Card,,,Oui,Triangle de présignalisation | Trousse de premiers secours,Oui,Oui,Noir Brillant | Shadow Line,Oui,Oui,Oui,,Oui,Éléctrique,Live Cockpit Professional | 10.25 pouces,,Pack Sport M,,M anthracite,,Acier inoxydable brossé,,Noire | Sport M,,,,Confort | Sport | Eco,Oui,,,,,,,,,,Oui,,,,,,Sport M | Régulation adaptative,Étriers rouges | Sport M,,,,,,FCW,Oui,Oui,Teleservices | Connected+,Oui,,,,,,,,,,,,,,,,,,,,,,,,,,,,,,,,,,,,,,,,
Bmw,BMW Série 3,https://www.automobile.tn/fr/neuf/bmw/serie-3,320i Business Line,https://www.automobile.tn/fr/neuf/bmw/serie-3/320i-business-line,207 900 DT,Disponible,Berline,5 ans (2+3),5,4,4,Essence,9 CV,170 CH,250 nm 1500 tr/min,1598 CM³,Automatique,8,Propulsion,4713 mm,1827 mm,1440 mm,480 L,8.1 s,230 KM/H,6.8 L/100 km,4.8 L/100 km,5.5 L/100 km,Oui,Frontaux | Latéraux | Rideaux,LDW,DSC,Oui,DBC,,Oui,Radar de recul | Radar avant | Caméra de recul | Parkassist | Park distance control,Oui,Oui,Avec fonction freinage,,Pare-chocs | Poignées de portes | Rétroviseurs,Feux de jour | Avant | Arrières,En aluminium | 17'',,Full LED,6 haut-parleurs | Commandes au volant,USB | USB-C | Android Auto | Apple Carplay | Bluetooth | Commande vocale | Chargeur de téléphone sans fil,Tactile | 14.9 pouces,Avant,3,Quarzsilber mat grainé | Dark Graphite mat,,Tissu,Électriques | Fonction mémoire,Conducteur et passager,Velours,Lunette et vitres arrières sur-teintées | Calorifuges,Cuir | Multi-fonctions | Sport,En hauteur et en profondeur,Démarrage mains libres,Automatique | 3 zones,À distance,Oui,Oui,Anti-éblouissement,Électriques | Rabattables | Dégivrants | Mémoire de position | Avec clignotants intégrés,Avant/Arrière,2026-02-08 17:32:23.991962,,,,GPS,,Accès mains libres,,,Oui,Triangle de présignalisation | Trousse de premiers secours,Oui,Oui,Alu satiné,Oui,,LED,,Oui,Éléctrique,12.3 pouces | BMW Live Plus | Widescreen,Oui,Business Line,Métallisée | +5000 DT,,Oui,,,Aluminium satiné,,,1 prise 12 V,Confort | Sport | Eco,,,,,,,,,,,,,,,,,,,EDLC,,,,,FCW,,,+5000 DT,,Oui,Oui,,,,,,,,,,,,,,,,,,,,,,,,,,,,,,,,,,,,,,
Bmw,BMW Série 3,https://www.automobile.tn/fr/neuf/bmw/serie-3,320i Lounge,https://www.automobile.tn/fr/neuf/bmw/serie-3/320i-24-lounge,225 900 DT,Disponible,Berline,5 ans (2+3),5,4,4,Essence,9 CV,170 CH,250 nm 1500 tr/min,1598 CM³,Automatique,8,Propulsion,4713 mm,1827 mm,1440 mm,480 L,8.1 s,230 KM/H,6.8 L/100 km,4.8 L/100 km,5.5 L/100 km,Oui,Frontaux | Latéraux | Rideaux,LDW,DSC,Oui,DBC,Oui,Oui,Radar de recul | Radar avant | Caméra de recul | Parkassist | Park distance control,Oui,Oui,Avec fonction freinage,,Pare-chocs | Poignées de portes | Rétroviseurs,Feux de jour | Avant | Arrières,En aluminium | 17'',,Full LED,6 haut-parleurs | Commandes au volant,USB | USB-C | Android Auto | Apple Carplay | Bluetooth | Commande vocale | Chargeur de téléphone sans fil,Tactile | 14.9 pouces,Avant,3,Quarzsilber mat grainé | Dark Graphite mat,,Sensatec perforé,Électriques | Fonction mémoire | Sport,Conducteur et passager,Velours,Lunette et vitres arrières sur-teintées | Calorifuges,Cuir | Multi-fonctions | Sport,En hauteur et en profondeur,Démarrage mains libres,Automatique | 3 zones,À distance,Oui,Oui,Anti-éblouissement,Électriques | Rabattables | Dégivrants | Mémoire de position | Avec clignotants intégrés,Avant/Arrière,2026-02-08 17:32:25.796445,,,,GPS,Ouvrant | En verre,Accès mains libres,,,Oui,Triangle de présignalisation | Trousse de premiers secours,Oui,Oui,Alu satiné,Oui,,LED,,Oui,Éléctrique,12.3 pouces | BMW Live Plus | Widescreen,Oui,,Métallisée | +5000 DT,,Oui,,Ouverture et fermeture motorisées,Aluminium satiné,,,1 prise 12 V,Confort | Sport | Eco,,,,,,,,,,,,,,,,,,,EDLC,,,,,FCW,Oui,,+5000 DT,,Oui,Oui,,,,,,,,,,,,,,,,,,,,,,,,,,,,,,,,,,,,,,
Bmw,BMW Série 3,https://www.automobile.tn/fr/neuf/bmw/serie-3,320i Pack M,https://www.automobile.tn/fr/neuf/bmw/serie-3/320i-pack-m,251 900 DT,Disponible,Berline,5 ans (2+3),5,4,4,Essence,9 CV,170 CH,250 nm 1500 tr/min,1598 CM³,Automatique,8,Propulsion,4713 mm,1827 mm,1440 mm,480 L,8.1 s,230 KM/H,6.8 L/100 km,4.8 L/100 km,5.5 L/100 km,Oui,Frontaux | Latéraux | Rideaux,LDW,DSC,Oui,DBC,Oui,Oui,Radar de recul | Radar avant | Caméra de recul | Parkassist | Park distance control,Sport variable,Oui,Avec fonction freinage,,Pare-chocs | Poignées de portes | Rétroviseurs,Feux de jour | Avant | Arrières,En aluminium | 18'',,Full LED | Adaptatifs,10 haut-parleurs | Commandes au volant | Système HiFi | Amplificateur numérique | 205 watts,USB | USB-C | Android Auto | Apple Carplay | Bluetooth | Commande vocale | Chargeur de téléphone sans fil,Tactile | 14.9 pouces,Avant,3,M Aluminium Rhombicle Anthrazit,,Sensatec perforé,Électriques | Fonction mémoire | Sport,Conducteur et passager,Velours,Lunette et vitres arrières sur-teintées | Calorifuges,Cuir | Multi-fonctions | M | Sport,En hauteur et en profondeur,Démarrage mains libres,Automatique | 3 zones,À distance,Oui,Oui,Anti-éblouissement,Électriques | Rabattables | Dégivrants | Mémoire de position | Avec clignotants intégrés,Avant/Arrière,2026-02-08 17:32:27.612914,,,,GPS,Ouvrant | En verre,Accès mains libres,,,Oui,Triangle de présignalisation | Trousse de premiers secours,Oui,Oui,Shadow Line,Oui,Oui,LED,,Oui,Éléctrique,12.3 pouces | Live Cockpit Professional | BMW Live Plus | Widescreen,Oui,Pack Sport M,Métallisée | +5000 DT,M anthracite,Oui,,Ouverture et fermeture motorisées,Noire,,,1 prise 12 V,Confort | Sport | Eco,,,,,,,,,,,,,,,,,Sport M,,EDLC,,,,,FCW,Oui,,+5000 DT,,Oui,Oui,Oui,,,,,,,,,,,,,,,,,,,,,,,,,,,,,,,,,,,,,
Bmw,BMW Série 3,https://www.automobile.tn/fr/neuf/bmw/serie-3,320i Pack M Pro,https://www.automobile.tn/fr/neuf/bmw/serie-3/320i-pack-m-pro,268 900 DT,Disponible,Berline,5 ans (2+3),5,4,4,Essence,9 CV,170 CH,250 nm 1500 tr/min,1598 CM³,Automatique,8,Propulsion,4713 mm,1827 mm,1440 mm,480 L,8.1 s,230 KM/H,6.8 L/100 km,4.8 L/100 km,5.5 L/100 km,Oui,Frontaux | Latéraux | Rideaux,LDW,DSC,Oui,DBC,Oui,Oui,Radar de recul | Radar avant | Système de caméras 360 | Parkassist | Park distance control,Sport variable,Oui,Avec fonction freinage,,Pare-chocs | Poignées de portes | Rétroviseurs,Feux de jour | Avant | Arrières,En aluminium | 19'',,Full LED | Adaptatifs,Harman/Kardon | Commandes au volant | 16 haut-parleurs | Amplificateur numérique | 464 watts,USB | USB-C | Android Auto | Apple Carplay | Bluetooth | Commande vocale | Chargeur de téléphone sans fil,Tactile | 14.9 pouces,Avant,3,M Aluminium Rhombicle Anthrazit,,Sensatec perforé,Électriques | Fonction mémoire | Sport,Conducteur et passager,Velours,Lunette et vitres arrières sur-teintées | Calorifuges,Cuir | Multi-fonctions | M | Sport,En hauteur et en profondeur,Démarrage mains libres,Automatique | 3 zones,À distance,Oui,Oui,Anti-éblouissement,Électriques | Rabattables | Dégivrants | Mémoire de position | Avec clignotants intégrés,Avant/Arrière,2026-02-08 17:32:29.372422,,,,GPS,Ouvrant | En verre,Accès mains libres,,,Oui,Triangle de présignalisation | Trousse de premiers secours,Oui,Oui,Shadow Line,Oui,Oui,LED,,Oui,Éléctrique,12.3 pouces | Live Cockpit Professional | BMW Live Plus | Widescreen,Oui,Pack Sport M,Métallisée | +5000 DT,M anthracite,Oui,,Ouverture et fermeture motorisées,Noire,,,1 prise 12 V,Confort | Sport | Eco,,,,,,,,,,,,,,,,,Sport M,Sport M,EDLC,,,,,FCW,Oui,,+5000 DT,,Oui,Oui,Oui,,,,,,,,,,,,,,,,,,,,,,,,,,,,,,,,,,,,,
Bmw,BMW Série 3 Hybride,https://www.automobile.tn/fr/neuf/bmw/serie-3-hybride/330e-pack-m-pro,BMW Série 3 Hybride,https://www.automobile.tn/fr/neuf/bmw/serie-3-hybride/330e-pack-m-pro,,Sur arrivage,Berline,5 ans (2+3) | Batterie garantie 6 ans,5,4,4,Essence | Hybride rechargeable,10 CV,292 CH,420 nm 1350 tr/min,1998 CM³,Automatique,8,Propulsion,4713 mm,1827 mm,1446 mm,375 L,5.9 s,230 KM/H,,,1.0 L/100 km,Oui,Frontaux | Latéraux | Rideaux,Oui,DSC,Oui,DBC,Oui,Oui,Radar de recul | Radar avant | Caméra de recul | Système de caméras 360 | Parkassit Plus,Sport variable,Oui,Avec fonction freinage,,Pare-chocs | Poignées de portes | Rétroviseurs,Feux de jour | Avant | Arrières,En aluminium | 19'',,Full LED | Adaptatifs | Shadow Line M,10 haut-parleurs | Commandes au volant | Système HiFi,USB | USB-C | Android Auto | Apple Carplay | Bluetooth | Commande vocale | Chargeur de téléphone sans fil,Tactile | 14.9 pouces,Avant,3,Inserts décoratifs M 'Carbon Fibre',,Sensatec perforé | Tacorarot,Électriques | Fonction mémoire | Sport,Conducteur et passager,Velours,Calorifuges,Cuir | Multi-fonctions | M | Sport | Avec palettes,En hauteur et en profondeur,Démarrage mains libres,Automatique | 3 zones,À distance,Oui,,Anti-éblouissement,Électriques | Rabattables | Dégivrants | Mémoire de position | Avec clignotants intégrés,Avant/Arrière,2026-02-08 17:32:31.983404,,,,GPS,Ouvrant | En verre,Accès mains libres | Digital Key Card,,,Oui,Triangle de présignalisation | Trousse de premiers secours,Oui,Oui,Noir Brillant | Shadow Line,Oui,Oui,LED,,Oui,Éléctrique,12.3 pouces | Live Cockpit Professional | Widescreen,Oui,Pack Sport M,Métallisée,M anthracite,Oui,,Ouverture et fermeture motorisées,Noire,,,1 prise 12 V,Confort | Sport | Eco,Oui,,,19.5 kWh,92 km,22.6 kWh/100 km,2.25 heures,,,Luxury,Oui,,,,,,Sport M,Étriers rouges,EDLC,,,,,FCW,Oui,,eSim | Teleservices | Connected+ Unlimited,,Oui,Oui,Oui,184 CH,109 CH,265 nm,,,,,,,,,,,,,,,,,,,,,,,,,,,,,,,,,,
Bmw,BMW Série 4 Gran Coupé,https://www.automobile.tn/fr/neuf/bmw/serie-4-gran-coupe,420i Business Line,https://www.automobile.tn/fr/neuf/bmw/serie-4-gran-coupe/420i-2025-business-line,279 900 DT,45 jours,Berline,5 ans (2+3),5,5,4,Essence,10 CV,184 CH,300 nm 1350 tr/min,1998 CM³,Automatique,8,Propulsion,4783 mm,1852 mm,1442 mm,470 L,7.9 s,235 KM/H,7.7 L/100 km,5.3 L/100 km,6.2 L/100 km,Oui,Frontaux | Latéraux | Rideaux,Oui,DSC,Oui,DBC |  Freinage automatique anti-collision (AEB),,Oui,Radar de recul | Radar avant | Caméra de recul | Parkassist | Autoreverse,Oui,,Avec fonction freinage,,Oui,Feux de jour | Avant | Arrières,En aluminium | 18'' | Bi-ton,,Full LED,10 haut-parleurs | Commandes au volant | Système HiFi,USB-C | Android Auto | Apple Carplay | Bluetooth | Commande vocale | Chargeur de téléphone sans fil,Tactile | 14.9 pouces,Avant,3,Dark Graphite mat,,Similicuir | Sensatec perforé,Électriques | Fonction mémoire,Conducteur et passager,Velours,Lunette et vitres arrières sur-teintées | Calorifuges,Cuir | Multi-fonctions | Sport,En hauteur et en profondeur,Démarrage mains libres,Automatique,À distance,Oui,Oui,Anti-éblouissement,Électriques | Rabattables | Avec clignotants intégrés,Avant/Arrière,2026-02-08 17:32:34.596400,,,,GPS,Ouvrant | Panoramique,Accès mains libres,1290 L,,Oui,Triangle de présignalisation | Trousse de premiers secours,Oui,Oui,Alu satiné,Oui,,Oui,Aluminium,Oui,Éléctrique,12.3 pouces | Live Cockpit Professional,Oui,,Métallisée,M anthracite,Oui,,Ouverture mains libres,,,,,Confort | Sport | Eco,,,,,,,,,,,Oui,,,,,,,,EDLC,,,,,FCW,Oui,,,,Oui,Oui,,,,,,,,,,,,,,,,,,,,,,,,,,,,,,,,,,,,,,
Bmw,BMW Série 4 Gran Coupé,https://www.automobile.tn/fr/neuf/bmw/serie-4-gran-coupe,420i Pack M,https://www.automobile.tn/fr/neuf/bmw/serie-4-gran-coupe/420i-2025-pack-m,329 900 DT,Disponible,Berline,5 ans (2+3),5,5,4,Essence,10 CV,184 CH,300 nm 1350 tr/min,1998 CM³,Automatique,8,Propulsion,4783 mm,1852 mm,1442 mm,470 L,7.9 s,235 KM/H,7.7 L/100 km,5.3 L/100 km,6.2 L/100 km,Oui,Frontaux | Latéraux | Rideaux,Oui,DSC,Oui,DBC |  Freinage automatique anti-collision (AEB),,Oui,Radar de recul | Radar avant | Système de caméras 360 | Autoreverse | Parkassit Plus,Sport variable,,Avec fonction freinage,,Oui,Feux de jour | Avant | Arrières,En aluminium | 19'' | M,,Full LED,10 haut-parleurs | Commandes au volant | Système HiFi,USB-C | Android Auto | Apple Carplay | Bluetooth | Commande vocale | Chargeur de téléphone sans fil,Tactile | 14.9 pouces,Avant,3,Inserts décoratifs M 'Carbon Fibre',,Similicuir | Sensatec perforé,Électriques | Réglage lombaire | Fonction mémoire,Conducteur et passager,Velours,Lunette et vitres arrières sur-teintées | Calorifuges,Cuir | Multi-fonctions | M | Sport | Avec palettes,En hauteur et en profondeur,Démarrage mains libres,Automatique,À distance,Oui,Oui,Anti-éblouissement,Électriques | Rabattables | Avec clignotants intégrés,Avant/Arrière,2026-02-08 17:32:36.419440,,,,GPS,Ouvrant | Panoramique,Accès mains libres,1290 L,Oui,Oui,Triangle de présignalisation | Trousse de premiers secours,Oui,Oui,Shadow Line,Oui,,Oui,Aluminium,Oui,Éléctrique,12.3 pouces | Live Cockpit Professional,Oui,Pack Sport M,Métallisée | +6000 DT,M anthracite,Oui,,Ouverture mains libres,Noire,,,,Confort | Sport | Eco,,,,,,,,,,Luxury,Oui,,,,,,Sport M,Sport M,EDLC,,,,,FCW,Oui,,eSim | Teleservices,,Oui,Oui,Oui,,,,,,,,,,,,,,,,,,,,,,,,,,,,,,,,,,,,,
Bmw,BMW Série 4 Coupé,https://www.automobile.tn/fr/neuf/bmw/serie-4-coupe/420i-pack-m-pro,BMW Série 4 Coupé,https://www.automobile.tn/fr/neuf/bmw/serie-4-coupe/420i-pack-m-pro,,Disponible,Coupé,5 ans (2+3),4,2,4,Essence,10 CV,184 CH,300 nm 1350 tr/min,1998 CM³,Automatique,8,Propulsion,4768 mm,1852 mm,1383 mm,440 L,7.5 s,240 KM/H,7.6 L/100 km,5.7 L/100 km,6.4 L/100 km,Oui,Frontaux | Latéraux | Rideaux,Oui,DSC,Oui,DBC |  Freinage automatique anti-collision (AEB),Oui,Oui,Radar de recul | Radar avant | Système de caméras 360 | Autoreverse | Parkassit Plus,Sport variable,,Avec fonction freinage,,Oui,Feux de jour | Avant | Arrières,En aluminium | 19'' | M,,Full LED | Adaptatifs | Shadow Line M,Harman/Kardon | Commandes au volant | 16 haut-parleurs,USB-C | Android Auto | Apple Carplay | Bluetooth | Commande vocale | Chargeur de téléphone sans fil,Tactile | 14.9 pouces,Avant,2,Inserts décoratifs M 'Carbon Fibre',,Cuir | Schwarz | Vernasca,Électriques | Chauffants | Réglage lombaire | Fonction mémoire | Avec Appuie-tête intégrés | Sport M,Conducteur et passager,Velours,Lunette et vitres arrières sur-teintées | Calorifuges,Cuir | Multi-fonctions | M | Sport | Avec palettes,En hauteur et en profondeur,Démarrage mains libres,Automatique | Bizone,À distance,Oui,Oui,Anti-éblouissement,Électriques | Rabattables | Avec clignotants intégrés | Éclairage d'accueil à LED,Avant,2026-02-08 17:32:39.188086,,,,,Ouvrant | En verre,Accès mains libres,,Oui,Oui,Triangle de présignalisation | Trousse de premiers secours,Oui,Oui,Noir Brillant | Shadow Line,Oui,Oui,Oui,Aluminium,Oui,Éléctrique,12.3 pouces | Live Cockpit Professional,Oui,Pack Sport M,Métallisée,M anthracite,Oui,,Ouverture mains libres,Noire,,,,Confort | Sport | Eco,,,,,,,,,,,Oui,,,,,,Sport M,Étriers rouges | Sport M,EDLC,,,,,FCW,Oui,,eSim | Teleservices,,Oui,Oui,Oui,,,,,,,,,,,,,,,,,,,,,,,,,,,,,,,,,,,,,
Bmw,BMW Série 5,https://www.automobile.tn/fr/neuf/bmw/serie-5,520i Lounge,https://www.automobile.tn/fr/neuf/bmw/serie-5/520i-2025-lounge,334 900 DT,Disponible,Berline,5 ans (2+3),5,4,4,Essence | Hybride léger,10 CV,190 CH,310 nm 1500 tr/min,1597 CM³,Automatique,8,Propulsion,5060 mm,1900 mm,1515 mm,520 L,7.9 s,230 KM/H,8.8 L/100 km,6.2 L/100 km,7.2 L/100 km,Oui,Frontaux | Latéraux | Rideaux,Oui,DSC,Oui,DBC,Oui,Oui,Radar de recul | Radar avant | Système de caméras 360 | Parkassist | Détection du trafic en marche arrière | Autoreverse,Oui,Oui,Avec fonction freinage,,Pare-chocs | Poignées de portes | Rétroviseurs,Feux de jour | Avant | Arrières,En aluminium | 18'',,Adaptatifs | LED,12 haut-parleurs | Harman/Kardon | Commandes au volant,USB-C | Android Auto | Apple Carplay | Bluetooth | Commande vocale | Chargeur de téléphone sans fil,Tactile | 14.9 pouces,Avant | Arrière,3,Chêne foncé à haute brillance | Inserts décoratifs Dark Silver,,Surpiqures  | Veganza perforé,Électriques | Réglage lombaire | Fonction mémoire,Conducteur et passager,Velours,Lunette et vitres arrières sur-teintées | Calorifuges,Cuir | Multi-fonctions | Avec palettes,En hauteur et en profondeur,Démarrage mains libres,Automatique | Bizone,À distance,Oui,Oui,Anti-éblouissement,Électriques | Rabattables | Avec clignotants intégrés,Avant/Arrière,2026-02-08 17:32:41.808474,,,,GPS,,Accès mains libres,,,Oui,Triangle de présignalisation | Trousse de premiers secours,Oui,Oui,Alu satiné,Oui,,Oui,Aluminium,Oui,Éléctrique,12.3 pouces | Live Cockpit Professional,Oui,,Métallisée,,,,Ouverture et fermeture motorisées,Chromée,,,,Confort | Sport | Eco,Oui,,,,,,,,,,,,,,,,,,,,,,,FCW,Oui,,eSim | Teleservices | Connected+,Oui,,Oui,,,11 CH,,,,,,,,,,,,,,,,,,,,,,,,,,,,,,,,,,,
Bmw,BMW Série 5,https://www.automobile.tn/fr/neuf/bmw/serie-5,520i Pack M,https://www.automobile.tn/fr/neuf/bmw/serie-5/520i-2025-pack-m,359 900 DT,Disponible,Berline,5 ans (2+3),5,4,4,Essence | Hybride léger,10 CV,190 CH,310 nm 1500 tr/min,1597 CM³,Automatique,8,Propulsion,5060 mm,1900 mm,1515 mm,520 L,7.9 s,230 KM/H,8.8 L/100 km,6.2 L/100 km,7.2 L/100 km,Oui,Frontaux | Latéraux | Rideaux,Oui,DSC,Oui,DBC,Oui,Oui,Radar de recul | Radar avant | Système de caméras 360 | Parkassist | Détection du trafic en marche arrière | Autoreverse,Oui,Oui,Avec fonction freinage,,Pare-chocs | Poignées de portes | Rétroviseurs,Feux de jour | Avant | Arrières,En aluminium | 19'',,Adaptatifs | LED,12 haut-parleurs | Harman/Kardon | Commandes au volant,USB-C | Android Auto | Apple Carplay | Bluetooth | Commande vocale | Chargeur de téléphone sans fil,Tactile | 14.9 pouces,Avant | Arrière,3,Chêne foncé à haute brillance | Inserts décoratifs Dark Silver,,Surpiqures  | Veganza perforé,Électriques | Réglage lombaire | Fonction mémoire,Conducteur et passager,Velours,Lunette et vitres arrières sur-teintées | Calorifuges,Cuir | Multi-fonctions | M | Sport | Avec palettes,En hauteur et en profondeur,Démarrage mains libres,Automatique | Bizone,À distance,Oui,Oui,Anti-éblouissement,Électriques | Rabattables | Avec clignotants intégrés,Avant/Arrière,2026-02-08 17:32:43.600784,,,,GPS,Panoramique | En verre,Accès mains libres,,,Oui,Triangle de présignalisation | Trousse de premiers secours,Oui,Oui,Alu satiné,Oui,,Oui,Aluminium,Oui,Éléctrique,12.3 pouces | Live Cockpit Professional,Oui,Pack Sport M,Métallisée,M anthracite,,Acier inoxydable brossé,Ouverture et fermeture motorisées,Chromée,,,,Confort | Sport | Eco,Oui,,,,,,,,,,,,Adaptative,,,,Sport M,,,,,,,FCW,Oui,,eSim | Teleservices | Connected+,Oui,,Oui,,,11 CH,,,,,,,,,,,,,,,,,,,,,,,,,,,,,,,,,,,
Bmw,BMW Série 5,https://www.automobile.tn/fr/neuf/bmw/serie-5,520i Pack M +,https://www.automobile.tn/fr/neuf/bmw/serie-5/520i-2025-pack-m-plus,384 900 DT,Disponible,Berline,5 ans (2+3),5,4,4,Essence | Hybride léger,10 CV,190 CH,310 nm 1500 tr/min,1597 CM³,Automatique,8,Propulsion,5060 mm,1900 mm,1515 mm,520 L,7.9 s,230 KM/H,8.8 L/100 km,6.2 L/100 km,7.2 L/100 km,Oui,Frontaux | Latéraux | Rideaux,Oui,DSC,Oui,DBC,Oui,Oui,Radar de recul | Radar avant | Système de caméras 360 | Parkassist | Détection du trafic en marche arrière | Autoreverse,Oui,Oui,Avec fonction freinage,,Pare-chocs | Poignées de portes | Rétroviseurs,Feux de jour | Avant | Arrières,En aluminium | 20'',,Adaptatifs | LED,12 haut-parleurs | Harman/Kardon | Commandes au volant,USB-C | Android Auto | Apple Carplay | Bluetooth | Commande vocale | Chargeur de téléphone sans fil,Tactile | 14.9 pouces,Avant | Arrière,3,Chêne foncé à haute brillance | CraftedClarity | Inserts décoratifs Dark Silver,,Surpiqures  | Veganza perforé,Électriques | Ventilés | Réglage lombaire | Fonction mémoire | Confort,Conducteur et passager,Velours,Lunette et vitres arrières sur-teintées | Calorifuges,Cuir | Multi-fonctions | M | Sport | Avec palettes,En hauteur et en profondeur,Démarrage mains libres,Automatique | Bizone,À distance,Oui,Oui,Anti-éblouissement,Électriques | Rabattables | Avec clignotants intégrés,Avant/Arrière,2026-02-08 17:32:45.396287,,,,GPS,Panoramique | En verre,Accès mains libres,,,Oui,Triangle de présignalisation | Trousse de premiers secours,Oui,Oui,Alu satiné,Oui,,Oui,Aluminium,Oui,Éléctrique,12.3 pouces | Live Cockpit Professional,Oui,Pack Sport M,Métallisée,M anthracite,,Acier inoxydable brossé,Ouverture et fermeture motorisées,Chromée | BMW Iconic Glow,,,,Confort | Sport | Eco,Oui,,,,,,,,,,,,Adaptative,,,,Sport M,,,,,,,FCW,Oui,,eSim | Teleservices | Connected+,Oui,,Oui,,,11 CH,,,,,,,,,,,,,,,,,,,,,,,,,,,,,,,,,,,
Bmw,BMW Série 5 Hybride,https://www.automobile.tn/fr/neuf/bmw/serie-5-hybride,530e Lounge,https://www.automobile.tn/fr/neuf/bmw/serie-5-hybride/530e-lounge,254 900 DT,Sur arrivage,Berline,5 ans (2+3),5,4,4,Essence | Hybride rechargeable,10 CV,299 CH,450 nm 1500 tr/min,1998 CM³,Automatique,8,Propulsion,5060 mm,1900 mm,1515 mm,520 L,6.4 s,230 KM/H,,,2.6 L/100 km,Oui,Frontaux | Latéraux | Rideaux,Oui,DSC,Oui,Freinage automatique anti-collision (AEB),Oui,Oui,Radar de recul | Radar avant | Système de caméras 360 | Détection du trafic en marche arrière | Autoreverse | Parkassit Plus,Oui,Oui,Avec fonction freinage | Driving Assistant,,Pare-chocs | Poignées de portes | Rétroviseurs,Feux de jour | Avant | Arrières,En aluminium | 19'' | Bi-ton,,Full LED,12 haut-parleurs | Harman/Kardon | Commandes au volant,USB-C | Android Auto | Apple Carplay | Bluetooth | Commande vocale | Chargeur de téléphone sans fil,Tactile | 14.9 pouces,Avant | Arrière,3,Chêne foncé à haute brillance | Inserts décoratifs Dark Silver,,Surpiqures  | Veganza perforé,Électriques | Réglage lombaire | Fonction mémoire,Conducteur et passager,Velours,Lunette et vitres arrières sur-teintées | Athermiques,Cuir | Multi-fonctions | Avec palettes,En hauteur et en profondeur,Démarrage mains libres,Automatique | Bizone,À distance,Oui,Oui,Anti-éblouissement,Électriques | Rabattables | Avec clignotants intégrés,Avant/Arrière,2026-02-08 17:32:48.003120,,,,GPS,,Accès mains libres | Digital Key Card,,,Oui,Triangle de présignalisation | Trousse de premiers secours,Oui,Oui,Alu satiné,Oui,,Oui,Aluminium,Oui,Éléctrique,12.3 pouces | Live Cockpit Professional,Oui,,Métallisée,,,,Ouverture et fermeture motorisées | Ouverture à distance,Chromée,,,,Sport | Relax | Expressive | Personal | Efficient,Oui,,,19.4 kWh,98 km,21.5 kWh/100 km,2.25 heures,,,,Oui,,,,,,,,,,,,,FCW,Oui,Oui,eSim | Teleservices | Connected+ Unlimited,Oui,,Oui,,190 CH,184 CH,250 nm,,,,,,,,,,,,,,,,,,,,,,,,,,,,,,,,,,
Bmw,BMW Série 5 Hybride,https://www.automobile.tn/fr/neuf/bmw/serie-5-hybride,530e Pack M,https://www.automobile.tn/fr/neuf/bmw/serie-5-hybride/530e-pack-m,264 900 DT,Sur arrivage,Berline,5 ans (2+3),5,4,4,Essence | Hybride rechargeable,10 CV,299 CH,450 nm 1500 tr/min,1998 CM³,Automatique,8,Propulsion,5060 mm,1900 mm,1515 mm,520 L,6.4 s,230 KM/H,,,2.6 L/100 km,Oui,Frontaux | Latéraux | Rideaux,Oui,DSC,Oui,Freinage automatique anti-collision (AEB),Oui,Oui,Radar de recul | Radar avant | Système de caméras 360 | Détection du trafic en marche arrière | Autoreverse | Parkassit Plus,Oui,Oui,Avec fonction freinage | Driving Assistant,,Pare-chocs | Poignées de portes | Rétroviseurs,Feux de jour | Avant | Arrières,En aluminium | 19'' | Bi-ton | M,,Full LED,12 haut-parleurs | Harman/Kardon | Commandes au volant,USB-C | Android Auto | Apple Carplay | Bluetooth | Commande vocale | Chargeur de téléphone sans fil,Tactile | 14.9 pouces,Avant | Arrière,3,Chêne foncé à haute brillance | CraftedClarity | Inserts décoratifs Dark Silver,,Surpiqures  | Veganza perforé,Électriques | Réglage lombaire | Fonction mémoire,Conducteur et passager,Velours,Lunette et vitres arrières sur-teintées | Athermiques,Cuir | Multi-fonctions | M | Sport | Avec palettes,En hauteur et en profondeur,Démarrage mains libres,Automatique | 4 zones,À distance,Oui,Oui,Anti-éblouissement,Électriques | Rabattables | Avec clignotants intégrés,Avant/Arrière,2026-02-08 17:32:49.885602,,,,GPS,Panoramique | En verre,Accès mains libres | Digital Key Card,,,Oui,Triangle de présignalisation | Trousse de premiers secours,Oui,Oui,Alu satiné,Oui,,Oui,Aluminium,Oui,Éléctrique,12.3 pouces | Live Cockpit Professional,Oui,Pack Sport M,Métallisée,M anthracite,,Acier inoxydable brossé,Ouverture et fermeture motorisées | Ouverture à distance,Chromée,,,,Sport | Relax | Expressive | Personal | Efficient,Oui,,,19.4 kWh,98 km,21.5 kWh/100 km,2.25 heures,,,,Oui,,Adaptative,,,,Sport M,,,,,,,FCW,Oui,Oui,eSim | Teleservices | Connected+ Unlimited,Oui,,Oui,,190 CH,184 CH,250 nm,,,,,,,,,,,,,,,,,,,,,,,,,,,,,,,,,,
Bmw,BMW Série 5 Hybride,https://www.automobile.tn/fr/neuf/bmw/serie-5-hybride,530e Pack M +,https://www.automobile.tn/fr/neuf/bmw/serie-5-hybride/530e-pack-m-pro,279 900 DT,Sur arrivage,Berline,5 ans (2+3),5,4,4,Essence | Hybride rechargeable,10 CV,299 CH,450 nm 1500 tr/min,1998 CM³,Automatique,8,Propulsion,5060 mm,1900 mm,1515 mm,520 L,6.4 s,230 KM/H,,,2.6 L/100 km,Oui,Frontaux | Latéraux | Rideaux,Oui,DSC,Oui,Freinage automatique anti-collision (AEB),Oui,Oui,Radar de recul | Radar avant | Système de caméras 360 | Détection du trafic en marche arrière | Autoreverse | Parkassit Plus,Oui,Oui,Avec fonction freinage | Driving Assistant,,Pare-chocs | Poignées de portes | Rétroviseurs,Feux de jour | Avant | Arrières,En aluminium | 20'' | Bi-ton | M,,Adaptatifs | LED,12 haut-parleurs | Harman/Kardon | Commandes au volant,USB-C | Android Auto | Apple Carplay | Bluetooth | Commande vocale | Chargeur de téléphone sans fil,Tactile | 14.9 pouces,Avant | Arrière,3,Chêne foncé à haute brillance | CraftedClarity | Inserts décoratifs Dark Silver,,Surpiqures  | Veganza perforé,Électriques | Ventilés | Réglage lombaire | Fonction mémoire | Confort,Conducteur et passager,Velours,Lunette et vitres arrières sur-teintées | Athermiques,Cuir | Multi-fonctions | M | Sport | Avec palettes,En hauteur et en profondeur,Démarrage mains libres,Automatique | 4 zones,À distance,Oui,Oui,Anti-éblouissement,Électriques | Rabattables | Avec clignotants intégrés,Avant/Arrière,2026-02-08 17:32:51.710754,,,,GPS,Panoramique | En verre,Accès mains libres | Digital Key Card,,,Oui,Triangle de présignalisation | Trousse de premiers secours,Oui,Oui,Alu satiné,Oui,,Oui,Aluminium,Oui,Éléctrique,12.3 pouces | Live Cockpit Professional,Oui,Pack Sport M,Métallisée,M anthracite,,Acier inoxydable brossé,Ouverture et fermeture motorisées | Ouverture à distance,BMW Iconic Glow,,,,Sport | Relax | Expressive | Personal | Efficient,Oui,,,19.4 kWh,98 km,21.5 kWh/100 km,2.25 heures,,,,Oui,,Adaptative,,,,Sport M,,,,,,,FCW,Oui,Oui,eSim | Teleservices | Connected+ Unlimited,Oui,,Oui,,190 CH,184 CH,250 nm,,,,,,,,,,,,,,,,,,,,,,,,,,,,,,,,,,
Bmw,BMW X1,https://www.automobile.tn/fr/neuf/bmw/x1,"18i sDrive Collection ""Edition Spéciale""",https://www.automobile.tn/fr/neuf/bmw/x1/18i-sdrive-collection-edition-speciale,169 900 DT,Disponible,SUV,5 ans (2+3),5,5,3,Essence,9 CV,156 CH,240 nm 1500 tr/min,1499 CM³,Automatique,7,Traction,4500 mm,1845 mm,1642 mm,540 L,8.1 s,221 KM/H,7.1 L/100 km,5.2 L/100 km,5.9 L/100 km,Oui,Frontaux | Latéraux | Rideaux,Oui,TCS | DSC,Oui,,,Oui,Radar de recul | Radar avant | Caméra de recul | Parkassist,Oui,,Oui,,,Feux de jour | Avant | Arrières,En aluminium | 17'',,Adaptatifs | LED,Commandes au volant,Android Auto | Apple Carplay | Bluetooth | Chargeur de téléphone sans fil,Tactile | 10.7 pouces | Curved Display,Avant,3,Noir brillant,,Tissu | Arktur anthrazit,,Conducteur et passager,Velours,Lunette et vitres arrières sur-teintées | Calorifuges,Cuir | Multi-fonctions,En hauteur et en profondeur,,Automatique,À distance,Oui,Oui,Anti-éblouissement,Électriques | Rabattables | Dégivrants,Avant/Arrière,2026-02-08 17:32:54.335343,,,,,,Accès mains libres,1545 L,,Oui,Triangle de présignalisation,Autohold,Oui,Noir Brillant,Oui,,Oui,,Oui,Éléctrique,10.25 pouces | BMW Live Plus,Oui,,Métallisée | +5000 DT,,Oui,,Ouverture et fermeture motorisées,,,,,Sport | Personal | Efficient,,,,,,,,,,,,,,,,Alu satiné,,,,,,,,FCW,Oui,Oui,,,,,,,,,,,,,,,,,,,,,,,,,,,,,,,,,,,,,,,,,,
Bmw,BMW X1,https://www.automobile.tn/fr/neuf/bmw/x1,18i sDrive Lounge,https://www.automobile.tn/fr/neuf/bmw/x1/18i-sdrive-premiere,199 900 DT,Disponible,SUV,5 ans (2+3),5,5,3,Essence,9 CV,156 CH,240 nm 1500 tr/min,1499 CM³,Automatique,7,Traction,4500 mm,1845 mm,1642 mm,540 L,8.1 s,221 KM/H,7.1 L/100 km,5.2 L/100 km,5.9 L/100 km,Oui,Frontaux | Latéraux | Rideaux,Oui,TCS | DSC,Oui,AFU | Système anti-collision avec détection des piétons,Oui,Oui,Radar de recul | Radar avant | Caméra de recul | Parkassist | Autoreverse,Oui,,Oui,,,Feux de jour | Avant | Arrières,En aluminium | 17'',,Adaptatifs | LED,Commandes au volant,Android Auto | Apple Carplay | Bluetooth | Chargeur de téléphone sans fil,Tactile | 10.7 pouces | Curved Display,Avant,3,Noir brillant,,Tissu | Arktur anthrazit,,Conducteur et passager,Velours,Lunette et vitres arrières sur-teintées | Calorifuges,Cuir | Multi-fonctions,En hauteur et en profondeur,,Automatique,À distance,Oui,Oui,Anti-éblouissement,Électriques | Rabattables | Dégivrants,Avant/Arrière,2026-02-08 17:32:56.117708,,,,GPS,,Accès mains libres | Digital Key Card,1545 L,,Oui,Triangle de présignalisation,Autohold,Oui,Noir Brillant,Oui,,Oui,,Oui,Éléctrique,10.25 pouces | BMW Live Plus,Oui,,Métallisée | +5000 DT,,Oui,,Ouverture et fermeture motorisées,,,,,Sport | Personal | Efficient,,,,,,,,,,,,,,,,Alu satiné,,,,,,,,FCW,Oui,Oui,eSim | Teleservices | Connected+,,,,,,,,Oui,,,,,,,,,,,,,,,,,,,,,,,,,,,,,,,,,
Bmw,BMW X1,https://www.automobile.tn/fr/neuf/bmw/x1,18i sDrive xLine,https://www.automobile.tn/fr/neuf/bmw/x1/18i-sdrive-x-line,224 900 DT,Disponible,SUV,5 ans (2+3),5,5,3,Essence,9 CV,156 CH,240 nm 1500 tr/min,1499 CM³,Automatique,7,Traction,4500 mm,1845 mm,1642 mm,540 L,8.1 s,221 KM/H,7.1 L/100 km,5.2 L/100 km,5.9 L/100 km,Oui,Frontaux | Latéraux | Rideaux,Oui,TCS,Oui,AFU | Système anti-collision avec détection des piétons,,Oui,Radar de recul | Radar avant | Caméra de recul | Parkassist | Autoreverse,Oui,,Oui,,,Feux de jour | Avant | Arrières,En aluminium | 18'',,Adaptatifs | LED,Commandes au volant,Android Auto | Apple Carplay | Bluetooth | Chargeur de téléphone sans fil,Tactile | 10.7 pouces | Curved Display,Avant,3,Noir brillant,,Veganza perforé,Conducteur à réglage électrique | Fonction mémoire | Sport,Conducteur et passager,Velours,Lunette et vitres arrières sur-teintées | Calorifuges,Cuir | Multi-fonctions,En hauteur et en profondeur,,Automatique,À distance,Oui,Oui,Anti-éblouissement,Électriques | Rabattables,Avant/Arrière,2026-02-08 17:32:57.968082,,,,GPS,Ouvrant | Panoramique,Accès mains libres | Digital Key Card,1545 L,,Oui,Triangle de présignalisation,Autohold,Oui,Alu satiné,Oui,,Oui,,Oui,Éléctrique,10.25 pouces | BMW Live Plus,Oui,X-line,Métallisée | +5000 DT,,Oui,,Ouverture et fermeture motorisées,,,,,Sport | Personal | Efficient,,,,,,,,,,Luxury,,,,,,Alu satiné,,,,,,,,FCW,Oui,Oui,eSim | Teleservices | Connected+,,,,,,,,Oui,,,,,,,,,,,,,,,,,,,,,,,,,,,,,,,,,
Bmw,BMW X1,https://www.automobile.tn/fr/neuf/bmw/x1,18i sDrive Pack Sport M,https://www.automobile.tn/fr/neuf/bmw/x1/18i-sdrive-pack-sport-m,229 900 DT,Disponible,SUV,5 ans (2+3),5,5,3,Essence,9 CV,156 CH,240 nm 1500 tr/min,1499 CM³,Automatique,7,Traction,4500 mm,1845 mm,1642 mm,540 L,8.1 s,221 KM/H,7.1 L/100 km,5.2 L/100 km,5.9 L/100 km,Oui,Frontaux | Latéraux | Rideaux,Oui,TCS,Oui,AFU | Système anti-collision avec détection des piétons,,Oui,Radar de recul | Radar avant | Caméra de recul | Parkassist | Autoreverse,Oui,,Oui,,,Feux de jour | Avant | Arrières,En aluminium | 18'',,Adaptatifs | LED,Commandes au volant,Android Auto | Apple Carplay | Bluetooth | Chargeur de téléphone sans fil,Tactile | 10.7 pouces | Curved Display,Avant,3,Noir brillant,,Alcantara/Veganza Schwarz avec surpiqûres bleues,Conducteur à réglage électrique | Fonction mémoire | Sport,Conducteur et passager,Velours,Lunette et vitres arrières sur-teintées | Calorifuges,Cuir | Multi-fonctions | M,En hauteur et en profondeur,,Automatique,À distance,Oui,Oui,Anti-éblouissement,Électriques | Rabattables,Avant/Arrière,2026-02-08 17:32:59.743945,,,,GPS,Ouvrant | Panoramique,Accès mains libres | Digital Key Card,1545 L,,Oui,Triangle de présignalisation,Autohold,Oui,Shadow Line,Oui,,Oui,,Oui,Éléctrique,10.25 pouces | BMW Live Plus,Oui,Pack Sport M,Métallisée | +5000 DT,BMW Individual anthracite,Oui,,Ouverture et fermeture motorisées,Noire | Sport M,,,,Sport | Relax | Expressive | Personal | Efficient,,,,,,,,,,Luxury,,,SelectDrive M,,,BMW Individual Shadow Line,,,,,,,,FCW,Oui,Oui,eSim | Teleservices | Connected+,,,,,,,,Oui,,,,,,,,,,,,,,,,,,,,,,,,,,,,,,,,,
Bmw,BMW X1 Hybride,https://www.automobile.tn/fr/neuf/bmw/x1-hybride,xDrive 25e Lounge,https://www.automobile.tn/fr/neuf/bmw/x1-hybride/xdrive-25e-lounge,179 900 DT,Sur arrivage,SUV,5 ans (2+3) | Batterie garantie 6 ans,5,5,3,Essence | Hybride rechargeable,8 CV,245 CH,477 nm 1500 tr/min,1499 CM³,Automatique,7,Intégrale,4500 mm,1845 mm,1642 mm,540 L,6.8 s,190 KM/H,,,2.8 L/100 km,Oui,Frontaux | Latéraux | Rideaux,Oui,TCS,Oui,AFU,Oui,Oui,Radar de recul | Radar avant | Caméra de recul | Parkassist | Autoreverse,Oui,Oui,Avec fonction freinage,,,Feux de jour | Avant | Arrières,En aluminium | 17'',,Adaptatifs | LED,Commandes au volant,Android Auto | Apple Carplay | Bluetooth | Chargeur de téléphone sans fil,Tactile | 10.7 pouces | Curved Display,Avant,3,Noir brillant,,Veganza perforé,Électriques | Fonction mémoire | Sport,Conducteur et passager,Oui,Lunette et vitres arrières sur-teintées | Athermiques,Cuir | Multi-fonctions,En hauteur et en profondeur,Démarrage mains libres,Automatique | Bizone,À distance,Oui,,Anti-éblouissement,Électriques | Rabattables,Avant/Arrière,2026-02-08 17:33:02.335353,,,,GPS,,Accès mains libres,1495 L,,Oui,Triangle de présignalisation | Trousse de premiers secours,Oui,Oui,Noires,Oui,,Oui,,Oui,Éléctrique,10.25 pouces | BMW Live Plus,Oui,,Métallisée,,Oui,,Ouverture et fermeture motorisées,,,,,Sport | Relax | Expressive | Personal | Efficient,,,,16.3 kWh,85 km,13.8 kWh/100 km,2.5 heures,,,,,,,,,Alu satiné,,,,,,,,FCW,Oui,Oui,,,,,,136 CH,109 CH,,,,,,,,,,,,,,,,,,,,,,,,,,,,,,,,,,,
Bmw,BMW X1 Hybride,https://www.automobile.tn/fr/neuf/bmw/x1-hybride,xDrive 25e xLine,https://www.automobile.tn/fr/neuf/bmw/x1-hybride/xdrive-25e-x-line,189 900 DT,Sur arrivage,SUV,5 ans (2+3) | Batterie garantie 6 ans,5,5,3,Essence | Hybride rechargeable,8 CV,245 CH,477 nm 1500 tr/min,1499 CM³,Automatique,7,Intégrale,4500 mm,1845 mm,1642 mm,540 L,6.8 s,190 KM/H,,,2.8 L/100 km,Oui,Frontaux | Latéraux | Rideaux,Oui,TCS,Oui,AFU,Oui,Oui,Radar de recul | Radar avant | Caméra de recul | Parkassist | Autoreverse,Oui,Oui,Avec fonction freinage,,,Feux de jour | Avant | Arrières,En aluminium | 18'' | Bi-ton,,Adaptatifs | LED,Commandes au volant,Android Auto | Apple Carplay | Bluetooth | Chargeur de téléphone sans fil,Tactile | 10.7 pouces | Curved Display,Avant,3,Noir brillant,,Veganza perforé,Électriques | Fonction mémoire | Sport,Conducteur et passager,Oui,Lunette et vitres arrières sur-teintées | Calorifuges,Cuir | Multi-fonctions,En hauteur et en profondeur,Démarrage mains libres,Automatique | Bizone,À distance,Oui,,Anti-éblouissement,Électriques | Rabattables,Avant/Arrière,2026-02-08 17:33:04.324592,,,,GPS,Ouvrant | Panoramique | En verre,Accès mains libres | Digital Key Card,1495 L,,Oui,Triangle de présignalisation | Trousse de premiers secours,Oui,Oui,Alu satiné,Oui,,Oui,,Oui,Éléctrique,10.25 pouces | BMW Live Plus,Oui,X-line,Métallisée,,Oui,,Ouverture et fermeture motorisées,,,,,Sport | Relax | Expressive | Personal | Efficient,,,,16.3 kWh,85 km,13.8 kWh/100 km,2.5 heures,,,Luxury,,,,,,Alu satiné,,,,,,,,FCW,Oui,Oui,Teleservices | Connected+,,,,,136 CH,109 CH,,,,,,,,,,,,,,,,,,,,,,,,,,,,,,,,,,,
Bmw,BMW X1 Hybride,https://www.automobile.tn/fr/neuf/bmw/x1-hybride,xDrive 25e Pack M,https://www.automobile.tn/fr/neuf/bmw/x1-hybride/xdrive-25e-pack-m,194 900 DT,Sur arrivage,SUV,5 ans (2+3) | Batterie garantie 6 ans,5,5,3,Essence | Hybride rechargeable,8 CV,245 CH,477 nm 1500 tr/min,1499 CM³,Automatique,7,Intégrale,4500 mm,1845 mm,1642 mm,540 L,6.8 s,190 KM/H,,,2.8 L/100 km,Oui,Frontaux | Latéraux | Rideaux,Oui,TCS,Oui,AFU,Oui,Oui,Radar de recul | Radar avant | Caméra de recul | Parkassist | Autoreverse,Oui,Oui,Avec fonction freinage,,,Feux de jour | Avant | Arrières,En aluminium | 18'' | Bi-ton,,Adaptatifs | LED,Commandes au volant,Android Auto | Apple Carplay | Bluetooth | Chargeur de téléphone sans fil,Tactile | 10.7 pouces | Curved Display,Avant,3,Noir brillant,,Alcantara/Veganza,Électriques | Fonction mémoire | Sport,Conducteur et passager,Velours,Lunette et vitres arrières sur-teintées | Calorifuges,Cuir | Multi-fonctions | M | Avec palettes,En hauteur et en profondeur,Démarrage mains libres,Automatique | Bizone,À distance,Oui,,Anti-éblouissement,Électriques | Rabattables,Avant/Arrière,2026-02-08 17:33:06.317102,,,,GPS,Ouvrant | Panoramique | En verre,Accès mains libres | Digital Key Card,1495 L,,Oui,Triangle de présignalisation | Trousse de premiers secours,Oui,Oui,Noir Brillant,Oui,,Oui,,Oui,Éléctrique,10.25 pouces | BMW Live Plus,Oui,Pack Sport M,Métallisée,M anthracite,Oui,,Ouverture et fermeture motorisées,,,,,Sport | Relax | Expressive | Personal | Efficient,,,,16.3 kWh,85 km,13.8 kWh/100 km,2.5 heures,,,Luxury,,,Adaptative,,,M Shadow Line à haute brillance,,,,,,,,FCW,Oui,Oui,Teleservices | Connected+,,,,,136 CH,109 CH,,,,,,,,,,,,,,,,,,,,,,,,,,,,,,,,,,,
Bmw,BMW X2,https://www.automobile.tn/fr/neuf/bmw/x2,18i sDrive  Collection,https://www.automobile.tn/fr/neuf/bmw/x2/18i-sdrive-collection,179 900 DT,Disponible,SUV,5 ans (2+3),5,5,3,Essence,8 CV,156 CH,240 nm 1500 tr/min,1499 CM³,Automatique,7,Traction,4554 mm,1845 mm,1590 mm,560 L,8.3 s,213 KM/H,8.4 L/100 km,5.8 L/100 km,6.7 L/100 km,Oui,Frontaux | Latéraux | Rideaux,Oui,ESP | DSC,Oui,Système anti-collision avec détection des piétons,,Oui,Radar de recul | Radar avant | Caméra de recul | Parkassist,Oui,Oui,Avec fonction freinage,,Oui,Feux de jour | Avant | Arrières,En aluminium | 18'',,Adaptatifs | LED,Commandes au volant,USB | Android Auto | Apple Carplay | Bluetooth | Chargeur de téléphone sans fil,Tactile | 10.7 pouces,Avant,3,Noir brillant,,Mokka | Veganza perforé,Sport,Conducteur et passager,Oui,Lunette et vitres arrières sur-teintées | Calorifuges,Cuir | Multi-fonctions,En hauteur et en profondeur,Démarrage mains libres,Automatique | Bizone,À distance,Oui,,Anti-éblouissement,Électriques | Rabattables | Dégivrants,Avant/Arrière,2026-02-08 17:33:08.916290,,,,,,Accès mains libres,1400 L,,Oui,Triangle de présignalisation,,Oui,Noir Brillant,Oui,,Oui,,Oui,Éléctrique,10.25 pouces | BMW Live Plus,Oui,,Métallisée | +5000 DT,,Oui,,Ouverture et fermeture motorisées,,,,1 prise 12 V,Normal | Confort | Sport,,,,,,,,,,,,,,,,Alu satiné,,,,,,,,FCW,Oui,Oui,,,,,,,,,,,,,,,,,,,,,,,,,,,,,,,,,,,,,,,,,,
Bmw,BMW X2,https://www.automobile.tn/fr/neuf/bmw/x2,18i sDrive  Lounge,https://www.automobile.tn/fr/neuf/bmw/x2/18i-sdrive-lounge,209 900 DT,Disponible,SUV,5 ans (2+3),5,5,3,Essence,8 CV,156 CH,240 nm 1500 tr/min,1499 CM³,Automatique,7,Traction,4554 mm,1845 mm,1590 mm,560 L,8.3 s,213 KM/H,8.4 L/100 km,5.8 L/100 km,6.7 L/100 km,Oui,Frontaux | Latéraux | Rideaux,Oui,ESP | DSC,Oui,Système anti-collision avec détection des piétons,Oui,Oui,Radar de recul | Radar avant | Caméra de recul | Parkassist,Oui,Oui,Avec fonction freinage,,Oui,Feux de jour | Avant | Arrières,En aluminium | 19'' | Bi-ton,,Adaptatifs | LED,Commandes au volant,USB | Android Auto | Apple Carplay | Bluetooth | Chargeur de téléphone sans fil,Tactile | 10.7 pouces,Avant,3,Quarzsilber mat grainé,,Similicuir,Sport,Conducteur et passager,Oui,Lunette et vitres arrières sur-teintées | Calorifuges,Cuir | Multi-fonctions,En hauteur et en profondeur,Démarrage mains libres,Automatique | Bizone,À distance,Oui,,Anti-éblouissement,Électriques | Rabattables | Dégivrants,Avant/Arrière,2026-02-08 17:33:10.803369,,,,GPS,,Accès mains libres | Digital Key Card,1400 L,,Oui,Triangle de présignalisation,,Oui,,Oui,,Oui,,Oui,Éléctrique,10.25 pouces | BMW Live Plus,Oui,,Métallisée | +5000 DT,,Oui,,Ouverture et fermeture motorisées,,,,1 prise 12 V,Normal | Confort | Sport,,,,,,,,,,,,,,,,Alu satiné,,,,,,,,FCW,Oui,Oui,eSim | Teleservices | Connected+,,,,,,,,Oui,,,,,,,,,,,,,,,,,,,,,,,,,,,,,,,,,
Bmw,BMW X2,https://www.automobile.tn/fr/neuf/bmw/x2,18i sDrive  Pack M,https://www.automobile.tn/fr/neuf/bmw/x2/18i-sdrive-pack-m,237 900 DT,Disponible,SUV,5 ans (2+3),5,5,3,Essence,8 CV,156 CH,240 nm 1500 tr/min,1499 CM³,Automatique,7,Traction,4554 mm,1845 mm,1590 mm,560 L,8.3 s,213 KM/H,8.4 L/100 km,5.8 L/100 km,6.7 L/100 km,Oui,Frontaux | Latéraux | Rideaux,Oui,ESP,Oui,Système anti-collision avec détection des piétons,Oui,Oui,Radar de recul | Radar avant | Caméra de recul | Parkassist,Oui,Oui,Avec fonction freinage,,Oui,Feux de jour | Avant | Arrières,En aluminium | 19'' | Bi-ton,,Adaptatifs | LED,Commandes au volant,USB | Android Auto | Apple Carplay | Bluetooth | Chargeur de téléphone sans fil,Tactile | 10.7 pouces,Avant,3,Noir brillant,,Alcantara/Similicuir,Électriques | Fonction mémoire | Sport,Conducteur et passager,Oui,Lunette et vitres arrières sur-teintées | Calorifuges,Cuir | Multi-fonctions | M | Sport,En hauteur et en profondeur,Démarrage mains libres,Automatique | Bizone,À distance,Oui,,Anti-éblouissement,Électriques | Rabattables | Dégivrants,Avant/Arrière,2026-02-08 17:33:12.584127,,,,GPS,Panoramique | En verre,Accès mains libres | Digital Key Card,1400 L,,Oui,Triangle de présignalisation,,Oui,Shadow Line,Oui,,Oui,,Oui,Éléctrique,10.25 pouces | BMW Live Plus,Oui,Pack Sport M,Métallisée,M anthracite,Oui,,Ouverture et fermeture motorisées,Noire,,,1 prise 12 V,Normal | Confort | Sport,,,,,,,,,,Luxury,,,Adaptative,,,M Shadow Line à haute brillance,Sport M | Régulation adaptative,,,,,,,FCW,Oui,Oui,eSim | Teleservices | Connected+,,,,Oui,,,,Oui,,,,,,,,,,,,,,,,,,,,,,,,,,,,,,,,,
Bmw,BMW X2,https://www.automobile.tn/fr/neuf/bmw/x2,18i sDrive  Pack M Pro,https://www.automobile.tn/fr/neuf/bmw/x2/18i-sdrive-pack-m-pro,258 900 DT,Disponible,SUV,5 ans (2+3),5,5,3,Essence,8 CV,156 CH,240 nm 1500 tr/min,1499 CM³,Automatique,7,Traction,4554 mm,1845 mm,1590 mm,560 L,8.3 s,213 KM/H,8.4 L/100 km,5.8 L/100 km,6.7 L/100 km,Oui,Frontaux | Latéraux | Rideaux,Oui,ESP,Oui,Système anti-collision avec détection des piétons,Oui,Oui,Radar de recul | Radar avant | Système de caméras 360 | Parkassist | Caméra panoramique 3D,Oui,Oui,Avec fonction freinage,,Oui,Feux de jour | Avant | Arrières,En aluminium | 20'',,Adaptatifs | LED | Shadow Line M,Commandes au volant,USB | Android Auto | Apple Carplay | Bluetooth | Chargeur de téléphone sans fil,Tactile | 10.7 pouces,Avant,,Noir brillant,,Alcantara/Similicuir,Électriques | Fonction mémoire | Sport M,Conducteur et passager,Oui,Lunette et vitres arrières sur-teintées | Calorifuges,Cuir | Multi-fonctions | M | Sport,En hauteur et en profondeur,Démarrage mains libres,Automatique | Bizone,À distance,Oui,,Anti-éblouissement,Électriques | Rabattables | Dégivrants,Avant/Arrière,2026-02-08 17:33:14.394302,,,,GPS,Panoramique | En verre,Accès mains libres | Digital Key Card,1400 L,,Oui,Triangle de présignalisation,,Oui,Shadow Line,Oui,Oui,Oui,,Oui,Éléctrique,Live Cockpit Professional | 10.25 pouces,Oui,Pack Sport M,Métallisée,M anthracite,Oui,,Ouverture et fermeture motorisées,BMW Iconic Glow,,,1 prise 12 V,Normal | Confort | Sport,,,,,,,,,,Luxury,Oui,,Adaptative,,,M Shadow Line à haute brillance,Sport M | Régulation adaptative,Étriers rouges,,,,,,FCW,Oui,Oui,eSim | Teleservices | Connected+,,,,Oui,,,,Oui,,,,,,,,,,,,,,,,,,,,,,,,,,,,,,,,,
Bmw,BMW X3,https://www.automobile.tn/fr/neuf/bmw/x3/20i-xdrive-pack-m,BMW X3,https://www.automobile.tn/fr/neuf/bmw/x3/20i-xdrive-pack-m,,Disponible,SUV,5 ans (2+3),5,5,4,Essence,11 CV,184 CH,290 nm 1350 tr/min,1995 CM³,Automatique,8,Intégrale,4708 mm,1891 mm,1676 mm,550 L,8.4 s,215 KM/H,8.8 L/100 km,7.0 L/100 km,7.7 L/100 km,Oui,Frontaux | Latéraux | Rideaux,Oui,DSC,Oui,DBC |  Freinage automatique anti-collision (AEB),Oui,Oui,Radar de recul | Radar avant | Caméra de recul | Autoreverse | Parkassit Plus,Sport variable,Oui,Avec fonction freinage,,Oui,Feux de jour | Avant | Arrières,En aluminium | 21'',,Full LED | Adaptatifs | Shadow Line M,Harman/Kardon | Commandes au volant | 16 haut-parleurs | Radio numérique DAB,USB-C | Android Auto | Apple Carplay | Bluetooth | Chargeur de téléphone sans fil | Commande gestuelle,Tactile | 10.25 pouces,Avant,3,Inserts décoratifs M Aluminium Rhombicle foncé avec baguette d'accentuation,,Similicuir | Sensatec perforé,Électriques | Réglage lombaire | Fonction mémoire | Sport,Conducteur et passager,Velours,Lunette et vitres arrières sur-teintées | Calorifuges,Cuir | Multi-fonctions | M | Avec palettes,En hauteur et en profondeur,Démarrage mains libres,Automatique,À distance,Oui,Oui,Anti-éblouissement,Électriques | Rabattables | Dégivrants | Avec clignotants intégrés,Avant/Arrière,2026-02-08 17:33:16.958287,Oui,,,,Panoramique | En verre,Accès mains libres,,,Oui,Triangle de présignalisation | Trousse de premiers secours,Oui,Oui,Shadow Line,Oui,,Oui,,Oui,Éléctrique,12.3 pouces | Live Cockpit Professional,,Pack Sport M,Métallisée,M anthracite,Oui,,,Noire,,,,Normal | Confort | Sport | Eco,Oui,,,,,,,,,,,,,,,M Shadow Line à haute brillance,Sport M,Étriers rouges | Sport M,,,,,,FCW,Oui,Oui,,,Oui,,Oui,,,,,TSR,,,,,,,,,,,,,,,,,,,,,,,,,,,,,,,,
Bmw,BMW X3 Hybride,https://www.automobile.tn/fr/neuf/bmw/x3-hybride-rechargeable,xDrive 30e Pack M,https://www.automobile.tn/fr/neuf/bmw/x3-hybride-rechargeable/xdrive-30e-pack-m,264 900 DT,Disponible,SUV,5 ans (2+3) | Batterie garantie 6 ans,5,5,4,Essence | Hybride rechargeable,10 CV,299 CH,450 nm 1500 tr/min,1998 CM³,Automatique,8,Intégrale,4755 mm,1920 mm,1660 mm,460 L,6.2 s,215 KM/H,,,2.8 L/100 km,Oui,Frontaux | Latéraux | Rideaux,Oui,TCS,Oui,AFU |  Freinage automatique anti-collision (AEB),Oui,Oui,Radar de recul | Radar avant | Caméra de recul | Parkassist,Sport variable,Oui,Avec fonction freinage | Driving Assistant,,,Feux de jour | Avant | Arrières,En aluminium | 19'' | Bi-ton | M,,Adaptatifs | LED,Harman/Kardon | Commandes au volant | 15 haut-parleurs | Subwoofer,Android Auto | Apple Carplay | Bluetooth | Commande vocale | Chargeur de téléphone sans fil,Tactile | 14.9 pouces,Avant,3,Bois précieux (magnolia) BMW Individual avec impression fine,,Surpiqures  | Veganza perforé,Électriques | Réglage lombaire | Fonction mémoire | Sport,Conducteur et passager,Oui,Lunette et vitres arrières sur-teintées | Calorifuges,Cuir | Multi-fonctions | M | Avec palettes,En hauteur et en profondeur,Démarrage mains libres,Automatique | 3 zones,À distance,Oui,Oui,Anti-éblouissement,Électriques | Rabattables,Avant/Arrière,2026-02-08 17:33:19.537712,,Oui,,GPS,Panoramique | En verre,Accès mains libres | Digital Key Card,1600 L,Oui,Oui,Triangle de présignalisation | Trousse de premiers secours,Oui,Oui,Alu satiné,Oui,,Oui,,Oui,Éléctrique,12.3 pouces | BMW Live Plus,Oui,Pack Sport M,Métallisée,M anthracite,,Acier inoxydable brossé,Ouverture et fermeture motorisées | Ouverture mains libres,BMW Iconic Glow,,,,Sport | Relax | Expressive | Personal | Efficient,Oui,,,19.7 kWh,88 km,22.9 kWh/100 km,2.25 heures,,,Luxury,,,,,,Alu satiné,Sport M,,,,,,,FCW,Oui,Oui,eSim | Teleservices | Connected+ Unlimited,Oui,,,,190 CH,184 CH,250 nm,,,,,,,,,,,,,,,,,,,,,,,,,,,,,,,,,,
Bmw,BMW X3 Hybride,https://www.automobile.tn/fr/neuf/bmw/x3-hybride-rechargeable,xDrive 30e Pack M Pro,https://www.automobile.tn/fr/neuf/bmw/x3-hybride-rechargeable/xdrive-30e-pack-m-pro,279 900 DT,Disponible,SUV,5 ans (2+3) | Batterie garantie 6 ans,5,5,4,Essence | Hybride rechargeable,10 CV,299 CH,450 nm 1500 tr/min,1998 CM³,Automatique,8,Intégrale,4755 mm,1920 mm,1660 mm,460 L,6.2 s,215 KM/H,,,2.8 L/100 km,Oui,Frontaux | Latéraux | Rideaux,Oui,TCS,Oui,AFU |  Freinage automatique anti-collision (AEB),Oui,Oui,Radar de recul | Radar avant | Système de caméras 360 | Parkassist | Caméra panoramique 3D,Sport variable,Oui,Avec fonction freinage | Driving Assistant,,,Feux de jour | Avant | Arrières,En aluminium | 20'' | Bi-ton | M,,Adaptatifs | LED | Shadow Line M,Harman/Kardon | Commandes au volant | 15 haut-parleurs | Subwoofer,Android Auto | Apple Carplay | Bluetooth | Commande vocale | Chargeur de téléphone sans fil,Tactile | 14.9 pouces,Avant,3,Aluminium brossé,,Surpiqures  | Veganza perforé,Électriques | Chauffants | Ventilés | Réglage lombaire | Fonction mémoire | Sport,Conducteur et passager,Oui,Lunette et vitres arrières sur-teintées | Calorifuges,Cuir | Multi-fonctions | M | Avec palettes,En hauteur et en profondeur,Démarrage mains libres,Automatique | 3 zones,À distance,Oui,Oui,Anti-éblouissement,Électriques | Rabattables,Avant/Arrière,2026-02-08 17:33:21.316529,Oui,Oui,,GPS,Panoramique | En verre,Accès mains libres | Digital Key Card,1600 L,Oui,Oui,Triangle de présignalisation | Trousse de premiers secours,Oui,Oui,Noir Brillant | Shadow Line,Oui,,Oui,Aluminium,Oui,Éléctrique,12.3 pouces | Live Cockpit Professional,Oui,Pack Sport M,Métallisée,M anthracite,,Acier inoxydable brossé,Ouverture et fermeture motorisées | Ouverture mains libres,Noire | BMW Iconic Glow,,,,Sport | Relax | Expressive | Personal | Efficient,Oui,,,19.7 kWh,88 km,22.9 kWh/100 km,2.25 heures,,,Luxury,Oui,,,,,M Shadow Line à haute brillance,Sport M,Étriers rouges,,,,,,FCW,Oui,Oui,eSim | Teleservices | Connected+ Unlimited,Oui,,,,190 CH,184 CH,250 nm,,,,,,,,,,,,,,,,,,,,,,,,,,,,,,,,,,
Bmw,BMW X4,https://www.automobile.tn/fr/neuf/bmw/x4/20i-xdrive-pack-m,BMW X4,https://www.automobile.tn/fr/neuf/bmw/x4/20i-xdrive-pack-m,,Disponible,SUV,5 ans (2+3),5,5,4,Essence,11 CV,184 CH,300 nm 1350 tr/min,1998 CM³,Automatique,8,Intégrale,4751 mm,1918 mm,1621 mm,525 L,8.1 s,212 KM/H,8.7 L/100 km,5.9 L/100 km,6.9 L/100 km,Oui,Frontaux | Latéraux | Genoux | Protège-tête,,DTC | DSC,,,,Oui,Radar de recul | Radar avant | Caméra de recul | Système de caméras 360 | Park distance control,Sport variable,Oui,Avec fonction freinage,,,,En aluminium | 21'',Oui,Adaptatifs | BMW Laserlight | LED,BMW Professional CD | Harman/Kardon,USB | USB-C | Apple Carplay | Commande vocale | Commande gestuelle,Avec fonction TV,Arrière,,Noir brillant,,Cuir | Surpiqures  | Vernasca Cognac,Électriques | Chauffants | Réglage lombaire | Fonction mémoire | Sport M,Conducteur et passager,Velours,Calorifuges,Cuir | Multi-fonctions | M | Avec palettes,En hauteur et en profondeur,Démarrage mains libres,Automatique,À distance,Oui,,Anti-éblouissement,Électriques | Rabattables | Dégivrants,Avant/Arrière,2026-02-08 17:33:23.918251,,,,,Ouvrant | Panoramique | En verre,Accès mains libres,,Oui,Oui,Triangle de présignalisation,,Oui,Chrome,Oui,,Oui,,Oui,Éléctrique,Live Cockpit Professional,Oui,Pack Sport M,Métallisée,BMW Individual anthracite,Oui,,Ouverture et fermeture motorisées,,,Oui,1 prise 12 V,Confort | Sport | Eco,,,,,,,,,,,Oui,,,,,Alu satiné | M Shadow Line à haute brillance,Sport M,Sport M,,,,,,,Oui,Oui,,,Oui,Oui,Oui,,,,,,,,,,,,,,,,,,,,,,,,,,,,,,,,,,,,,
Bmw,BMW X5 Hybride,https://www.automobile.tn/fr/neuf/bmw/x5-hybride,50e X-Drive Pack M,https://www.automobile.tn/fr/neuf/bmw/x5-hybride/50e-x-drive-m-pack-m,379 900 DT,Disponible,SUV,5 ans (2+3) | Batterie garantie 6 ans,5,5,6,Essence | Hybride rechargeable,21 CV,489 CH,700 nm 1250 tr/min,2998 CM³,Automatique,8,Intégrale,4935 mm,2004 mm,1755 mm,500 L,4.8 s,250 KM/H,,,1.2 L/100 km,Oui,Frontaux | Latéraux | Rideaux,Oui,Oui,Oui,AFU | Système anti-collision avec détection des piétons,Oui,Oui,Radar de recul | Radar avant | Caméra de recul | Système de caméras 360 | Parkassist | Stationnement télécommandé,Oui,Oui,Avec fonction freinage,,Oui,Feux de jour | Avant | Arrières,En aluminium | 20'' | Bi-ton | M,,Full LED | Adaptatifs,Harman/Kardon | Commandes au volant | 16 haut-parleurs,USB | Apple Carplay | Bluetooth | Commande vocale,Tactile | 14.9 pouces,Avant | Arrière,3,Laqué Piano Noir | CraftedClarity,Cristal,Sensafin,Électriques | Chauffants | Réglage lombaire | Fonction mémoire,Conducteur et passager,Velours,Lunette et vitres arrières sur-teintées | Acoustiques | Athermiques,Cuir | Multi-fonctions | M | Sport | Avec palettes,En hauteur et en profondeur,Démarrage mains libres,Automatique | 3 zones | Purificateur d'air,À distance,Oui,Oui,Anti-éblouissement,Électriques | Rabattables | Dégivrants | Photosensibles | Mémoire de position | Éclairage d'accueil à LED,Avant/Arrière,2026-02-08 17:33:26.618073,,Oui,,GPS,Ouvrant | Panoramique | En verre,Accès mains libres | Digital Key Card,1720 L,Oui,Oui,Triangle de présignalisation | Trousse de premiers secours,Oui,Oui,Alu satiné,Oui,,LED,Aluminium,Oui,Éléctrique,12.3 pouces | Live Cockpit Professional,Oui,Pack Sport M,Métallisée,M anthracite,Oui,Acier inoxydable brossé,Ouverture et fermeture motorisées | Cache Bagages,BMW Iconic Glow,,,,Sport | Individual | Expressive | Personal | Efficient,Oui,,,25.7 kWh,110 km,30.4 kWh/100 km,4.5 heures,,,Cuir,Oui,Soft close,Pneumatique | Adaptative,,,Alu satiné,,,,,,,,RCW,Oui,Oui,eSim | Teleservices | Connected+,Oui,Oui,Oui,Oui,313 CH,197 CH,280 nm,,,Oui,,,,,,,,,,,,,,,,,,,,,,,,,,,,,,,
Bmw,BMW X5 Hybride,https://www.automobile.tn/fr/neuf/bmw/x5-hybride,50e X-Drive Pack M Pro,https://www.automobile.tn/fr/neuf/bmw/x5-hybride/50e-x-drive-pack-m,399 900 DT,Disponible,SUV,5 ans (2+3) | Batterie garantie 6 ans,5,5,6,Essence | Hybride rechargeable,21 CV,489 CH,700 nm 1250 tr/min,2998 CM³,Automatique,8,Intégrale,4935 mm,2004 mm,1755 mm,500 L,4.8 s,250 KM/H,,,1.2 L/100 km,Oui,Frontaux | Latéraux | Rideaux,Oui,Oui,Oui,AFU | Système anti-collision avec détection des piétons,Oui,Oui,Radar de recul | Radar avant | Caméra de recul | Système de caméras 360 | Parkassist | Stationnement télécommandé,Oui,Oui,Avec fonction freinage | Driving Assistant Plus,,Oui,Feux de jour | Avant | Arrières,En aluminium | 20'' | Bi-ton | M,,Full LED | Adaptatifs | Shadow Line M,Harman/Kardon | Commandes au volant | 16 haut-parleurs,USB | Apple Carplay | Bluetooth | Commande vocale,Tactile | 14.9 pouces,Avant | Arrière,3,Laqué Piano Noir | CraftedClarity | Inserts décoratifs en bois précieux 'Fineline Stripe' brun à haute brillance,Cristal,Schwarz | Cuir étendu | Merino,Électriques | Chauffants | Ventilés | Réglage lombaire | Fonction mémoire | Confort,Conducteur et passager,Velours,Lunette et vitres arrières sur-teintées | Acoustiques | Athermiques,Cuir | Multi-fonctions | M | Sport | Avec palettes,En hauteur et en profondeur,Démarrage mains libres,Automatique | 4 zones | Purificateur d'air,À distance,Oui,Oui,Anti-éblouissement,Électriques | Rabattables | Dégivrants | Photosensibles | Mémoire de position | Éclairage d'accueil à LED,Avant/Arrière,2026-02-08 17:33:28.620508,Oui,Oui,,GPS,Ouvrant | Panoramique | En verre | Sky Lounge,Accès mains libres | BMW Display Key,1720 L,Oui,Oui,Triangle de présignalisation | Trousse de premiers secours,Oui,Oui,Shadow Line,Oui,,LED,Aluminium,Oui,Éléctrique,12.3 pouces | Live Cockpit Professional,Oui,Pack Sport M,Métallisée,BMW Individual anthracite,Oui,Acier inoxydable brossé,Ouverture et fermeture motorisées | Cache Bagages,BMW Iconic Glow,,,,Sport | Individual | Expressive | Personal | Efficient,Oui,,,25.7 kWh,110 km,30.4 kWh/100 km,4.5 heures,,,Cuir,Oui,Soft close,Pneumatique | Adaptative,,,BMW Individual Shadow Line,,Étriers rouges,,,,,,RCW,Oui,Oui,eSim | Teleservices | Connected+,Oui,Oui,Oui,Oui,313 CH,197 CH,280 nm,,,Oui,Oui,,,,,,,,,,,,,,,,,,,,,,,,,,,,,,
Bmw,BMW i4,https://www.automobile.tn/fr/neuf/bmw/i4,eDrive40  Business Line,https://www.automobile.tn/fr/neuf/bmw/i4/edrive40-business-line,245 900 DT,Disponible,Berline,5 ans (2+3) | Batterie garantie 8 ans,5,5,,Electrique,7 CV,340 CH,430 nm 0 tr/min,,Automatique,1,Propulsion,4783 mm,1852 mm,1448 mm,470 L,5.6 s,190 KM/H,,,,Oui,Frontaux | Latéraux | Rideaux,Oui,Oui,Oui,,Oui,Oui,Radar de recul | Radar avant | Caméra de recul | Parkassist | Park distance control,Oui,Oui,Avec fonction freinage,,Pare-chocs | Poignées de portes | Rétroviseurs,Feux de jour | Avant | Arrières,En aluminium | 18'' | Bi-ton,,LED,Commandes au volant,USB-C | Android Auto | Apple Carplay | Bluetooth | Commande vocale | Chargeur de téléphone sans fil,Tactile | 14.9 pouces,Avant | Arrière,,Noir brillant,,Sensatec perforé,Électriques | Fonction mémoire,Conducteur et passager,Velours,Calorifuges,Cuir | Multi-fonctions | Sport,En hauteur et en profondeur,Démarrage mains libres,Automatique | 3 zones,À distance,Oui,,Anti-éblouissement,Électriques | Rabattables | Dégivrants,Avant/Arrière,2026-02-08 17:33:31.580749,,,,,Ouvrant | En verre,Accès mains libres | Digital Key Card,,,Oui,Triangle de présignalisation | Trousse de premiers secours,,Oui,Alu satiné,Oui,,Oui,,Oui,Éléctrique,12.3 pouces | Live Cockpit Professional | BMW Live Plus,Oui,,Métallisée,M anthracite,Oui,,Ouverture et fermeture motorisées,,,,1 prise 12 V,,Oui,1,,81.1 kWh,600 km,16.1 kWh/100 km,8.5 heures,30 minutes,,,Oui,,,,,,,,,,,,,FCW,Oui,,eSim | Teleservices | Connected+ Unlimited,,,Oui,,,,,,,,,Oui,,,,,,,,,,,,,,,,,,,,,,,,,,,,,
Bmw,BMW i4,https://www.automobile.tn/fr/neuf/bmw/i4,eDrive40 Pack M,https://www.automobile.tn/fr/neuf/bmw/i4/edrive40-pack-m,266 900 DT,Disponible,Berline,5 ans (2+3) | Batterie garantie 8 ans,5,5,,Electrique,7 CV,340 CH,430 nm 0 tr/min,,Automatique,1,Propulsion,4783 mm,1852 mm,1448 mm,470 L,5.6 s,190 KM/H,,,,Oui,Frontaux | Latéraux | Rideaux,Oui,Oui,Oui,,Oui,Oui,Radar de recul | Radar avant | Système de caméras 360 | Parkassit Plus,Sport variable,Oui,Avec fonction freinage,,Pare-chocs | Poignées de portes | Rétroviseurs,Feux de jour | Avant | Arrières,En aluminium | 19'' | Bi-ton,,Full LED | Adaptatifs,10 haut-parleurs | Commandes au volant | Système HiFi,USB-C | Android Auto | Apple Carplay | Bluetooth | Commande vocale | Chargeur de téléphone sans fil,Tactile | 14.9 pouces,Avant | Arrière,,M Aluminium Rhombicle Anthrazit,,Sensatec perforé | Tacorarot,Électriques | Réglage lombaire | Fonction mémoire,Conducteur et passager,Oui,Lunette et vitres arrières sur-teintées | Athermiques,Cuir | Multi-fonctions | M | Sport,En hauteur et en profondeur,Démarrage mains libres,Automatique | 3 zones,À distance,Oui,,Anti-éblouissement,Électriques | Rabattables | Dégivrants | Avec clignotants intégrés,Avant/Arrière,2026-02-08 17:33:33.346174,,,,,Ouvrant | En verre,Accès mains libres | Digital Key Card,,Oui,Oui,Triangle de présignalisation | Trousse de premiers secours,,Oui,Shadow Line,Oui,,Oui,,Oui,Éléctrique,12.3 pouces | Live Cockpit Professional,Oui,Pack Sport M,Métallisée,M anthracite,Oui,,Ouverture et fermeture motorisées,,,,1 prise 12 V,,Oui,1,,81.1 kWh,600 km,16.1 kWh/100 km,8.5 heures,30 minutes,,Luxury,Oui,,Adaptative,,,,,Sport M | Étriers bleus,,,,,,FCW,Oui,,eSim | Teleservices | Connected+ Unlimited,,,Oui,Oui,,,,,,,,Oui,,,,,,,,,,,,,,,,,,,,,,,,,,,,,
Bmw,BMW i4,https://www.automobile.tn/fr/neuf/bmw/i4,eDrive40 Pack M Pro,https://www.automobile.tn/fr/neuf/bmw/i4/edrive40-pack-m-pro,287 900 DT,Disponible,Berline,5 ans (2+3) | Batterie garantie 8 ans,5,5,,Electrique,7 CV,340 CH,430 nm 0 tr/min,,Automatique,1,Propulsion,4783 mm,1852 mm,1448 mm,470 L,5.6 s,190 KM/H,,,,Oui,Frontaux | Latéraux | Rideaux,Oui,Oui,Oui,,Oui,Oui,Radar de recul | Radar avant | Système de caméras 360 | Parkassit Plus,Sport variable,Oui,Adaptatif (ACC) | Avec fonction freinage,,Pare-chocs | Poignées de portes | Rétroviseurs,Feux de jour | Avant | Arrières,En aluminium | 20'' | Bi-ton,,Full LED | Adaptatifs | Shadow Line M,17 haut-parleurs | Harman/Kardon | Commandes au volant,USB-C | Android Auto | Apple Carplay | Bluetooth | Commande vocale | Chargeur de téléphone sans fil,Tactile | 14.9 pouces,Avant | Arrière,,CraftedClarity | Inserts décoratifs M 'Carbon Fibre',,Sensatec perforé | Tacorarot,Électriques | Chauffants | Réglage lombaire | Fonction mémoire,Conducteur et passager,Oui,Lunette et vitres arrières sur-teintées | Athermiques,Cuir | Multi-fonctions | M | Sport,En hauteur et en profondeur,Démarrage mains libres,Automatique | 3 zones,À distance,Oui,,Anti-éblouissement,Électriques | Rabattables | Dégivrants | Avec clignotants intégrés,Avant/Arrière,2026-02-08 17:33:35.085019,,,,,Ouvrant | En verre,Accès mains libres | Digital Key Card,,Oui,Oui,Triangle de présignalisation | Trousse de premiers secours,,Oui,Shadow Line,Oui,Oui,Oui,,Oui,Éléctrique,12.3 pouces | Live Cockpit Professional,Oui,Pack Sport M,Métallisée,M anthracite,Oui,,Ouverture et fermeture motorisées,,,,1 prise 12 V,,Oui,1,,81.1 kWh,600 km,16.1 kWh/100 km,8.5 heures,30 minutes,,Luxury,Oui,,Adaptative,,,,,Étriers rouges | Sport M,,,,,,FCW,Oui,,eSim | Teleservices | Connected+ Unlimited,,,Oui,Oui,,,,,,,,Oui,,,,,,,,,,,,,,,,,,,,,,,,,,,,,
Bmw,BMW iX1,https://www.automobile.tn/fr/neuf/bmw/ix1,xDrive30 xLine,https://www.automobile.tn/fr/neuf/bmw/ix1/xdrive30-xline,223 900 DT,Disponible,SUV,5 ans (2+3) | Batterie garantie 8 ans,5,5,,Electrique,8 CV,306 CH,494 nm 0 tr/min,,Automatique,1,Intégrale,4500 mm,1845 mm,1616 mm,490 L,5.6 s,180 KM/H,,,,Oui,Frontaux | Latéraux | Rideaux,,TCS,Oui,AFU,,Oui,Radar de recul | Radar avant | Système de caméras 360 | Parkassist,Oui,Oui,Avec fonction freinage,,,Feux de jour | Avant | Arrières,En aluminium | 18'' | Bi-ton,,Adaptatifs | LED,Commandes au volant,Android Auto | Apple Carplay | Bluetooth | Chargeur de téléphone sans fil,Tactile | 10.7 pouces | Curved Display,Avant,,Noir brillant,,Veganza perforé | Castanea,Électriques | Fonction mémoire | Sport,Conducteur et passager,Oui,Calorifuges,Cuir | Multi-fonctions,En hauteur et en profondeur,Démarrage mains libres,Automatique | Bizone,À distance,Oui,,Anti-éblouissement,Électriques | Rabattables,Avant/Arrière,2026-02-08 17:33:37.818123,,,,,Ouvrant | Panoramique | En verre,Accès mains libres,,,Oui,Triangle de présignalisation | Trousse de premiers secours,,Oui,Alu satiné,Oui,,,,Oui,Éléctrique,10.25 pouces | BMW Live Plus,Oui,X-line,Métallisée,,Oui,,Ouverture et fermeture motorisées,,,,1 prise 12 V,,,2,,64.8 kWh,438 km,17.0 kWh/100 km,6.5 heures,30 minutes,,Luxury,,,,,,Alu satiné,Sport M | Régulation adaptative,,,,,,,,Oui,,eSim | Teleservices | Connected+ Unlimited,,,,,,,,,,Oui,,,,,,,,,,,,,,,,,,,,,,,,,,,,,,,
Bmw,BMW iX1,https://www.automobile.tn/fr/neuf/bmw/ix1,xDrive30  Pack M,https://www.automobile.tn/fr/neuf/bmw/ix1/xdrive30-pack-m,229 900 DT,Sur arrivage,SUV,5 ans (2+3) | Batterie garantie 8 ans,5,5,,Electrique,8 CV,306 CH,494 nm 0 tr/min,,Automatique,1,Intégrale,4500 mm,1845 mm,1616 mm,490 L,5.6 s,180 KM/H,,,,Oui,Frontaux | Latéraux | Rideaux,,TCS,Oui,AFU,,Oui,Radar de recul | Radar avant | Système de caméras 360 | Parkassist,Oui,Oui,Avec fonction freinage,,,Feux de jour | Avant | Arrières,En aluminium | 18'' | Bi-ton,,Adaptatifs | LED,Commandes au volant,Android Auto | Apple Carplay | Bluetooth | Chargeur de téléphone sans fil,Tactile | 10.7 pouces | Curved Display,Avant,,Noir brillant,,Alcantara/Veganza Schwarz avec surpiqûres bleues,Électriques | Fonction mémoire | Sport,Conducteur et passager,Oui,Calorifuges,Cuir | Multi-fonctions | M | Sport,En hauteur et en profondeur,Démarrage mains libres,Automatique | Bizone,À distance,Oui,,Anti-éblouissement,Électriques | Rabattables,Avant/Arrière,2026-02-08 17:33:39.716492,,,,,Ouvrant | Panoramique | En verre,Accès mains libres,,,Oui,Triangle de présignalisation | Trousse de premiers secours,,Oui,Shadow Line,Oui,,,,Oui,Éléctrique,10.25 pouces | BMW Live Plus,Oui,Pack Sport M,Métallisée,M anthracite,Oui,,Ouverture et fermeture motorisées,Noire,,,1 prise 12 V,,,2,,64.8 kWh,438 km,17.0 kWh/100 km,6.5 heures,30 minutes,,Luxury,,,,,,M Shadow Line à haute brillance,Sport M | Régulation adaptative,,,,,,,,Oui,,eSim | Teleservices | Connected+ Unlimited,,,,,,,,,,Oui,,,,,,,,,,,,,,,,,,,,,,,,,,,,,,,
Bmw,BMW iX2,https://www.automobile.tn/fr/neuf/bmw/ix2,xDrive30 Pack M,https://www.automobile.tn/fr/neuf/bmw/ix2/xdrive30-pack-m,232 900 DT,Disponible,SUV,5 ans (2+3) | Batterie garantie 8 ans,5,5,,Electrique,7 CV,306 CH,494 nm 0 tr/min,,Automatique,1,Intégrale,4554 mm,1845 mm,1560 mm,525 L,5.6 s,180 KM/H,,,,Oui,Frontaux | Latéraux | Rideaux | Genoux | Centraux,,ESP | DSC,Oui,AFU | DBC |  Freinage automatique anti-collision (AEB),Oui,Oui,Radar de recul | Radar avant | Système de caméras 360 | Parkassist,Oui,Oui,Avec fonction freinage,,,Feux de jour | Avant | Arrières,En aluminium | 19'' | Bi-ton,,Adaptatifs | LED,Commandes au volant,Android Auto | Apple Carplay | Bluetooth | Chargeur de téléphone sans fil,Tactile | 10.7 pouces | Curved Display,Avant,,Noir brillant,,Alcantara | Surpiqûre contrastée Bleue | Veganza,Électriques | Fonction mémoire | Sport,Conducteur et passager,Velours,Calorifuges | Acoustiques,Cuir | Multi-fonctions | M | Sport | Avec palettes,En hauteur et en profondeur,Démarrage mains libres,Automatique,À distance,Oui,,Anti-éblouissement,Électriques | Rabattables | Mémoire de position,Avant/Arrière,2026-02-08 17:33:42.408598,,,,,Panoramique | En verre,Accès mains libres,,,Oui,Triangle de présignalisation | Trousse de premiers secours,,Oui,Shadow Line,Oui,,,,Oui,Éléctrique,10.25 pouces | BMW Live Plus,Oui,Pack Sport M,Métallisée,M anthracite,Oui,,,,,,1 prise 12 V,,,1,,64.8 kWh,449 km,16.3 kWh/100 km,6.5 heures,29 minutes,,Luxury,Oui,,Adaptative,,,M Shadow Line à haute brillance,,,,,,,,,Oui,,eSim | Teleservices | Connected+ Unlimited,,,,,,,,,,Oui,,,,,,,,,,,,,,,,,,,,,,,,,,,,,,,
Bmw,BMW iX2,https://www.automobile.tn/fr/neuf/bmw/ix2,xDrive30 Pack M Pro,https://www.automobile.tn/fr/neuf/bmw/ix2/xdrive30-pack-m-pro,246 900 DT,Disponible,SUV,5 ans (2+3) | Batterie garantie 8 ans,5,5,,Electrique,7 CV,306 CH,494 nm 0 tr/min,,Automatique,1,Intégrale,4554 mm,1845 mm,1560 mm,525 L,5.6 s,180 KM/H,,,,Oui,Frontaux | Latéraux | Rideaux | Genoux | Centraux,,ESP | DSC,Oui,AFU | DBC |  Freinage automatique anti-collision (AEB),Oui,Oui,Radar de recul | Radar avant | Système de caméras 360 | Parkassist,Oui,Oui,Avec fonction freinage,,,Feux de jour | Avant | Arrières,En aluminium | 20'' | Bi-ton,,Adaptatifs | LED | Shadow Line M,Commandes au volant,Android Auto | Apple Carplay | Bluetooth | Chargeur de téléphone sans fil,Tactile | 10.7 pouces | Curved Display,Avant,,M Aluminium Hexacube,,Alcantara | Surpiqûre contrastée Bleue | Veganza,Électriques | Fonction mémoire | Sport,Conducteur et passager,Velours,Calorifuges | Acoustiques,Cuir | Multi-fonctions | M | Sport | Avec palettes,En hauteur et en profondeur,Démarrage mains libres,Automatique,À distance,Oui,,Anti-éblouissement,Électriques | Rabattables | Mémoire de position,Avant/Arrière,2026-02-08 17:33:44.179801,,,,,Panoramique | En verre,Accès mains libres,,,Oui,Triangle de présignalisation | Trousse de premiers secours,,Oui,Shadow Line,Oui,Oui,,,Oui,Éléctrique,Live Cockpit Professional | 10.25 pouces,Oui,Pack Sport M,Métallisée,M anthracite,Oui,,,BMW Iconic Glow,,,1 prise 12 V,,,1,,64.8 kWh,449 km,16.3 kWh/100 km,6.5 heures,29 minutes,,Luxury,Oui,,Adaptative,,,M Shadow Line à haute brillance,Sport M | Régulation adaptative,Étriers rouges,,,,,,,Oui,,eSim | Teleservices | Connected+ Unlimited,,,,,,,,,,Oui,,,,,,,,,,,,,,,,,,,,,,,,,,,,,,,
Bmw,BMW i5,https://www.automobile.tn/fr/neuf/bmw/i5,eDrive40 Lounge,https://www.automobile.tn/fr/neuf/bmw/i5/edrive40-lounge,290 900 DT,Sur arrivage,Berline,5 ans (2+3) | Batterie garantie 8 ans,5,4,,Electrique,7 CV,340 CH,400 nm 0 tr/min,,Automatique,,Propulsion,5060 mm,1900 mm,1515 mm,490 L,6 s,195 KM/H,,,,Oui,Frontaux | Latéraux | Rideaux,Oui,Oui,Oui,AFU,Oui,Oui,Radar de recul | Radar avant | Système de caméras 360 | Parkassit Plus,Oui,Oui,Avec fonction freinage | Driving Assistant,,Pare-chocs | Poignées de portes | Rétroviseurs,Feux de jour | Avant | Arrières,En aluminium | 19'',,Full LED,12 haut-parleurs | Harman/Kardon | Commandes au volant | Système HiFi,USB-C | Android Auto | Apple Carplay | Bluetooth | Commande vocale | Chargeur de téléphone sans fil,Tactile | 14.9 pouces,Avant | Arrière,3,Inserts décoratifs Dark Silver avec bois précieux de chêne foncé,,Surpiqures  | Veganza perforé,Électriques | Réglage lombaire | Fonction mémoire,Conducteur et passager,Oui,Lunette et vitres arrières sur-teintées | Calorifuges,Multi-fonctions,En hauteur et en profondeur,Démarrage mains libres,Automatique | Bizone,À distance,Oui,,Anti-éblouissement,Électriques | Rabattables | Photosensibles | Avec clignotants intégrés,Avant/Arrière,2026-02-08 17:33:46.833418,,,,GPS,,Accès mains libres,,,Oui,Triangle de présignalisation | Trousse de premiers secours,Oui,Oui,Alu satiné,Oui,,Oui,,Oui,Éléctrique,12.3 pouces | Live Cockpit Professional,Oui,,Métallisée,,,,Ouverture et fermeture motorisées,Aluminium satiné,,,1 prise 12 V,Sport | Relax | Expressive | Personal | Efficient,Oui,1,,83.9 kWh,560 km,15.9 kWh/100 km,8.5 heures,30 minutes,,,Oui,,,,,,,,,,,,,FCW,Oui,,eSim | Teleservices | Connected+ Unlimited,Oui,,Oui,,,,,,,Oui,,,,,,,,,,,,,,,,,,,,,,,,,,,,,,,
Bmw,BMW i5,https://www.automobile.tn/fr/neuf/bmw/i5,eDrive40 Pack M,https://www.automobile.tn/fr/neuf/bmw/i5/edrive40-pack-m,302 900 DT,Sur arrivage,Berline,5 ans (2+3) | Batterie garantie 8 ans,5,4,,Electrique,7 CV,340 CH,400 nm 0 tr/min,,Automatique,,Propulsion,5060 mm,1900 mm,1515 mm,490 L,6 s,195 KM/H,,,,Oui,Frontaux | Latéraux | Rideaux,Oui,Oui,Oui,AFU,Oui,Oui,Radar de recul | Radar avant | Système de caméras 360 | Parkassit Plus,Oui,Oui,Avec fonction freinage | Driving Assistant,,Pare-chocs | Poignées de portes | Rétroviseurs,Feux de jour | Avant | Arrières,En aluminium | 19'' | Bi-ton,,Full LED,12 haut-parleurs | Harman/Kardon | Commandes au volant | Système HiFi,USB-C | Android Auto | Apple Carplay | Bluetooth | Commande vocale | Chargeur de téléphone sans fil,Tactile | 14.9 pouces,Avant | Arrière,3,Inserts décoratifs Dark Silver avec bois précieux de chêne foncé,,Surpiqures  | Veganza perforé,Électriques | Réglage lombaire | Fonction mémoire,Conducteur et passager,Oui,Lunette et vitres arrières sur-teintées | Calorifuges,Cuir | Multi-fonctions | M | Sport,En hauteur et en profondeur,Démarrage mains libres,Automatique | 4 zones,À distance,Oui,,Anti-éblouissement,Électriques | Rabattables | Photosensibles | Avec clignotants intégrés,Avant/Arrière,2026-02-08 17:33:48.662359,,,,GPS,Panoramique | En verre,Accès mains libres,,,Oui,Triangle de présignalisation | Trousse de premiers secours,Oui,Oui,Alu satiné,Oui,,Oui,,Oui,Éléctrique,12.3 pouces | Live Cockpit Professional,Oui,Pack Sport M,Métallisée,M anthracite,,Acier inoxydable brossé,Ouverture et fermeture motorisées,Aluminium satiné,,,1 prise 12 V,Sport | Relax | Expressive | Personal | Efficient,Oui,1,,83.9 kWh,560 km,15.9 kWh/100 km,8.5 heures,30 minutes,,,Oui,,,,,,Sport M,,,,,,,FCW,Oui,,eSim | Teleservices | Connected+ Unlimited,Oui,,Oui,,,,,,,Oui,,,,,,,,,,,,,,,,,,,,,,,,,,,,,,,
Bmw,BMW i5,https://www.automobile.tn/fr/neuf/bmw/i5,eDrive40 Pack M +,https://www.automobile.tn/fr/neuf/bmw/i5/edrive40-pack-m-plus,322 900 DT,45 jours,Berline,5 ans (2+3) | Batterie garantie 8 ans,5,4,,Electrique,7 CV,340 CH,400 nm 0 tr/min,,Automatique,,Propulsion,5060 mm,1900 mm,1515 mm,490 L,6 s,195 KM/H,,,,Oui,Frontaux | Latéraux | Rideaux,Oui,Oui,Oui,AFU,Oui,Oui,Radar de recul | Radar avant | Système de caméras 360 | Parkassit Plus,Oui,Oui,Adaptatif (ACC) | Driving Assistant Professional,,Pare-chocs | Poignées de portes | Rétroviseurs,Feux de jour | Avant | Arrières,En aluminium | 20'' | Bi-ton,,Full LED | Adaptatifs,12 haut-parleurs | Harman/Kardon | Commandes au volant | Système HiFi,USB-C | Android Auto | Apple Carplay | Bluetooth | Commande vocale | Chargeur de téléphone sans fil,Tactile | 14.9 pouces,Avant | Arrière,3,Inserts décoratifs Dark Silver avec bois précieux de chêne foncé,,Surpiqures  | Veganza perforé,Électriques | Ventilés | Réglage lombaire | Fonction mémoire | Confort,Conducteur et passager,Oui,Lunette et vitres arrières sur-teintées | Athermiques,Cuir | Multi-fonctions | M | Sport,En hauteur et en profondeur,Démarrage mains libres,Automatique | 4 zones,À distance,Oui,,Anti-éblouissement,Électriques | Rabattables | Photosensibles | Avec clignotants intégrés,Avant/Arrière,2026-02-08 17:33:50.492705,,,,GPS,Panoramique | En verre,Accès mains libres,,,Oui,Triangle de présignalisation | Trousse de premiers secours,Oui,Oui,Alu satiné,Oui,,Oui,,Oui,Éléctrique,12.3 pouces | Live Cockpit Professional,Oui,Pack Sport M,Métallisée,M anthracite,,Acier inoxydable brossé,Ouverture et fermeture motorisées,BMW Iconic Glow,,,1 prise 12 V,Sport | Relax | Expressive | Personal | Efficient,Oui,1,,83.9 kWh,560 km,15.9 kWh/100 km,8.5 heures,30 minutes,,,Oui,,,,,,Sport M,,,,,,,FCW,Oui,,eSim | Teleservices | Connected+ Unlimited,Oui,,Oui,,,,,,,Oui,,,Niveau 2,,,,,,,,,,,,,,,,,,,,,,,,,,,,
Bmw,BMW iX,https://www.automobile.tn/fr/neuf/bmw/ix,xDrive40 Impressive,https://www.automobile.tn/fr/neuf/bmw/ix/xdrive40,369 900 DT,Disponible,SUV,5 ans (2+3) | Batterie garantie 8 ans,5,5,,Electrique,11 CV,326 CH,630 nm 0 tr/min,,Automatique,1,Intégrale,4953 mm,1967 mm,1695 mm,500 L,6.2 s,200 KM/H,,,,Oui,Frontaux | Latéraux | Protège-tête,,DSC,Oui,,Oui,Oui,Radar de recul | Radar avant | Système de caméras 360 | Parkassist | Park distance control,Servotronic,Oui,Avec fonction freinage,,Pare-chocs | Rétroviseurs,Feux de jour | Avant | Arrières,En aluminium | 21'' | Bi-ton,,BMW Laserlight | LED,Harman/Kardon | Commandes au volant,USB-C | Apple Carplay | Bluetooth | Commande vocale | Chargeur de téléphone sans fil,Tactile | 14.9 pouces,Avant | Arrière,,Clear & Bold,,Cuir | Amido,Électriques | Chauffants | Ventilés,Conducteur et passager,Velours,Calorifuges,Cuir | Multi-fonctions | Sport,En hauteur et en profondeur,Démarrage mains libres,Automatique | 4 zones,À distance,Oui,,Anti-éblouissement,Électriques | Rabattables,Avant,2026-02-08 17:33:53.154377,,,,,Ouvrant | Panoramique | Sky Lounge,Accès mains libres,,Oui,Oui,Triangle de présignalisation | Trousse de premiers secours,,Oui,Alu satiné,Oui,,Oui,,Oui,Éléctrique,12.3 pouces | Live Cockpit Professional,Oui,Sport | Titanbronze,,Anthracite,Oui,,Ouverture et fermeture motorisées,,,,1 prise 12 V,,,2,,74.1 kWh,406 km,19.4 kWh/100 km,7.5 heures,31 minutes,,,,Soft close,Pneumatique | Adaptative,,,,,,,,,,,,Oui,,,,,Oui,,,,,,,Oui,Oui,Oui,,,,,,,,,,,,,,,,,,,,,,,,,,,,,
Bmw,BMW iX,https://www.automobile.tn/fr/neuf/bmw/ix,xDrive50 Pack M,https://www.automobile.tn/fr/neuf/bmw/ix/xdrive50-pack-m,399 900 DT,Sur arrivage,SUV,5 ans (2+3) | Batterie garantie 8 ans,5,5,,Electrique,N.C. CV,523 CH,765 nm 0 tr/min,,Automatique,1,Intégrale,4953 mm,1967 mm,1695 mm,500 L,4.6 s,200 KM/H,,,,Oui,Frontaux | Latéraux | Protège-tête,Oui,DSC,Oui,,Oui,Oui,Radar de recul | Radar avant | Système de caméras 360 | Parkassist | Park distance control | Détection du trafic en marche arrière,Servotronic,Oui,Avec fonction freinage | Driving Assistant,,Pare-chocs | Rétroviseurs,Feux de jour | Avant | Arrières,"En aluminium | Bi-ton | 22""",,BMW Laserlight | LED,Harman/Kardon | Commandes au volant | Radio numérique DAB | 18 haut-parleurs,USB-C | Apple Carplay | Bluetooth | Commande vocale | Chargeur de téléphone sans fil | Commande gestuelle,Tactile | 14.9 pouces,Avant | Arrière,,Clear & Bold,,Cuir | Amido,Électriques | Chauffants | Massants | Ventilés | Réglage lombaire | Fonction mémoire,Conducteur et passager,Velours,Lunette et vitres arrières sur-teintées | Athermiques,Cuir | Chauffant | Multi-fonctions | Sport | Réglage électrique,En hauteur et en profondeur,Démarrage mains libres,Automatique | 4 zones,À distance,Oui,,Anti-éblouissement,Électriques | Rabattables | Mémoire de position,Avant,2026-02-08 17:33:55.005937,Oui,,,BMW Natural Interaction,Ouvrant | Panoramique | Sky Lounge,Accès mains libres,,Oui,Oui,Triangle de présignalisation | Trousse de premiers secours,,Oui,Alu satiné,Oui,,Oui,,Oui,Éléctrique,12.3 pouces | Live Cockpit Professional,Oui,Pack Sport M,Métallisée,Anthracite,Oui,,Ouverture et fermeture motorisées,,,,1 prise 12 V,,Oui,2,,108.8 kWh,633 km,19.4 kWh/100 km,8.25 heures,31 minutes,,,Oui,Soft close,Pneumatique | Adaptative,,,,,,,,,,,,Oui,,,,,Oui,,,,,,Avec régulation de la vitesse,Oui,Oui,Oui,,Oui,,,,,,,,,,,,,,,,,,,,,,,,,,,
Byd,BYD Dolphin Surf,https://www.automobile.tn/fr/neuf/byd/dolphin-surf,30.08 KWH,https://www.automobile.tn/fr/neuf/byd/dolphin-surf/30.08-kwh,51 000 DT,1 mois | En pré-commande,Citadine,6 ans ou 150.000 km | Batterie garantie 8 ans ou 200.000 km,4,5,,Electrique,2 CV,75 CH,135 nm 0 tr/min,,Automatique,,Traction,3780 mm,1715 mm,1580 mm,230 L,13.5 s,130 KM/H,,,,Oui,Frontaux | Latéraux,,ESP | TCS,Oui,EBA | EBD | HBA | VDC,TPMS,Oui,Radar de recul,Oui,,Oui,,Pare-chocs | Poignées de portes | Rétroviseurs,Feux de jour | Avant | Arrières | Clignotants à défilement,En aluminium | 16'',,LED,4 haut-parleurs | Commandes au volant,USB | USB-C | Android Auto | Apple Carplay | Bluetooth | Commande vocale | Chargeur de téléphone sans fil,Tactile | 10.1 pouces | Rotatif,Avant,2,,,Similicuir,,Conducteur,Oui,,3 branches | Multi-fonctions,En hauteur et en profondeur,Démarrage mains libres,Automatique,À distance,Oui,,Anti-éblouissement,Électriques | Dégivrants,Avant/Arrière,2026-02-08 17:33:58.574768,,HDC,,,,Accès mains libres | Démarrage à distance,,,Oui,,HHC,,,Oui,Oui,,,,EPB,7 pouces,,,Métallisée,,Poches aumônières,,,,,,1 prise 12 V | Chargeur inversé (V2L),Normal | Sport | Eco | Neige,Oui,1,,30.08 kWh,230 km,12.5 kWh/100 km,3.5 heures,30 minutes,,,,,,,,,,,,,,,LFP,,,,,,,,,,,,,,,,,,,7 kwh,,,,,,,,,,,,,,,,,,,,,,,,,,
Byd,BYD Dolphin Surf,https://www.automobile.tn/fr/neuf/byd/dolphin-surf,38.88 KWH,https://www.automobile.tn/fr/neuf/byd/dolphin-surf/38.88-kwh,55 000 DT,1 mois | En pré-commande,Citadine,6 ans ou 150.000 km | Batterie garantie 8 ans ou 200.000 km,4,5,,Electrique,2 CV,75 CH,135 nm 0 tr/min,,Automatique,,Traction,3780 mm,1715 mm,1580 mm,300 L,13.5 s,130 KM/H,,,,Oui,Frontaux | Latéraux | Rideaux,,ESP | TCS,Oui,EBA | EBD | HBA | VDC,TPMS,Oui,Radar de recul,Oui,,Oui,,Pare-chocs | Poignées de portes | Rétroviseurs,Feux de jour | Avant | Arrières | Clignotants à défilement,En aluminium | 16'',,LED,6 haut-parleurs | Commandes au volant,USB | USB-C | Android Auto | Apple Carplay | Bluetooth | Commande vocale | Chargeur de téléphone sans fil,Tactile | 10.1 pouces | Rotatif,Avant,2,,,Similicuir,Conducteur à réglage électrique | 6 directions,Conducteur,Oui,,Similicuir | 3 branches | Multi-fonctions,En hauteur et en profondeur,Démarrage mains libres,Automatique,À distance,Oui,,Anti-éblouissement,Électriques | Dégivrants,Avant/Arrière,2026-02-08 17:34:00.452984,,HDC,,,,Accès mains libres | Démarrage à distance,,,Oui,,HHC,,,Oui,Oui,,,,EPB,7 pouces,,,Métallisée,,Poches aumônières,,,,,,1 prise 12 V | Chargeur inversé (V2L),Normal | Sport | Eco | Neige,Oui,1,,38.88 kWh,300 km,13.5 kWh/100 km,4.5 heures,30 minutes,,,,,,,,,,,,,,,LFP,,,,,,,,,,,,,,,,,,,7 kwh,,,,,,,,,,,,,,,,,,,,,,,,,,
Byd,BYD Qin Plus,https://www.automobile.tn/fr/neuf/byd/qin/1.5-l-dm-i,BYD Qin Plus,https://www.automobile.tn/fr/neuf/byd/qin/1.5-l-dm-i,,Disponible,Berline,6 ans ou 150.000 km | Batterie garantie 8 ans ou 200.000 km,5,4,4,Essence | Hybride rechargeable,5 CV,187 CH,135 nm 4500 tr/min,1498 CM³,Automatique,,Traction,4765 mm,1837 mm,1495 mm,450 L,9 s,185 KM/H,,,4.3 L/100 km,Oui,Frontaux,,ESC | TCS,Oui,EBD | HBA | VDC,TPMS,Oui,Radar de recul | Caméra de recul,Oui,,Oui,,Pare-chocs | Poignées de portes | Rétroviseurs,Feux de jour | Avant | Arrières | Clignotants à défilement,En aluminium | 16'',,LED,4 haut-parleurs | Commandes au volant,2 USB | Android Auto | Apple Carplay | Bluetooth | Commande vocale,Tactile | 8.8 pouces | Rotatif,Avant,3,,,Tissu,Conducteur à réglage électrique | 6 directions | Avec Appuie-tête intégrés,Conducteur,Oui,,Similicuir | 3 branches | Multi-fonctions,En hauteur et en profondeur,Démarrage mains libres,Automatique | Ventilation arrière,À distance,Oui,,,Électriques,Avant/Arrière,2026-02-08 17:34:03.097515,,,,,,Accès mains libres | Démarrage à distance,,Oui,Oui,,HHC,,,Oui,,,,,Éléctrique,5 pouces,,,Métallisée,,Poches aumônières | Porte-lunettes,,,Chromée,,,1 prise 12 V,Normal | Sport | Eco,,,,8.1 kWh,55 km,,,,,,,,,,,,,,,,,,,,,,,,,,,106 CH,81 CH,316 nm,,,,,,,,,,,,,,,,,,,,,,,,,,,,,,,,,,
Byd,BYD Dolphin,https://www.automobile.tn/fr/neuf/byd/dolphin/fwd,BYD Dolphin,https://www.automobile.tn/fr/neuf/byd/dolphin/fwd,,Disponible,Compacte,6 ans ou 150.000 km | Batterie garantie 8 ans ou 200.000 km,5,5,,Electrique,5 CV,95 CH,180 nm 0 tr/min,,Automatique,,Traction,4070 mm,1770 mm,1570 mm,345 L,10.9 s,150 KM/H,,,,Oui,Frontaux | Latéraux | Rideaux,,ESC | TCS,Oui,EBD | HBA | VDC,TPMS,Oui,Radar de recul | Système de caméras 360,Oui,,Oui,,Pare-chocs | Poignées de portes | Rétroviseurs,Feux de jour | Avant | Arrières | Clignotants à défilement,En aluminium | 16'' | Bi-ton,,LED,6 haut-parleurs | Commandes au volant,USB | USB-C | Android Auto | Apple Carplay | Bluetooth | Commande vocale,Tactile | 12.8 pouces | Rotatif,Avant,3,,,Similicuir,,,Oui,,Similicuir | 3 branches | Multi-fonctions,En hauteur,Démarrage mains libres,Automatique | Bizone | Ventilation arrière,À distance,Oui,,,Électriques,Avant/Arrière,2026-02-08 17:34:05.707917,,CRBS,,,,Accès mains libres | Démarrage à distance,1310 L,,Oui,,HHC,,Chrome,Oui,Oui,,,,Éléctrique,5 pouces,,,Métallisée,,Poches aumônières,,,,,,1 prise 12 V,Sport | Eco,,1,,44.9 kWh,340 km,11 kWh/100 km,5 heures,31 minutes,,,,,,,,,,,,,,,,,,,,,,,,,,,,,,,,,,,405 km,,,,,,,,,,,,,,,,,,,,,,,,,
Byd,BYD Atto 3,https://www.automobile.tn/fr/neuf/byd/atto-3/bev,BYD Atto 3,https://www.automobile.tn/fr/neuf/byd/atto-3/bev,,Disponible,SUV,6 ans ou 150.000 km | Batterie garantie 8 ans ou 200.000 km,5,5,,Electrique,5 CV,204 CH,310 nm 0 tr/min,,Automatique,,Traction,4455 mm,1875 mm,1615 mm,440 L,7.3 s,160 KM/H,,,,Oui,Frontaux | Latéraux | Rideaux,,ESP | TCS,Oui,EBD | HBA |  Freinage automatique anti-collision (AEB) | VDC,TPMS,Oui,Radar de recul | Radar avant | Système de caméras 360,Oui,,Oui,,Pare-chocs | Poignées de portes | Rétroviseurs,Feux de jour | Avant | Arrières | Clignotants à défilement,En aluminium | 18'' | Bi-ton,,LED,8 haut-parleurs | Commandes au volant,2 USB | 2 USB-C | Android Auto | Apple Carplay | Bluetooth | Commande vocale | Chargeur de téléphone sans fil,Tactile | 12.8 pouces | Rotatif,Avant | Arrière,3,,,Similicuir,Conducteur à réglage électrique | 6 directions,Conducteur,Oui,,Similicuir | 3 branches | Multi-fonctions,En hauteur et en profondeur,Démarrage mains libres,Automatique | Bizone | Ventilation arrière,À distance,Oui,,Anti-éblouissement,Électriques | Rabattables | Dégivrants,Avant/Arrière,2026-02-08 17:34:08.393918,LKA,HDC,,,Ouvrant | Panoramique,Accès mains libres | Démarrage à distance,,,Oui,,HHC,,Chrome,Oui,Oui,LED,,,Éléctrique | EPB,5 pouces,,,Métallisée,,Poches aumônières,,,,,,1 prise 12 V | Chargeur inversé (V2L),Normal | Sport | Eco,Rear Cross Traffic Monitor,1,,60.48 kWh,420 km,14.9 kWh/100 km,5 heures,30 minutes,,,,,,,,Aluminium,,,,,,,,FCW,,,,Oui,,,,,,,,TSR,,,,,,,,,,,,,,,,,,,,,,,,,,,,,,,,
Byd,BYD Song Plus,https://www.automobile.tn/fr/neuf/byd/song-plus/1.5-l-dm-i,BYD Song Plus,https://www.automobile.tn/fr/neuf/byd/song-plus/1.5-l-dm-i,,Disponible,SUV,6 ans ou 150.000 km | Batterie garantie 8 ans ou 200.000 km,5,5,4,Essence | Hybride rechargeable,7 CV,265 CH,220 nm 1600 tr/min,1497 CM³,Automatique,,Traction,4775 mm,1890 mm,1670 mm,552 L,8.3 s,180 KM/H,,,5.1 L/100 km,Oui,Frontaux | Latéraux | Rideaux,Oui,ESC | TCS,Oui,EBD | HBA | VDC,TPMS,Oui,Radar de recul | Radar avant | Système de caméras 360,Oui,,Cruise control,,Pare-chocs | Poignées de portes | Rétroviseurs,Feux de jour | Avant | Arrières | Clignotants à défilement,En aluminium | 19'',,LED,9 haut-parleurs | Commandes au volant,2 USB | 2 USB-C | Android Auto | Apple Carplay | Bluetooth | Commande vocale | 1 fente pour carte SD | Chargeur de téléphone sans fil,Tactile | 12.8 pouces | Rotatif,Avant | Arrière,3,,,Similicuir,Conducteur à réglage électrique | 6 directions | Avec Appuie-tête intégrés,Conducteur,Oui,,Similicuir | 3 branches | Multi-fonctions,En hauteur et en profondeur,Démarrage mains libres,Automatique | Bizone | Ventilation arrière,À distance,Oui,,,Électriques | Rabattables | Éclairage d'accueil à LED,Avant/Arrière,2026-02-08 17:34:11.200087,,Oui,,GPS,Ouvrant | Panoramique,Accès mains libres | Démarrage à distance,,Oui,Oui,Triangle de présignalisation | Extincteur,HHC,,Chrome,Oui,Oui,LED,,,Éléctrique | EPB,12.3 pouces,,,Métallisée,,Poches aumônières | Porte-lunettes,,Ouverture et fermeture motorisées,Chromée,,,1 prise 12 V | Chargeur inversé (V2L),Normal | Sport | Eco,,,,18.3 kWh,90 km,,,,,,,,,,,Aluminium,,,,,,,,,,,,,,,,130 CH,204 CH,300 nm,,,,,,,,,,,,,,,,,,,,,,,,,,,,,,,,,,
Byd,BYD Tang EV,https://www.automobile.tn/fr/neuf/byd/tang-ev/bev,BYD Tang EV,https://www.automobile.tn/fr/neuf/byd/tang-ev/bev,,Disponible,SUV,6 ans ou 150.000 km | Batterie garantie 8 ans ou 200.000 km,7,5,,Electrique,9 CV,516 CH,680 nm 0 tr/min,,Automatique,,Intégrale,4970 mm,1955 mm,1745 mm,940 L,4.9 s,190 KM/H,,,,Oui,Frontaux | Latéraux | Rideaux,Oui,ESP | TCS,Oui,EBD | HBA | Système anti-collision avec détection des piétons |  Freinage automatique anti-collision (AEB) | VDC,TPMS,Oui,Radar de recul | Radar avant | Système de caméras 360,Oui,Oui,Adaptatif (ACC) | Cruise control,Oui,Pare-chocs | Poignées de portes | Rétroviseurs,Feux de jour | Avant | Arrières | Clignotants à défilement,En aluminium | 21'' | Bi-ton,,LED,12 haut-parleurs | Commandes au volant,Android Auto | 4 USB | Apple Carplay | Bluetooth | Commande vocale | 1 fente pour carte SD | Chargeur de téléphone sans fil,Tactile | Rotatif | 15.6 pouces,Avant | Arrière,3,,,Cuir,Électriques | 8 directions | Chauffants | Massants | Ventilés | Réglage lombaire | Fonction mémoire,Conducteur et passager,Oui,Acoustiques | Athermiques,Cuir | Chauffant | Multi-fonctions,En hauteur et en profondeur,Démarrage mains libres,Automatique | 3 zones | Ventilation arrière,À distance,Oui,,Anti-éblouissement,Électriques | Rabattables | Dégivrants | Mémoire de position | Avec clignotants intégrés | Éclairage d'accueil à LED,Avant/Arrière,2026-02-08 17:34:13.985327,LKA,HDC,,,Ouvrant | Panoramique,Accès mains libres | Démarrage à distance,1655 L,Oui,Oui,Triangle de présignalisation,HHC,,Chrome,Oui,Oui,LED | 31 Couleurs,Métal,Oui,Éléctrique,12.3 pouces,,,Métallisée,,Porte-lunettes,,Ouverture et fermeture motorisées | Ouverture mains libres,,,,2 prises 12 V | Chargeur inversé (V2L),Normal | Sport | Eco,Rear Cross Traffic Monitor,2,,108.8 kWh,520 km,20.9 kWh/100 km,7.5 heures,30 minutes,,Cuir | Alcantara,,,,,,Aluminium,,,,,,,,FCW,Oui,,,Oui,,,,,,,,TSR,,,,,,,,,,,,,,,,,,,,,,,,,,,,,,,,
Cenntro,Cenntro Logistar 100,https://www.automobile.tn/fr/neuf/cenntro/logistar-ls-100/16-kwh,Cenntro Logistar 100,https://www.automobile.tn/fr/neuf/cenntro/logistar-ls-100/16-kwh,,Disponible,Utilitaire,5 ans ou 100000 km | Batterie garantie 8 ans ou 160.000 KM,2,5,,Electrique,2 CV,34 CH,90 nm 0 tr/min,,Automatique,,Traction,3664 mm,1610 mm,1689 mm,,,90 KM/H,,,,Oui,Frontaux,,ESC,Oui,,Oui,,Radar de recul | Caméra de recul,Électrique,,,,,,14'',,,Oui,Bluetooth,Tactile,,,,,Tissu,,,Oui,,,,,Manuelle,À distance,Oui,,,Électriques,Avant,2026-02-08 17:34:17.527266,,,,,,,,,,,,,,,,,,,,,,,,,,,,,,,1 prise 12 V,,,1,,16 kWh,120 km,15 kWh/100 km,5 heures,,,,,,,,,,,,,,600 KG,2 m³,,,,,,,,,,,,,,,,,,,,,,,,,,,,,,,,,,,,,,,,,,,,,,
Cenntro,Cenntro Logistar 210,https://www.automobile.tn/fr/neuf/cenntro/logistar-ls-210/41.85-kwh,Cenntro Logistar 210,https://www.automobile.tn/fr/neuf/cenntro/logistar-ls-210/41.85-kwh,,Disponible,Utilitaire,5 ans ou 100000 km | Batterie garantie 8 ans ou 160.000 KM,2,5 | 2 portes latérales coulissantes,,Electrique,3 CV,82 CH,200 nm 0 tr/min,,Automatique,,Traction,4510 mm,1880 mm,2000 mm,,,100 KM/H,,,,Oui,Frontal conducteur,,Oui,Oui,EBD,Oui,,Radar de recul | Caméra de recul,Électrique,,,,,,14'',,,Oui,USB | Bluetooth,Tactile,,,,,Tissu,,,Oui,,,,,Manuelle,À distance,Oui,,,Électriques,Avant,2026-02-08 17:34:20.045675,,,,,,,,,,,,,,,,,,,,,,,,,,,,,,,1 prise 12 V,,,1,,41.85 kWh,255 km,15.5 kWh/100 km,8 heures,45 minutes,,,,,,,,,,,,,970 KG,5.5 m³,,,,,,,,,,,,,,,,,,,,,,,,,,,,,,,,,,,,,,,,,,,,,,
Cenntro,Cenntro Logistar 260,https://www.automobile.tn/fr/neuf/cenntro/logistar-ls-260/43.5-kwh,Cenntro Logistar 260,https://www.automobile.tn/fr/neuf/cenntro/logistar-ls-260/43.5-kwh,,Disponible,Utilitaire,5 ans ou 100000 km | Batterie garantie 8 ans ou 160.000 KM,2,5 | 2 portes arrières battantes tolées,,Electrique,3 CV,102 CH,265 nm 0 tr/min,,Automatique,,Traction,5457 mm,1850 mm,2046 mm,,,95 KM/H,,,,Oui,Frontal conducteur,,Oui,Oui,,Oui,,Radar de recul | Caméra de recul,Électrique,,,,,Feux de jour,16'',,,2 haut-parleurs,USB | Bluetooth,Tactile,,,,,Tissu,,,Oui,,,,,Manuelle,À distance,Oui,,,Électriques,Avant,2026-02-08 17:34:22.707961,,,,,,,,,Oui,,,,,,,,,,,,,,,,,,,,,,1 prise 12 V,Normal | Eco,,1,,43.5 kWh,270 km,13.5 kWh/100 km,8 heures,30 minutes,,,,,,,,,,,,,1280 KG,7.5 m³,,,,,,,,,,,,,,,,,,,,,,,,,,,,,,,,,,,,,,,,,,,,,,
Changan,Changan New Star Van,https://www.automobile.tn/fr/neuf/changan/new-star/1.2-l,Changan New Star Van,https://www.automobile.tn/fr/neuf/changan/new-star/1.2-l,,Disponible,Utilitaire,1 an,2,3 | 2 portes latérales coulissantes,4,Essence,6 CV,92 CH,113 nm 4800 tr/min,1243 CM³,Manuelle,5,Propulsion,3980 mm,1620 mm,1890 mm,,N.C,120 KM/H,,,7.4 L/100 km,Oui,Frontaux,,,,,,,,EPS,,,Oui,,,14'',,,Oui,AUX,,,,,,Tissu,,,Oui,,,,,Manuelle,À distance,,,,,Avant,2026-02-08 17:34:26.170206,,,,,,,,,,,,,,,,,,,,,,,,,,,,,,Oui,,,,,,,,,,,,,,,,,,,,,,,620 KG,3.5 m³,,,,,,,,,,,,,,,,,,,,,,,,,,,,,,,,,,,,,,,,,,,,,,
Changan,Changan Star Truck Double Cabine,https://www.automobile.tn/fr/neuf/changan/star-truck-double-cabine/1.2-l,Changan Star Truck Double Cabine,https://www.automobile.tn/fr/neuf/changan/star-truck-double-cabine/1.2-l,,Disponible,Pick up,1 an,5,4,4,Essence,7 CV,98 CH,119 nm N.C tr/min,1243 CM³,Manuelle,5,Propulsion,4660 mm,1645 mm,1890 mm,,N.C,120 KM/H,,,7.4 L/100 km,Oui,Frontaux,,,,,,,,,,,Oui,,,14'',,,Oui,AUX,,,,,,Tissu,,,,,,,,Manuelle,Oui,,,,,Avant,2026-02-08 17:34:28.846646,,,,,,,,,,,,,,,,,,,,,,,,,,,,,,Oui,,,,,,,,,,,,,,,,,,,,,,,965 KG,,,,,,,,,,,,,,,,,,,,,,,,,,,,,,,,,,,,,,,,,,,,,,,
Changan,Changan Hunter,https://www.automobile.tn/fr/neuf/changan/hunter/1.9-l-turbo-diesel-4x4,Changan Hunter,https://www.automobile.tn/fr/neuf/changan/hunter/1.9-l-turbo-diesel-4x4,,Indisponible,Pick up,3 ans ou 100.000 km,5,4,4,Diesel,6 CV,150 CH,350 nm 1800 tr/min,1910 CM³,Manuelle,6,Intégrale,5330 mm,1930 mm,1835 mm,,15.8 s,171 KM/H,,,8 L/100 km,Oui,Frontaux | Latéraux,,ESP,Oui,EBD,Oui,Oui,Radar de recul | Caméra de recul,Oui,Oui,Oui,Oui,Pare-chocs | Rétroviseurs,Feux de jour,En aluminium | 17'',,,6 haut-parleurs | Commandes au volant,3 USB | Bluetooth,Tactile | 10 pouces,Avant | Arrière,,,,Cuir,Électriques | Réglage lombaire,Conducteur,Oui,,Cuir | Multi-fonctions,En hauteur et en profondeur,Démarrage mains libres,Automatique | Ventilation arrière,À distance,Oui,,Anti-éblouissement,Électriques | Rabattables | Dégivrants | Avec clignotants intégrés,Avant/Arrière,2026-02-08 17:34:31.444910,,HDC,,,,Accès mains libres,,Oui,,,HAC,,,,,,,Oui,,,,,,,,,,Chromée,,Oui,1 prise 12 V,,,,,,,,,,,,,,,,,Oui,,,Arrière,,980 KG,,,,,,,,,,,,,,,,,,,,,,,Oui,Oui,Chromées,,,,,,,,,,,,,,,,,,,,,,
Chery,Chery Tiggo 1X populaire,https://www.automobile.tn/fr/neuf/chery/tiggo-1x-populaire/1.0-l-turbo-cvt,Chery Tiggo 1X populaire,https://www.automobile.tn/fr/neuf/chery/tiggo-1x-populaire/1.0-l-turbo-cvt,,Sous réserve d'acceptation du dossier par le ministère du commerce | En pré-commande,SUV,3 ans ou 100.000 km,5,5,3,Essence,4 CV,70 CH,117 nm 3500 tr/min,998 CM³,Automatique,9,Traction,4200 mm,1760 mm,1570 mm,420 L,15.3 s,170 KM/H,,,6.3 L/100 km,Oui,Frontaux,,ESP,Oui,EBA | EBD,,Oui,Radar de recul,Oui,,Oui,Oui,Poignées de portes | Rétroviseurs,Feux de jour | Arrières,En aluminium | 16'',,,Commandes au volant,USB | Android Auto | Apple Carplay | Bluetooth,Tactile | 9 pouces,Avant,,,,Tissu,,,Oui,,Multi-fonctions | à méplat,En hauteur,Démarrage mains libres,Automatique,À distance,Ecran TFT 3.5'',,,Électriques | Rabattables | Avec clignotants intégrés,Avant/Arrière,2026-02-08 17:34:35.194261,,HDC,,,,Accès mains libres | Démarrage à distance,1239 L,Oui,,Triangle de présignalisation,HAC,,,,Oui,,,,,,,,,,,,,Chromée | Noire,,,1 prise 12 V,,,,,,,,,,,,,,,,,Aluminium,,,,,,,,,,,,,,,,,,,,,,,,,,,,,,,Oui,,,,,,,,,,,,,,,,,,,,,
Chery,Chery Tiggo 3X,https://www.automobile.tn/fr/neuf/chery/tiggo-3x,1.5 L Comfort BVM,https://www.automobile.tn/fr/neuf/chery/tiggo-3x/1.5-l-bvm-comfort,57 900 DT,Disponible,SUV,5 ans ou 100000 km,5,5,4,Essence,6 CV,113 CH,138 nm 4000 tr/min,1499 CM³,Manuelle,5,Traction,4200 mm,1760 mm,1570 mm,420 L,13 s,170 KM/H,,,7.1 L/100 km,Oui,Frontaux,,ESP,Oui,EBA | EBD,Oui,Oui,Radar de recul | Caméra de recul,Électrique,,Oui,,Pare-chocs | Poignées de portes | Rétroviseurs,Feux de jour,En aluminium | 16'',,,Commandes au volant,USB | Android Auto | Apple Carplay | Bluetooth,Tactile | 9 pouces,Avant,,,,Similicuir,,Conducteur,Oui,,Multi-fonctions | à méplat,En hauteur,,Automatique,À distance,Ecran TFT 3.5'',,,Électriques | Avec clignotants intégrés,Avant/Arrière,2026-02-08 17:34:37.913457,,,,,,,1239 L,Oui,,,,,,,Oui,,,,,,,,,,,,,Noire,,,1 prise 12 V,,,,,,,,,,,,,,,,,Chromées,,,,,,,,,,,,,,,,,,,,,,,,,,,,,,,,,,,,,,,,,,,,,,,,,,,,
Chery,Chery Tiggo 3X,https://www.automobile.tn/fr/neuf/chery/tiggo-3x,1.0 L Turbo CVT Luxury,https://www.automobile.tn/fr/neuf/chery/tiggo-3x/1.0-l-turbo-cvt-luxury,66 990 DT,Sur arrivage,SUV,5 ans ou 100000 km,5,5,3,Essence,6 CV,102 CH,150 nm 1500 tr/min,998 CM³,Automatique,9,Traction,4200 mm,1760 mm,1570 mm,420 L,14.2 s,170 KM/H,,,5.9 L/100 km,Oui,Frontaux | Latéraux,,ESP,Oui,EBA | EBD,Oui,Oui,Radar de recul | Caméra de recul,Électrique,,Oui,Oui,Poignées de portes,Feux de jour,En aluminium | 16'',,,4 haut-parleurs | Commandes au volant,USB | Android Auto | Apple Carplay | Bluetooth,Tactile | 9 pouces,Avant,,Aspect Carbone,,Cuir/Tissu,,Conducteur,Oui,,Cuir | Multi-fonctions,En hauteur,Démarrage mains libres,Manuelle,À distance,Ecran TFT 3.5'',,,Électriques | Rabattables | Avec clignotants intégrés,Avant/Arrière,2026-02-08 17:34:39.948282,,Oui,,,Ouvrant,Démarrage à distance | Accès mains libres,,Oui,Oui,,Oui,,,,Oui,,,,,,,,Métallisée,,,,,Chromée | Noire,,,,,,,,,,,,,,,,,,,,Oui,,,,,,,,,,,,,,,,,,,,,,,,,,,,,,,,,,,,,,,,,,,,,,,,,,,,
Chery,Chery Arrizo 5,https://www.automobile.tn/fr/neuf/chery/arrizo-5,1.5 L Comfort BVM,https://www.automobile.tn/fr/neuf/chery/arrizo-5/1.5-l-bvm,59 490 DT,Disponible,Berline,5 ans ou 150000 km,5,4,4,Essence,7 CV,115 CH,141 nm 3800 tr/min,1499 CM³,Manuelle,5,Traction,4690 mm,1825 mm,1482 mm,430 L,12.4 s,180 KM/H,N.C,N.C,6.4 L/100 km,Oui,Frontaux | Latéraux,,ESP | ASR | TCS,Oui,EBD,TPMS,Oui,Radar de recul | Caméra de recul,Oui,,Oui,,Pare-chocs | Poignées de portes | Rétroviseurs,Feux de jour | Avant | Arrières,En aluminium | 16'',,,2 haut-parleurs | Commandes au volant,2 USB | Android Auto | Apple Carplay | Bluetooth,Tactile | 8 pouces,Avant | Arrière,3,,,Similicuir,,Conducteur et passager,Oui,,3 branches | Multi-fonctions | à méplat,En hauteur,,Automatique,À distance,Oui,,,Électriques | Avec clignotants intégrés,Avant/Arrière,2026-02-08 17:34:42.760142,,,,,,,,Oui,,,,,,,,,,,,,,,Métallisée,,,,,Chromée,,,,,,,,,,,,,,,,,,,,,,,,,,,,,,,,,,,,,,,,,,,,,,,,,,,,,,,,,,,,,,,,,,,,,,,,
Chery,Chery Arrizo 5,https://www.automobile.tn/fr/neuf/chery/arrizo-5,1.5 L CVT Luxury,https://www.automobile.tn/fr/neuf/chery/arrizo-5/1.5-l-cvt-luxury,69 490 DT,Disponible,Berline,5 ans ou 150000 km,5,4,4,Essence,7 CV,115 CH,141 nm 3800 tr/min,1499 CM³,Automatique,7,Traction,4690 mm,1825 mm,1482 mm,430 L,12.4 s,180 KM/H,N.C,N.C,6.4 L/100 km,Oui,Frontaux | Latéraux,,ESP | ASR | TCS,Oui,EBD,TPMS,Oui,Radar de recul | Caméra de recul,Oui,,Oui,,Pare-chocs | Poignées de portes | Rétroviseurs,Feux de jour | Avant | Arrières,En aluminium | 17'',,,4 haut-parleurs | Commandes au volant,2 USB | Android Auto | Apple Carplay | Bluetooth,Tactile | 8 pouces,Avant | Arrière,3,,,Similicuir,Conducteur à réglage électrique | 6 directions,Conducteur et passager,Oui,,3 branches | Multi-fonctions | à méplat,En hauteur,,Automatique | Ventilation arrière,À distance,Ecran TFT 7'',,,Électriques | Rabattables | Avec clignotants intégrés,Avant/Arrière,2026-02-08 17:34:44.599733,,,,,Ouvrant,,,Oui,,,Autohold,,,,,,,,Éléctrique,,,,Métallisée,,,,,Chromée,,,,Sport | Eco,,,,,,,,,,,,,,,,,,,,,,,,,,,,,,,,,,,,,,,,,,,,,,,,,,,,,,,,,,,,,,,,,,,,
Chery,Chery Tiggo 4 Pro,https://www.automobile.tn/fr/neuf/chery/tiggo-4-pro/1.5-t-cvt,Chery Tiggo 4 Pro,https://www.automobile.tn/fr/neuf/chery/tiggo-4-pro/1.5-t-cvt,,Disponible,SUV,5 ans ou 150000 km,5,5,4,Essence,6 CV,113 CH,138 nm 4000 tr/min,1499 CM³,Automatique,,Traction,4318 mm,1831 mm,1679 mm,340 L,9.7 s,165 KM/H,,,7.3 L/100 km,Oui,Frontaux | Latéraux,,ESP,Oui,EBA | EBD,Oui,Oui,Radar de recul | Caméra de recul,Électrique,Oui,Oui,,Pare-chocs | Poignées de portes | Rétroviseurs,Feux de jour | Avant | Arrières,En aluminium | 17'',,Full LED,Commandes au volant,3 USB | Android Auto | Apple Carplay | Bluetooth | Commande vocale,Tactile | 10.25 pouces,Avant | Réfrigéré | Arrière,3,,,Cuir perforé,Conducteur à réglage électrique | 6 directions | Réglage lombaire,Conducteur et passager,Oui,,Cuir | Multi-fonctions,En hauteur et en profondeur,Démarrage mains libres,Automatique | Ventilation arrière,À distance,Oui,,,Électriques | Rabattables | Avec clignotants intégrés,Avant/Arrière,2026-02-08 17:34:47.208815,,Oui,,,Ouvrant,Démarrage à distance,,Oui,Oui,,Autohold,,Chrome,,,,,,Éléctrique,7 pouces,,,,,,,,Chromée,,,,,,,,,,,,,,,,,,,,Chromées,,,,,,,,,,,,Oui,,,,,,,,,,,,,,,,,,,,,,,,,,,,,,,,,,,,,,,,
Chery,Chery Tiggo 7 Pro,https://www.automobile.tn/fr/neuf/chery/tiggo-7/1.5-t-cvt-2025,Chery Tiggo 7 Pro,https://www.automobile.tn/fr/neuf/chery/tiggo-7/1.5-t-cvt-2025,,Disponible,SUV,7 ans ou 200000 km,5,5,4,Essence,9 CV,147 CH,210 nm 1750 tr/min,1498 CM³,Automatique,9,Traction,4513 mm,1862 mm,1696 mm,475 L,9.7 s,185 KM/H,,,7.9 L/100 km,Oui,Frontaux | Latéraux | Rideaux,Oui,ESP,Oui,EBA | EBD,Oui,Oui,Radar de recul | Radar avant | Système de caméras 360,Oui,,Adaptatif (ACC),,Oui,Feux de jour | Avant | Arrières,En aluminium | 18'',,Matrix LED,6 haut-parleurs | Commandes au volant | Sony,3 USB | Android Auto | Apple Carplay | Bluetooth | Commande vocale | Wifi | Chargeur de téléphone sans fil,Tactile | 12.3 pouces,Avant | Réfrigéré | Arrière,3,,,Cuir,Électriques | 6 directions | Chauffants | Ventilés | Réglage lombaire | Fonction mémoire,Conducteur et passager,Oui,,Cuir | Multi-fonctions,En hauteur et en profondeur,Démarrage mains libres,Automatique | Bizone | Ventilation arrière,À distance,Oui,,,Électriques | Rabattables | Dégivrants | Avec clignotants intégrés,Avant/Arrière,2026-02-08 17:34:49.852424,,,,,Ouvrant | Panoramique,Accès mains libres | Démarrage à distance,1500 L,Oui,Oui,,,,Chrome,,Oui,Oui,,,Éléctrique,12.3 pouces,,,,,,,Ouverture et fermeture motorisées,Chromée,,,,Sport | Eco,,,,,,,,,,,,,,,,Oui,,,,,,,,,,,,Oui,,,,,,,,,,,,,,,,,,,,,,,,,,,,,,,,,,,,,,,,
Chery,Chery Arrizo 8,https://www.automobile.tn/fr/neuf/chery/arrizo-8/1.6-t-gdi-bva,Chery Arrizo 8,https://www.automobile.tn/fr/neuf/chery/arrizo-8/1.6-t-gdi-bva,,Disponible,Berline,7 ans ou 200000 km,5,4,4,Essence,10 CV,185 CH,275 nm 2000 tr/min,1598 CM³,Automatique,7,Traction,4757 mm,1832 mm,1471 mm,520 L,9.8 s,195 KM/H,,,6.2 L/100 km,Oui,Frontaux | Latéraux | Rideaux | Genoux,Oui,ESP,Oui,EBA | EBD,Oui,Oui,Radar de recul | Radar avant | Système de caméras 540°,Oui,,Adaptatif (ACC),,Pare-chocs | Poignées de portes | Rétroviseurs,Feux de jour | Avant | Arrières,En aluminium | 18'',,Matrix LED,12 haut-parleurs | Commandes au volant | Sony,USB | Android Auto | Apple Carplay | Bluetooth | Commande vocale | Wifi | Chargeur de téléphone sans fil,Tactile | 12.3 pouces,Avant | Réfrigéré | Arrière,3,,,Cuir perforé,Électriques | Chauffants | Ventilés | Fonction mémoire,Conducteur et passager,Oui,,Cuir | Chauffant | Multi-fonctions | Avec palettes,En hauteur et en profondeur,Démarrage mains libres,Automatique | Bizone | Ventilation arrière,À distance,Oui,,,Électriques | Rabattables | Dégivrants | Avec clignotants intégrés,Avant/Arrière,2026-02-08 17:34:52.559095,,,,,Ouvrant | Panoramique,Accès mains libres,,Oui,Oui,,,Oui,Chrome,,,LED,,Oui,Éléctrique,12.3 pouces,,,,,,,,,,,,Sport | Eco,,,,,,,,,,,,,,,,,,,,,,,,,,,,Oui,,,,,,,,,,,,Niveau 2,,,,,,,,,,,,,,,,,,,,,,,,,,,,
Chevrolet,Chevrolet Groove,https://www.automobile.tn/fr/neuf/chevrolet/groove/1.5-l-premier-2022,Chevrolet Groove,https://www.automobile.tn/fr/neuf/chevrolet/groove/1.5-l-premier-2022,,Disponible,SUV,2 ans ou 100.000 km,5,5,4,Essence,6 CV,106 CH,140 nm 3600 tr/min,1485 CM³,Automatique,,Traction,4220 mm,1740 mm,1615 mm,320 L,13.2 s,160 KM/H,,,7.3 L/100 km,Oui,Frontaux | Latéraux,,ESC | ESP,Oui,EBD,TPMS,,Radar de recul | Caméra de recul,Électrique,,Oui,Oui,,Feux de jour | Avant | Arrières,En aluminium | 16'',,,6 haut-parleurs | Commandes au volant,USB | Android Auto | Apple Carplay | Bluetooth,Tactile | 8 pouces,Avant,,,Cuir,Tissu | Surpiqures,Conducteur à réglage électrique | 4 directions,Conducteur,Oui,Teintées,Cuir | 3 branches,En hauteur,Démarrage mains libres,Automatique,À distance,Oui,,Anti-éblouissement,Électriques | Rabattables | Avec clignotants intégrés,Avant/Arrière,2026-02-08 17:34:56.112909,,,,,Ouvrant | Panoramique,Accès mains libres,,Oui,Oui,,,,,,,,,,,,,,,,,,,Chromée,,,,Sport | Eco,,,,,,,,,,,,,,,,,,,,,,,,,,,,,,,,,,,,,,,,,,,,,,Chromées,,,,,,,,,,,,,,,,,,,,,,
Chevrolet,Chevrolet Captiva,https://www.automobile.tn/fr/neuf/chevrolet/captiva,1.5 Turbo CVT 5 places,https://www.automobile.tn/fr/neuf/chevrolet/captiva/1.5-turbo-cvt-2025-5-places,93 920 DT,Disponible,SUV,2 ans ou 100.000 km,5,5,4,Essence,9 CV,147 CH,255 nm 2400 tr/min,1451 CM³,Automatique,8,Traction,4670 mm,1835 mm,1750 mm,429 L,9.5 s,180 KM/H,12 L/100 km,7.6 L/100 km,9.2 L/100 km,Oui,Frontaux | Latéraux | Rideaux,,ESC | TCS,Oui,EBD,TPMS,,Radar de recul | Radar avant | Système de caméras 360 | Parkassist,Électrique,,Oui,Oui,,Feux de jour | Avant | Arrières,En aluminium | 18'',,LED,6 haut-parleurs | Commandes au volant,USB | Android Auto | Apple Carplay | Bluetooth,Tactile | 10.4 pouces,Avant | Arrière,,,Chromé,Similicuir perforé,Conducteur à réglage électrique | 6 directions,Conducteur et passager,Oui,,Multi-fonctions,En hauteur et en profondeur,Démarrage mains libres,Automatique,À distance,Oui,,,Électriques | Avec clignotants intégrés,Avant/Arrière,2026-02-08 17:34:58.634738,,,,,Ouvrant | Panoramique,Accès mains libres,1051 L,Oui,Oui,,Autohold | HSA,,,,,,Chromés,,Éléctrique,7 pouces,,,,,Porte-lunettes,,,,,,,Normal | Sport,,,,,,,,,,,,,,,,,,,,,,,,,,,,,,,,,,,,,,,,,,,,,,Chromées,,,,,,,,,,,,,,,,,,,,,,
Chevrolet,Chevrolet Captiva,https://www.automobile.tn/fr/neuf/chevrolet/captiva,1.5 Turbo CVT 7 places,https://www.automobile.tn/fr/neuf/chevrolet/captiva/1.5-turbo-cvt-2025-7-places,95 920 DT,Disponible,SUV,2 ans ou 100.000 km,7,5,4,Essence,9 CV,147 CH,255 nm 2400 tr/min,1451 CM³,Automatique,8,Traction,4670 mm,1835 mm,1750 mm,429 L,9.5 s,180 KM/H,12 L/100 km,7.6 L/100 km,9.2 L/100 km,Oui,Frontaux | Latéraux | Rideaux,,ESC | TCS,Oui,EBD,TPMS,,Radar de recul | Radar avant | Système de caméras 360 | Parkassist,Électrique,,Oui,Oui,,Feux de jour | Avant | Arrières,En aluminium | 18'',,LED,6 haut-parleurs | Commandes au volant,USB | Android Auto | Apple Carplay | Bluetooth,Tactile | 10.4 pouces,Avant | Arrière,,,Chromé,Similicuir perforé,Conducteur à réglage électrique | 6 directions,Conducteur et passager,Oui,,Multi-fonctions,En hauteur et en profondeur,Démarrage mains libres,Automatique,À distance,Oui,,,Électriques | Avec clignotants intégrés,Avant/Arrière,2026-02-08 17:35:00.440054,,,,,Ouvrant | Panoramique,Accès mains libres,1051 L,Oui,Oui,,Autohold | HSA,,,,,,Chromés,,Éléctrique,7 pouces,,,,,Porte-lunettes,,,,,,,Normal | Sport,,,,,,,,,,,,,,,,,,,,,,,,,,,,,,,,,,,,,,,,,,,,,,Chromées,,,,,,,,,,,,,,,,,,,,,,
Citroen,Citroën C3 Populaire,https://www.automobile.tn/fr/neuf/citroen/c3-populaire/1.2-l,Citroën C3 Populaire,https://www.automobile.tn/fr/neuf/citroen/c3-populaire/1.2-l,,Disponible | Sous réserve d'acceptation du dossier par le ministère du commerce,Citadine,3 ans,5,5,3,Essence,4 CV,75 CH,118 nm 2750 tr/min,1199 CM³,Manuelle,5,Traction,3999 mm,1749 mm,1474 mm,300 L,13.3 s,175 KM/H,6.4 L/100 km,4.7 L/100 km,5.4 L/100 km,Oui,Frontaux | Latéraux | Rideaux,Oui,ESP,Oui,AFU,Oui,,,Oui,Oui,Oui,Oui,Poignées de portes,Feux de jour,15'',,LED,4 haut-parleurs,USB | Bluetooth,,,3,Noir brillant,,Tissu,,Conducteur,Oui,,Multi-fonctions,En hauteur et en profondeur,,Manuelle,À distance,Oui,,,Électriques | Dégivrants,Avant,2026-02-08 17:35:04.513058,,,,,,,,,,,Oui,Oui,,,,,,,,,,,Métallisée +360 DT,,,,,,,,1 prise 12 V,,,,,,,,,,,,,,,,,,,,,,,,,,,,,,,,,,,,,TSR,,,,,,,,,,,Oui,,,,,,,,,,,,,,,,,,,,,
Citroen,Citroën C4 X,https://www.automobile.tn/fr/neuf/citroen/c4-x,1.2 L  Plus EAT8,https://www.automobile.tn/fr/neuf/citroen/c4-x/1.2-l-eat8-plus,84 900 DT,Disponible,Berline,3 ans ou 100.000 km,5,4,3,Essence,7 CV,130 CH,230 nm 1750 tr/min,1199 CM³,Automatique,8,Traction,4580 mm,1800 mm,1525 mm,510 L,9.7 s,200 KM/H,7.4 L/100 km,5.2 L/100 km,6 L/100 km,Oui,Frontaux | Latéraux,,ESP,Oui,,,Oui,Radar de recul | Caméra de recul,Oui,Oui,Oui,LED | Avec fonction Cornering,Pare-chocs | Poignées de portes,Feux de jour | Avant | Arrières,En aluminium | 17'',,Eco LED,Commandes au volant,USB | Android Auto | Apple Carplay | Bluetooth | Commande vocale,Tactile | 10 pouces,Avant,,,,Tissu,Réglage lombaire | Advanced Confort,Conducteur et passager,Oui,,Cuir | Multi-fonctions,En hauteur et en profondeur,,Automatique | Bizone,À distance,Oui,,,Électriques | Rabattables | Dégivrants | Noirs | Avec clignotants intégrés,Avant/Arrière,2026-02-08 17:35:07.283264,,,,,,,,,Oui,,Oui,,,,Oui,,,Oui,Éléctrique,5 pouces,,,,,,,,,,,,,,,,,,,,,,,,,,,,,,,,,,,,,,,,,,,,,,,,,,,,,,,,,,,,,,,,,,,,,,,,,,,,,,,,
Citroen,Citroën C4 X,https://www.automobile.tn/fr/neuf/citroen/c4-x,1.2 L  Max EAT8,https://www.automobile.tn/fr/neuf/citroen/c4-x/1.2-l-eat8-max,90 900 DT,Disponible,Berline,3 ans ou 100.000 km,5,4,3,Essence,7 CV,130 CH,230 nm 1750 tr/min,1199 CM³,Automatique,8,Traction,4580 mm,1800 mm,1525 mm,510 L,9.7 s,200 KM/H,7.4 L/100 km,5.2 L/100 km,6 L/100 km,Oui,Frontaux | Latéraux | Rideaux,,ESP,Oui,,,Oui,Radar de recul | Radar avant | Caméra de recul,Oui,Oui,Oui,LED | Avec fonction Cornering,Pare-chocs | Poignées de portes,Feux de jour | Avant | Arrières,En aluminium | 17'',,Eco LED,Commandes au volant,USB | Android Auto | Apple Carplay | Bluetooth | Commande vocale,Tactile | 10 pouces,Avant,,,,Tissu,Réglage lombaire | Advanced Confort,Conducteur et passager,Oui,Lunette et vitres arrières sur-teintées,Cuir | Multi-fonctions,En hauteur et en profondeur,Démarrage mains libres,Automatique | Bizone,À distance,Oui,,,Électriques | Rabattables | Dégivrants | Noirs | Avec clignotants intégrés,Avant/Arrière,2026-02-08 17:35:09.160990,,,,,,Accès mains libres,,,Oui,,Oui,,,,Oui,,,Oui,Éléctrique,7 pouces,,,,,,,,,,,,,,,,,,,,,,,,,,,,,,,,,,,,,,,,Oui,,,,,,,,,,,,,,,,,,,,,,,,,,,,,,,,,,,,,,,,
Citroen,Citroën C4 X,https://www.automobile.tn/fr/neuf/citroen/c4-x,1.2 L  Max + EAT8,https://www.automobile.tn/fr/neuf/citroen/c4-x/1.2-l-eat8-max-plus,94 900 DT,Disponible,Berline,3 ans ou 100.000 km,5,4,3,Essence,7 CV,130 CH,230 nm 1750 tr/min,1199 CM³,Automatique,8,Traction,4580 mm,1800 mm,1525 mm,510 L,9.7 s,200 KM/H,7.4 L/100 km,5.2 L/100 km,6 L/100 km,Oui,Frontaux | Latéraux | Rideaux,,ESP,Oui,,,Oui,Radar de recul | Radar avant | Caméra de recul,Oui,Oui,Oui,LED | Avec fonction Cornering,Pare-chocs | Poignées de portes,Feux de jour | Avant | Arrières,En aluminium | 17'',,Eco LED,Commandes au volant,USB | Android Auto | Apple Carplay | Bluetooth | Commande vocale,Tactile | 10 pouces,Avant,,,,Tissu,Réglage lombaire | Advanced Confort,Conducteur et passager,Oui,Lunette et vitres arrières sur-teintées,Cuir | Multi-fonctions,En hauteur et en profondeur,Démarrage mains libres,Automatique | Bizone,À distance,Oui,,,Électriques | Rabattables | Dégivrants | Noirs | Avec clignotants intégrés,Avant/Arrière,2026-02-08 17:35:10.990036,,,,,Panoramique,Accès mains libres,,,Oui,,Oui,,,,Oui,,,Oui,Éléctrique,7 pouces,,,,,,,,,,,,,,,,,,,,,,,,,,,,,,,,,,,,,,,,Oui,,,,,,,,,,,,,,,,,,,,,,,,,,,,,,,,,,,,,,,,
Citroen,Citroën Berlingo,https://www.automobile.tn/fr/neuf/citroen/berlingo-multispace/1.6-l-hdi,Citroën Berlingo,https://www.automobile.tn/fr/neuf/citroen/berlingo-multispace/1.6-l-hdi,,1 mois,Monospace,3 ans,5,5 | 2 portes latérales coulissantes,4,Diesel,5 CV,92 CH,215 nm 1750 tr/min,1560 CM³,Manuelle,5,Traction,4410 mm,1921 mm,1818 mm,,13.4 s,160 KM/H,5.1 L/100 km,4.3 L/100 km,4.8 L/100 km,Oui,Frontal conducteur,,ESP,Oui,AFU,Oui,,,Électrique,Oui,Oui,,,,16'',,,Radio numérique DAB,USB | Android Auto | Apple Carplay | Bluetooth | Commande vocale | 1 fente pour carte SD | Mirrorlink,Tactile | 10 pouces,,,,,Tissu,,,Oui,,,En hauteur et en profondeur,,Manuelle,À distance,,,,Électriques | Dégivrants,Avant,2026-02-08 17:35:13.585647,,,,,,,,,Oui,,,Oui,,,,,,,Éléctrique,,,,,,Oui,,Cache Bagages,,,,,,,,,,,,,,,,,,,,,,,,,,,,,,,,,,,,,,,,,,,,,,,,,,,,,,,,,,,,,,,,,,,,,,,,,
Citroen,Citroën Jumpy Combi,https://www.automobile.tn/fr/neuf/citroen/jumpy-combi/2.0-l-hdi-9-places,Citroën Jumpy Combi,https://www.automobile.tn/fr/neuf/citroen/jumpy-combi/2.0-l-hdi-9-places,,10 jours,Monospace,3 ans,9,4 | 1 porte latérale coulissante,4,Diesel,8 CV,150 CH,370 nm 2000 tr/min,1997 CM³,Manuelle,6,Traction,4960 mm,1920 mm,1890 mm,,9.9 s,170 KM/H,6 L/100 km,5.2 L/100 km,5.5 L/100 km,Oui,Frontaux,,ESP | ASR,Oui,AFU,Oui,,Radar de recul,Électrique,Oui,Oui,,,,16'',,,4 haut-parleurs | Commandes au volant | Radio numérique DAB,USB | Bluetooth,Tactile | 5 pouces,Avant conducteur,,,,Tissu | Bi-ton,,,Oui,,Multi-fonctions,En hauteur et en profondeur,,Automatique | Bizone,À distance,,,,Électriques | Dégivrants,Avant,2026-02-08 17:35:16.141141,,,,,,,,,Oui,,,,,,,,,Oui,,,,,,,,,,,,,2 prises 12 V,,,,,,,,,,,,,,,,,,,,,,,,,,,,,,,,,,,,,,,,,,,,,,,,,,,,,,,,,,,,,,,,,,,,,
Citroen,Citroën Berlingo Van,https://www.automobile.tn/fr/neuf/citroen/berlingo-van/1.6-l-hdi-pro-edition-650-kg,Citroën Berlingo Van,https://www.automobile.tn/fr/neuf/citroen/berlingo-van/1.6-l-hdi-pro-edition-650-kg,,Disponible,Utilitaire,3 ans,3,5 | 1 porte latérale coulissante | 2 portes arrières battantes tolées,4,Diesel,5 CV,92 CH,215 nm 1750 tr/min,1560 CM³,Manuelle,5,Traction,4403 mm,1848 mm,1803 mm,,13.4 s,160 KM/H,5.1 L/100 km,4.3 L/100 km,4.8 L/100 km,Oui,Frontaux | Latéraux,,ESP,Oui,AFU,Oui,,Radar de recul | Caméra de recul,Électrique,Oui,Oui,Oui,,,15'',,,Commandes au volant | Radio numérique DAB,2 USB-C | Android Auto | Apple Carplay | Bluetooth | Commande vocale,Tactile | 10 pouces,,,,,Tissu,Réglage lombaire,Conducteur,Tapis de coffre PVC,,Multi-fonctions,En hauteur et en profondeur,,Manuelle,À distance,,,,Électriques | Dégivrants,Avant,2026-02-08 17:35:18.925128,,,,,,,,,Oui,,,Oui,,,,,,Oui,Éléctrique,,,,Métallisée +500 DT,,Oui,,,,,Oui,1 prise 12 V,,,,,,,,,,,,,,,,,,,,,,630 KG,3.3 m³,,,,,,,,,,,,,,,,,,,,,,,,,,Oui,,,,,,,,,,,,,,,,,,,,
Citroen,Citroën Jumpy Fourgon,https://www.automobile.tn/fr/neuf/citroen/jumpy-fourgon/2.0-l-hdi-2025,Citroën Jumpy Fourgon,https://www.automobile.tn/fr/neuf/citroen/jumpy-fourgon/2.0-l-hdi-2025,,1 mois,Utilitaire,3 ans,3,5 | 1 porte latérale coulissante | 2 portes arrières battantes tolées,4,Diesel,8 CV,150 CH,370 nm 2000 tr/min,1997 CM³,Manuelle,6,Traction,4980 mm,1920 mm,1955 mm,,9.9 s,170 KM/H,6 L/100 km,5.2 L/100 km,5.5 L/100 km,Oui,Frontaux,,ESP,Oui,,Oui,,Radar de recul,Électrique,Oui,Oui,,,,16'',,,Oui,USB | Bluetooth,,Avant conducteur,,,,Tissu,,,Oui,,,,,Manuelle,À distance,,,,Électriques,Avant,2026-02-08 17:35:21.468065,,,,,,,,,,,,,,,,,,,,,,,,,,,,,,,,,,,,,,,,,,,,,,,,,,,,,1000 KG,5.3 m³,,,,,,,,,,,,,,,,,,,,,,,,,,Oui,,,,,,,,,,,,,,,,,,,,
Citroen,Citroën Jumper,https://www.automobile.tn/fr/neuf/citroen/jumper,2.2 L HDI  L2H2 11.5m3,https://www.automobile.tn/fr/neuf/citroen/jumper/2.2-l-hdi-l2h2-11.5m3,97 900 DT,3 mois,Utilitaire,3 ans,3,5 | 1 porte latérale coulissante | 2 portes arrières battantes tolées,4,Diesel,7 CV,140 CH,340 nm 1750 tr/min,2179 CM³,Manuelle,6,Traction,5413 mm,1870 mm,2522 mm,,N.C,N.C,N.C,N.C,N.C,Oui,Frontal conducteur,,ESP,Oui,AFU,,,Radar de recul,Oui,Oui,Oui,,,,16'',,,,,,Avant conducteur,,,,Tissu,,Conducteur,Oui,,,En hauteur et en profondeur,,Manuelle,À distance,,,,Électriques,Avant,2026-02-08 17:35:24.083247,,,,,,,,,,,,,,,,,,,,,,,,,Oui,,,,,Oui,1 prise 12 V,,,,,,,,,,,,,,,,,,,,,,1390 KG,11.5 m³,,,,,,,,,,,,,,,,,,,,,,,,,,Oui,,,,,,,,,,,,,,,,,,,,
Citroen,Citroën Jumper,https://www.automobile.tn/fr/neuf/citroen/jumper,2.2 L HDI  L3H3 15m3,https://www.automobile.tn/fr/neuf/citroen/jumper/2.2-l-hdi-l3h3-15m3,101 900 DT,Disponible,Utilitaire,3 ans,3,5 | 1 porte latérale coulissante | 2 portes arrières battantes tolées,4,Diesel,7 CV,140 CH,340 nm 1750 tr/min,2179 CM³,Manuelle,6,Traction,5998 mm,1870 mm,2760 mm,,N.C,N.C,N.C,N.C,N.C,Oui,Frontal conducteur,,ESP,Oui,AFU,,,Radar de recul,Oui,Oui,Oui,,,,16'',,,,,,Avant conducteur,,,,Tissu,,Conducteur,Oui,,,En hauteur et en profondeur,,Manuelle,À distance,,,,Électriques,Avant,2026-02-08 17:35:25.910907,,,,,,,,,,,,,,,,,,,,,,,,,Oui,,,,,Oui,1 prise 12 V,,,,,,,,,,,,,,,,,,,,,,1470 KG,15 m³,,,,,,,,,,,,,,,,,,,,,,,,,,Oui,,,,,,,,,,,,,,,,,,,,
Cupra,Cupra Leon,https://www.automobile.tn/fr/neuf/cupra/leon,1.4 TSI,https://www.automobile.tn/fr/neuf/cupra/leon/1.4-tsi-2025,137 980 DT,En pré-commande,Compacte,3 ans,5,5,4,Essence,8 CV,150 CH,250 nm 1400 tr/min,1395 CM³,Automatique,8,Traction,4398 mm,1799 mm,1444 mm,380 L,8.2 s,215 KM/H,5.9 L/100 km,4.5 L/100 km,5 L/100 km,Oui,Frontaux | Latéraux | Genoux | Protège-tête,Oui,ESC,Oui,,Oui,Oui,Radar de recul | Radar avant | Caméra de recul | Parkassist,Dynamique,Oui,Oui,Oui,Oui,Feux de jour | Avant | Arrières | Clignotants à défilement,En aluminium | 18'',,Adaptatifs | Matrix LED,6 haut-parleurs,USB-C | Android Auto | Apple Carplay | Bluetooth | Commande vocale | Mirrorlink,Tactile | 12.9 pouces,Avant,3,,Cuir,Tissu,Conducteur à réglage électrique | Chauffants | Réglage lombaire | Fonction mémoire | Sport,Conducteur et passager,Oui,Lunette et vitres arrières sur-teintées | Athermiques,Cuir | Multi-fonctions | Sport | Avec palettes,En hauteur et en profondeur,Démarrage mains libres,Automatique | 3 zones,À distance,Oui,Oui,Anti-éblouissement,Électriques | Rabattables | Dégivrants | Mémoire de position | Avec clignotants intégrés | Éclairage d'accueil à LED,Avant/Arrière,2026-02-08 17:35:29.350058,,,,,Ouvrant | Panoramique,Accès mains libres,,Oui,Oui,,Oui,Oui,,Oui,,Oui,Eclairés | Baguettes dans les baies de porte,Oui,Éléctrique,10.25 pouces,,,,,Poches aumônières,,,,118 g/km,,,Confort | Individual | Cupra | Performance,,,,,,,,,,,,,,,,,,,XDS,,,,,,,,,,,,,,,,,,,,,,,,,,,,,,,,,,,,,,,,,,,,,,,,,
Cupra,Cupra Leon,https://www.automobile.tn/fr/neuf/cupra/leon,1.4 TSI Sport,https://www.automobile.tn/fr/neuf/cupra/leon/1.4-tsi-2025-sport,146 980 DT,En pré-commande,Compacte,3 ans,5,5,4,Essence,8 CV,150 CH,250 nm 1400 tr/min,1395 CM³,Automatique,8,Traction,4398 mm,1799 mm,1444 mm,380 L,8.2 s,215 KM/H,5.9 L/100 km,4.5 L/100 km,5 L/100 km,Oui,Frontaux | Latéraux | Genoux | Protège-tête,Oui,ESC,Oui,,Oui,Oui,Radar de recul | Radar avant | Caméra de recul | Parkassist,Dynamique,Oui,Oui,Oui,Oui,Feux de jour | Avant | Arrières | Clignotants à défilement,En aluminium | 18'',,Adaptatifs | Matrix LED,11 haut-parleurs | Subwoofer | Radio numérique DAB | Sennheiser,USB-C | Android Auto | Apple Carplay | Bluetooth | Commande vocale | Mirrorlink,Tactile | 12.9 pouces,Avant,3,,Cuir,Cuir,Électriques | Chauffants | Réglage lombaire | Fonction mémoire | Sport,Conducteur et passager,Oui,Lunette et vitres arrières sur-teintées | Athermiques,Cuir | Multi-fonctions | Sport | Avec palettes,En hauteur et en profondeur,Démarrage mains libres,Automatique | 3 zones,À distance,Oui,Oui,Anti-éblouissement,Électriques | Rabattables | Dégivrants | Mémoire de position | Avec clignotants intégrés | Éclairage d'accueil à LED | Carbone,Avant/Arrière,2026-02-08 17:35:31.094250,,,,,Ouvrant | Panoramique,Accès mains libres,,Oui,Oui,,Oui,Oui,,Oui,,Oui,Eclairés | Baguettes dans les baies de porte,Oui,Éléctrique,10.25 pouces,,,,,Poches aumônières,,,,118 g/km,,,Confort | Individual | Cupra | Performance,,,,,,,,,,,,,,,,,,,XDS,,,,,,,,,,,,,,,,,,,,,,,,,,,,,,,,,,,,,,,,,,,,,,,,,
Cupra,Cupra Terramar,https://www.automobile.tn/fr/neuf/cupra/terramar,1.4 TSI,https://www.automobile.tn/fr/neuf/cupra/terramar/1.4-tsi,168 980 DT,En pré-commande,SUV,3 ans,5,5,4,Essence,8 CV,150 CH,250 nm 1400 tr/min,1395 CM³,Automatique,7,Traction,4519 mm,1863 mm,1584 mm,400 L,9.3 s,205 KM/H,,,6.1 L/100 km,Oui,Frontaux | Latéraux | Genoux | Protège-tête,Oui,ESC,Oui,,Oui,Oui,Radar de recul | Radar avant | Système de caméras 360 | Parkassist,Dynamique,Oui,Oui,Oui,Oui,Feux de jour | Avant | Arrières | Clignotants à défilement,En aluminium | 19'',,Adaptatifs | Matrix LED,6 haut-parleurs,USB-C | Android Auto | Apple Carplay | Bluetooth | Commande vocale | Chargeur de téléphone sans fil | Mirrorlink,Tactile | 12.9 pouces,Avant,3,,,Tissu,Électriques | Chauffants | Réglage lombaire | Fonction mémoire | Sport,Conducteur et passager,Oui,Lunette et vitres arrières sur-teintées | Athermiques,Cuir | Multi-fonctions | Sport | Avec palettes,En hauteur et en profondeur,Démarrage mains libres,Automatique | 3 zones,À distance,Oui,Oui,Anti-éblouissement,Électriques | Rabattables | Dégivrants | Mémoire de position | Avec clignotants intégrés | Éclairage d'accueil à LED,Avant/Arrière,2026-02-08 17:35:33.776075,,,,GPS,Ouvrant | Panoramique,Accès mains libres,,Oui,Oui,,Oui,Oui,,Oui,,Oui,Eclairés | Baguettes dans les baies de porte,Oui,Éléctrique,10.25 pouces,,,,,Poches aumônières,,Ouverture et fermeture motorisées | Ouverture mains libres,,139 g/km,,,Confort | Individual | Cupra | Performance,,,,,,,,,,,Oui,,,,,,,,XDS,,,,,,,,,,,,,,,,,,,,,,,,,,,,,,,,,,,,,,,,,,,,,,,,,
Cupra,Cupra Terramar,https://www.automobile.tn/fr/neuf/cupra/terramar,1.4 TSI Sport,https://www.automobile.tn/fr/neuf/cupra/terramar/1.4-tsi-sport,180 980 DT,En pré-commande,SUV,3 ans,5,5,4,Essence,8 CV,150 CH,250 nm 1400 tr/min,1395 CM³,Automatique,7,Traction,4519 mm,1863 mm,1584 mm,400 L,9.3 s,205 KM/H,,,6.1 L/100 km,Oui,Frontaux | Latéraux | Genoux | Protège-tête,Oui,ESC,Oui,,Oui,Oui,Radar de recul | Radar avant | Système de caméras 360 | Parkassist,Dynamique,Oui,Oui,Oui,Oui,Feux de jour | Avant | Arrières | Clignotants à défilement,En aluminium | 20'',,Adaptatifs | Matrix LED,11 haut-parleurs | Subwoofer | Sennheiser,USB-C | Android Auto | Apple Carplay | Bluetooth | Commande vocale | Chargeur de téléphone sans fil | Mirrorlink,Tactile | 12.9 pouces,Avant,3,,,Cuir,Électriques | Chauffants | Réglage lombaire | Fonction mémoire | Sport,Conducteur et passager,Oui,Lunette et vitres arrières sur-teintées | Athermiques,Cuir | Multi-fonctions | Sport | Avec palettes,En hauteur et en profondeur,Démarrage mains libres,Automatique | 3 zones,À distance,Oui,Oui,Anti-éblouissement,Électriques | Rabattables | Dégivrants | Mémoire de position | Avec clignotants intégrés | Éclairage d'accueil à LED,Avant/Arrière,2026-02-08 17:35:35.573001,,,,GPS,Ouvrant | Panoramique,Accès mains libres,,Oui,Oui,,Oui,Oui,,Oui,,Oui,Eclairés | Baguettes dans les baies de porte,Oui,Éléctrique,10.25 pouces,,,,,Poches aumônières,,Ouverture et fermeture motorisées | Ouverture mains libres,,139 g/km,,,Confort | Individual | Cupra | Performance,,,,,,,,,,,Oui,,,,,,,,XDS,,,,,,,,,,,,,,,,,,,,,,,,,,,,,,,,,,,,,,,,,,,,,,,,,
Dacia,Dacia Sandero Stepway,https://www.automobile.tn/fr/neuf/dacia/sandero-stepway,1.0 L,https://www.automobile.tn/fr/neuf/dacia/sandero-stepway/1.0-l,62 990 DT,Disponible,SUV,2 ans ou 100.000 km,5,5,3,Essence,6 CV,100 CH,170 nm 2100 tr/min,999 CM³,Manuelle,5,Traction,4099 mm,1784 mm,1580 mm,328 L,11.9 s,177 KM/H,,,7.2 L/100 km,Oui,Frontaux,,,Oui,,,Oui,,Oui,Oui,Oui,,Pare-chocs | Rétroviseurs,,16'',,,Media Control,USB | Android Auto | Bluetooth,Tactile | 8 pouces,,,,,Tissu,,Conducteur,,,Multi-fonctions,En hauteur et en profondeur,,Manuelle,À distance,Oui,,,,Avant,2026-02-08 17:35:39.097750,,,,,,,,,Oui,,,,,,,,,,,,,,,,,,,,,,,Eco,,,,,,,,,,,,,,,,Oui,,,,,,,,,,,,,,,,,,,,,,,,,,,,,,,,,,,,,,,,,,,,,,,,,,,,
Dacia,Dacia Sandero Stepway,https://www.automobile.tn/fr/neuf/dacia/sandero-stepway,1.0 L BVA,https://www.automobile.tn/fr/neuf/dacia/sandero-stepway/1.0-l-bva,72 990 DT,Disponible,SUV,2 ans ou 100.000 km,5,5,3,Essence,6 CV,100 CH,170 nm 2100 tr/min,999 CM³,Automatique,6,Traction,4099 mm,1784 mm,1580 mm,328 L,11.9 s,177 KM/H,,,7.2 L/100 km,Oui,Frontaux | Latéraux,,,Oui,,,Oui,Caméra de recul,Électrique,Oui,Oui,Oui,Pare-chocs | Poignées de portes | Rétroviseurs,,En aluminium | 16'',,,Oui,,Tactile,Avant,,,,Tissu,,Conducteur,,,,En hauteur et en profondeur,,Automatique,À distance,Oui,,,Électriques,Avant/Arrière,2026-02-08 17:35:40.864759,,,,,,,,,,,,,,,,,,,,,,,,,,,,,,,,Eco,,,,,,,,,,,,,,,,Oui,,,,,,,,,,,,,,,,,,,,,,,,,,,,,,,,,,,,,,,,,,,,,,,,,,,,
Dacia,Dacia Sandero,https://www.automobile.tn/fr/neuf/dacia/sandero/1.0-l-tce,Dacia Sandero,https://www.automobile.tn/fr/neuf/dacia/sandero/1.0-l-tce,,Disponible,Citadine,2 ans,5,5,3,Essence,5 CV,100 CH,170 nm 2000 tr/min,999 CM³,Manuelle,5,Traction,4057 mm,1733 mm,1523 mm,320 L,11.9 s,177 KM/H,7.1 L/100 km,5.1 L/100 km,5.8 L/100 km,Oui,Frontaux,,,Oui,,,,,Oui,,Oui,,,,15'',,,Commandes au volant,USB | Bluetooth,Tactile,,,,,Tissu,,,,,,En hauteur et en profondeur,,Manuelle,À distance,,,,,Avant,2026-02-08 17:35:43.487121,,,,,,,,,,,,,,,,,,,,,,,,,,,,,,,,,,,,,,,,,,,,,,,,,,,,,,,,,,,,,,,,,,,,,,,,,,,,,,,,,,,,,,,,,,,,,,,,,,,,
Dacia,Dacia Logan,https://www.automobile.tn/fr/neuf/dacia/logan/1.0-l-tce-2023,Dacia Logan,https://www.automobile.tn/fr/neuf/dacia/logan/1.0-l-tce-2023,,Disponible,Berline,2 ans ou 100.000 km,5,4,3,Essence,5 CV,100 CH,160 nm 2000 tr/min,999 CM³,Manuelle,5,Traction,4396 mm,1848 mm,1501 mm,528 L,12.4 s,180 KM/H,,,5.5 L/100 km,Oui,Frontaux,,,,,,,,Oui,,Oui,,,,15'',,,Oui,,Tactile,,,,,Velours/Tissu,,,,,,En hauteur et en profondeur,,Manuelle,À distance,Oui,,,,Avant,2026-02-08 17:35:46.013107,,,,,,,1361 L,,,,,,,,,,,,,,,,,,,,,,,,,,,,,,,,,,,,,,,,,,,,,,,,,,,,,,,,,,,,,,,,,,,,,,,,,,,,,,,,,,,,,,,,,,,,,
Dacia,Dacia Duster,https://www.automobile.tn/fr/neuf/dacia/duster/1.5-l-dci-4x2,Dacia Duster,https://www.automobile.tn/fr/neuf/dacia/duster/1.5-l-dci-4x2,,Disponible,SUV,2 ans ou 100.000 km,5,5,4,Diesel,6 CV,115 CH,260 nm 1750 tr/min,1461 CM³,Manuelle,6,Traction,4343 mm,1813 mm,1656 mm,594 L,10.5 s,180 KM/H,,,4.7 L/100 km,Oui,Frontaux | Latéraux | Rideaux,,ESC,Oui,,Oui,Oui,Radar de recul | Caméra de recul,Oui,Oui,Oui,Oui,Poignées de portes,Feux de jour,En aluminium | 17'',,,Commandes au volant | Media Nav Evolution,USB-C | Android Auto | Apple Carplay | Bluetooth,Tactile | 10 pouces,Avant,3,Chromée,,Tissu,,Conducteur,Oui,Lunette et vitres arrières sur-teintées,Cuir | Multi-fonctions,En hauteur et en profondeur,,Automatique,À distance,Oui,Oui,,Électriques,Avant/Arrière,2026-02-08 17:35:48.710705,,Oui,,,,,1696 L,,Oui,,,,,,,,,,,7 pouces,,,,,,,Cache Bagages,Avec signature lumineuse LED,,,1 prise 12 V,,,,,,,,,,,,,,,,,Oui,,,,,,,,,,,,,,,,,,,,,,,,,,,,,,,,,,,,,,,,,,,,,,,,,,,,
Deepal,Deepal S05,https://www.automobile.tn/fr/neuf/deepal/s05/1.5-l-reev-27.28-kwh,Deepal S05,https://www.automobile.tn/fr/neuf/deepal/s05/1.5-l-reev-27.28-kwh,,En pré-commande,SUV,6 ans ou 150.000 km | Batterie garantie 8 ans ou 200.000 km,5,5,4,Essence | Électrique (REEV),5 CV,216 CH,320 nm 0 tr/min,1497 CM³,Automatique,,Propulsion,4620 mm,1900 mm,1600 mm,492 L,7.9 s,175 KM/H,,,4.3 L/100 km,Oui,Frontaux | Latéraux | Rideaux,LDW,ESC | ESP | ASR | TCS | DSC,Oui,EBA | BAS | EBD | Système anti-collision avec détection des piétons,TPMS,Oui,Radar avant | Caméra de recul | Système de caméras 360 | Stationnement intelligent à distance,Oui,,Adaptatif (ACC),,,Feux de jour | Avant | Arrières,En aluminium | 18'',,Full LED,8 haut-parleurs | Commandes au volant,2 USB | USB-C | Android Auto | Apple Carplay | Bluetooth | Commande vocale | Chargeur de téléphone sans fil,Tactile | 15.4 pouces,,,,,Cuir artificiel,Électriques | Chauffants | Ventilés | Fonction mémoire,Conducteur et passager,Oui,Parebrise athermique,Cuir | Multi-fonctions,En hauteur et en profondeur,,Automatique | Purificateur d'air,À distance,Oui,,Anti-éblouissement,Électriques | Rabattables | Dégivrants | Mémoire de position,Avant/Arrière,2026-02-08 17:35:52.214178,LKA | LCA,HDC,,,Panoramique,Accès mains libres,,,Oui,,Autohold | HHC,,,,,,,Oui,Éléctrique,,,,,,,,Ouverture et fermeture motorisées,,,,1 prise 12 V,Confort | Sport | Eco | Personal,,,,27.28 kWh,160 km,,5.5 heures,20 minutes,,,Oui,,,,,,,,,,,,,FCW | RCW,Oui,,,BSD,,,,,,,,TSR,,,,TJA,,,,,,Escamotables,,,RSC,,,,,,,,,,,,,,,,,,,
Deepal,Deepal S07,https://www.automobile.tn/fr/neuf/deepal/s07/1.5-l-reev-31.73-kwh,Deepal S07,https://www.automobile.tn/fr/neuf/deepal/s07/1.5-l-reev-31.73-kwh,,En pré-commande,SUV,6 ans ou 150.000 km | Batterie garantie 8 ans ou 200.000 km,5,5,4,Essence | Électrique (REEV),5 CV,238 CH,320 nm 0 tr/min,1497 CM³,Automatique,,Propulsion,4750 mm,1930 mm,1625 mm,445 L,7.6 s,180 KM/H,,,4.5 L/100 km,Oui,Frontaux | Latéraux | Rideaux,LDW,ESC | ESP | ASR | TCS | DSC,Oui,EBA | BAS | EBD | Système anti-collision avec détection des piétons,TPMS,Oui,Radar avant | Caméra de recul | Stationnement intelligent à distance | Système de caméras 540°,Oui,,Adaptatif (ACC),,,Feux de jour | Avant | Arrières,En aluminium | 20'',,Full LED,14 haut-parleurs | Commandes au volant,2 USB | USB-C | Android Auto | Apple Carplay | Bluetooth | Commande vocale | Chargeur de téléphone sans fil,Tactile | Rotatif | 15.6 pouces,,,,,Cuir artificiel,Électriques | Chauffants | Ventilés | Fonction mémoire,Conducteur et passager,Oui,Parebrise athermique,Cuir | Multi-fonctions,En hauteur et en profondeur,,Automatique | 3 zones | Purificateur d'air,À distance,Oui,,Anti-éblouissement,Électriques | Rabattables | Dégivrants | Mémoire de position,Avant/Arrière,2026-02-08 17:35:54.835246,LKA | LCA,HDC,,,Panoramique,Accès mains libres,,,Oui,,Autohold | HHC,,,,,,,Oui,Éléctrique,,,,,,,,Ouverture et fermeture motorisées,,,,1 prise 12 V,Confort | Sport | Eco | Personal,,,,31.73 kWh,160 km,,5.6 heures,30 minutes,,,Oui,,,,,,,,,,,,,FCW | RCW,Oui,,,BSD,,,,,,,,TSR,,,,TJA,,,,,,Escamotables,,,RSC,Oui,,,,,,,,,,,,,,,,,,
Deepal,Deepal G318,https://www.automobile.tn/fr/neuf/deepal/g318/1.5-l-reev-35.07-kwh,Deepal G318,https://www.automobile.tn/fr/neuf/deepal/g318/1.5-l-reev-35.07-kwh,,En pré-commande,SUV,6 ans ou 150.000 km | Batterie garantie 8 ans ou 200.000 km,5,5,4,Essence | Électrique (REEV),N.C,430 CH,575 nm 0 tr/min,1497 CM³,Automatique,,Intégrale,5010 mm,1985 mm,1895 mm,445 L,5.9 s,185 KM/H,,,6.5 L/100 km,Oui,Frontaux | Latéraux | Rideaux,LDW,ESC | ESP | ASR | TCS | DSC,Oui,EBA | BAS | EBD | Système anti-collision avec détection des piétons,TPMS,Oui,Radar avant | Caméra de recul | Système de caméras 360,Oui,,Adaptatif (ACC),,,Feux de jour | Avant | Arrières,En aluminium | 20'',,Full LED,Commandes au volant | 16 haut-parleurs,2 USB | 2 USB-C | Android Auto | Apple Carplay | Bluetooth | Commande vocale | Chargeur de téléphone sans fil,Tactile | 14.6 pouces,,,,,Cuir artificiel,Électriques | Massants | Ventilés | Fonction mémoire,Conducteur et passager,Oui,Parebrise athermique,Cuir | Multi-fonctions,En hauteur et en profondeur,,Automatique | Purificateur d'air,À distance,Oui,,Anti-éblouissement,Électriques | Rabattables | Dégivrants | Mémoire de position,Avant/Arrière,2026-02-08 17:35:57.457991,LKA | LCA,HDC,,,Ouvrant | Panoramique,Accès mains libres,,,Oui,,Autohold | HHC,,,,,,,Oui,Éléctrique,10.25 pouces,,,,,,,Soft close,,,,1 prise 12 V,Confort | Sport | Eco | Boue | Sable | Neige | Personal,,2,,35.07 kWh,170 km,,6 heures,30 minutes,,,,,,,,,,,,,,,,FCW | RCW,Oui,,,BSD,,,,,,,,TSR,,,,TJA,,,,,,Escamotables,,,RSC,,,,,,,,,,,,,,,,,,,
Dfsk,DFSK E5 PHEV,https://www.automobile.tn/fr/neuf/dfsk/e5,1.5 L Confort,https://www.automobile.tn/fr/neuf/dfsk/e5/1.5-l-phev-confort,76 900 DT,En pré-commande,SUV,7 ans ou 150.000 km | Batterie garantie 8 ans ou 200.000 km,7,5,4,Essence | Hybride rechargeable,5 CV,275 CH,300 nm 1500 tr/min,1498 CM³,Automatique,,Traction,4760 mm,1865 mm,1710 mm,542 L,7.8 s,180 KM/H,,,5.5 L/100 km,Oui,Frontaux,,ESC | ESP | ASR | TCS,Oui,EBA | BAS | EBD,TPMS,,Radar de recul | Caméra de recul,Oui,,Adaptatif (ACC),,,Feux de jour | Avant | Arrières,En aluminium | 18'',,LED,4 haut-parleurs | Commandes au volant,2 USB | Android Auto | Apple Carplay | Bluetooth | Chargeur de téléphone sans fil,Tactile | 12.3 pouces,Avant | Réfrigéré | Arrière,,,,Cuir artificiel,Électriques | Chauffants | Ventilés,,Oui,Lunette et vitres arrières sur-teintées,Cuir | Multi-fonctions,En hauteur et en profondeur,Démarrage mains libres,Automatique,À distance,Oui,,,Électriques | Rabattables | Dégivrants | Avec clignotants intégrés,Avant/Arrière,2026-02-08 17:36:00.981179,,HDC,,,Ouvrant,Accès mains libres,,,Oui,,HAC | HSA | HHC,,,,,,,Oui,Éléctrique,7 pouces,,,,,Porte-lunettes,,,Avec signature lumineuse LED,,,1 prise 12 V | Chargeur inversé (V2L),Normal | Sport | Eco,,,,17.52 kWh,87 km,,4 heures,,,,,,,,,Oui,,,,,,,,,,,,,,,,,,300 nm,,,Oui,,,,,,,,,,,,,,,,,,,,,,,,,,,,,,,
Dfsk,DFSK E5 PHEV,https://www.automobile.tn/fr/neuf/dfsk/e5,1.5 L Prestige,https://www.automobile.tn/fr/neuf/dfsk/e5/1.5-l-phev-prestige,87 900 DT,En pré-commande,SUV,7 ans ou 150.000 km | Batterie garantie 8 ans ou 200.000 km,7,5,4,Essence | Hybride rechargeable,5 CV,275 CH,300 nm 1500 tr/min,1498 CM³,Automatique,,Traction,4760 mm,1865 mm,1710 mm,542 L,7.8 s,180 KM/H,,,5.5 L/100 km,Oui,Frontaux | Latéraux | Rideaux,,ESC | ESP | ASR | TCS,Oui,EBA | BAS | EBD,TPMS,,Radar de recul | Radar avant | Système de caméras 360,Oui,,Adaptatif (ACC),,,Feux de jour | Avant | Arrières,En aluminium | 19'',,LED,12 haut-parleurs | Commandes au volant,2 USB | Android Auto | Apple Carplay | Bluetooth | Commande vocale | Chargeur de téléphone sans fil,Tactile | 12.3 pouces,Avant | Réfrigéré | Arrière,,,,Cuir artificiel,Électriques | Chauffants | Ventilés,,Oui,Lunette et vitres arrières sur-teintées,Cuir | Multi-fonctions,En hauteur et en profondeur,Démarrage mains libres,Automatique | Purificateur d'air,À distance,Oui,,,Électriques | Rabattables | Dégivrants | Avec clignotants intégrés,Avant/Arrière,2026-02-08 17:36:02.808710,LCA,HDC,,,Ouvrant | Panoramique,Accès mains libres,,,Oui,,HAC | HSA | HHC,,,,,,,Oui,Éléctrique,7 pouces,,,,,Porte-lunettes,,Ouverture et fermeture motorisées,Avec signature lumineuse LED,,,1 prise 12 V | Chargeur inversé (V2L),Normal | Sport | Eco,RCTA,,,17.52 kWh,87 km,,4 heures,,,,,,,,,Oui,,,,,,,,RCW,,,,BSD,,,,,,300 nm,,,Oui,,,,,,,,,,,,,Oui,,,,,,,,,,,,,,,,,,
Dfsk,DFSK EC75,https://www.automobile.tn/fr/neuf/dfsk/ec75/50.38-kwh,DFSK EC75,https://www.automobile.tn/fr/neuf/dfsk/ec75/50.38-kwh,,En pré-commande,Utilitaire,7 ans ou 150.000 km | Batterie garantie 8 ans ou 200.000 km,2,2 portes latérales coulissantes | 2 portes arrières battantes tolées | 6,,Electrique,3 CV,94 CH,230 nm 0 tr/min,,Automatique,,Traction,5130 mm,1860 mm,2020 mm,,,100 KM/H,,,,Oui,Frontaux,,ESC | ASR | TCS,Oui,EBA | BAS | EBD,TPMS,,Radar de recul | Radar avant | Système de caméras 360,Électrique,,,,,Feux de jour,16'',,,Oui,USB | USB-C | Bluetooth | Chargeur de téléphone sans fil,Tactile | 10.1 pouces,Avant,,,,Tissu,,Conducteur,Oui,,,En hauteur,Démarrage mains libres,Manuelle,À distance,Oui,,,Électriques,Avant,2026-02-08 17:36:05.396338,,HDC,,,,Accès mains libres,,,Oui,,Autohold | HHC,,,,,,,,Éléctrique | EPB,Oui,,,,,Porte-lunettes,,,,,,,,,1,,50.38 kWh,240 km,16.5 kWh/100 km,10.85 heures,45 minutes,,,,,,,,,,,,,1210 KG,7.3 m³,LFP,FCW,,,,,,,,,,,,,,,,,,,,,,,,,,Oui,,,,,,,,,,,,,,,,,,
Dfsk,DFSK Glory 500,https://www.automobile.tn/fr/neuf/dfsk/glory-500,1.5  MT,https://www.automobile.tn/fr/neuf/dfsk/glory-500/1.5-mt,69 900 DT,Disponible,SUV,7 ans ou 150.000 km,5,5,4,Essence,7 CV,115 CH,147.5 nm 1800 tr/min,1498 CM³,Manuelle,5,Traction,4385 mm,1850 mm,1645 mm,320 L,8.8 s,180 KM/H,,,7.3 L/100 km,Oui,Frontaux,,ESC | ESP,Oui,EBD,Oui,Oui,Radar de recul | Caméra de recul,Électrique,,,Oui,Pare-chocs,Feux de jour,En aluminium | 17'',,LED,2 haut-parleurs | Commandes au volant,USB | Android Auto | AUX | Bluetooth,Tactile | 7 pouces,Avant | Arrière,3,,Cuir,Cuir,,Conducteur,Oui,Athermiques,Cuir | Multi-fonctions,En hauteur,,Manuelle,À distance,Oui,,,Avec clignotants intégrés,Avant/Arrière,2026-02-08 17:36:08.204282,,,,GPS,,,,,Oui,,,Oui,Chrome,,Oui,,Chromés,,,,,,,,,,,,,,1 prise 12 V,,,,,,,,,,,,,,,,,,,,,,,,,,,,,,,,,,,,,,,,,,,,,,,,,,,,,,,,,,,,,,,,,,,,,
Dfsk,DFSK Glory 500,https://www.automobile.tn/fr/neuf/dfsk/glory-500,1.5 CVT,https://www.automobile.tn/fr/neuf/dfsk/glory-500/1.5-t-cvt,79 900 DT,Disponible,SUV,7 ans ou 150.000 km,5,5,4,Essence,7 CV,115 CH,147.5 nm 1800 tr/min,1498 CM³,Automatique,,Traction,4385 mm,1850 mm,1645 mm,320 L,8.8 s,180 KM/H,7.5 L/100 km,5.4 L/100 km,6.5 L/100 km,Oui,Frontaux,,ESC | ESP,Oui,EBD,TPMS,Oui,Radar de recul | Caméra de recul,Électrique,Oui,Oui,Oui,Pare-chocs,Feux de jour,En aluminium | 17'',,LED,2 haut-parleurs | Commandes au volant,USB | Android Auto | Bluetooth,Tactile | 7 pouces,Avant | Arrière,3,,,Cuir,,Conducteur,Oui,,Cuir | Multi-fonctions,En hauteur,Démarrage mains libres,Automatique,À distance,Oui,,,Électriques | Rabattables | Dégivrants | Avec clignotants intégrés,Avant/Arrière,2026-02-08 17:36:09.961388,,HDC,,GPS,Ouvrant | Panoramique,Accès mains libres,,,Oui,,HAC,Oui,Chrome,,Oui,,Chromés,,Éléctrique,,,,,,Porte-lunettes,,,,,,1 prise 12 V,,,,,,,,,,,,,,,,,,,,,,,,,,,,,,,,,,,,,,,,,,,,,,,,,,,,,,,,,,,,,,,,,,,,,
Dfsk,DFSK Glory 580,https://www.automobile.tn/fr/neuf/dfsk/glory-580/1.5-l-cvt-luxury,DFSK Glory 580,https://www.automobile.tn/fr/neuf/dfsk/glory-580/1.5-l-cvt-luxury,,Disponible,SUV,7 ans ou 150.000 km,7,5,4,Essence,8 CV,145 CH,220 nm 2000 tr/min,1499 CM³,Automatique,,Traction,4680 mm,1845 mm,1715 mm,,8.8 s,180 KM/H,,,8.2 L/100 km,Oui,Frontaux | Latéraux,,ESP,Oui,EBA | EBD,Oui,Oui,Radar de recul | Caméra de recul,Électrique,Oui,Oui,Oui,,Feux de jour,En aluminium | 17'',,,4 haut-parleurs | Commandes au volant,USB | Android Auto | AUX | Bluetooth,Tactile | 9 pouces,Avant | Arrière,3,,Cuir,Similicuir | Surpiqures,Banquette arrière coulissante,Conducteur,,,Cuir | Multi-fonctions,En hauteur,Démarrage mains libres,Manuelle | Ventilation arrière,À distance,Oui,,,Électriques | Rabattables | Dégivrants | Avec clignotants intégrés,Avant/Arrière,2026-02-08 17:36:12.598122,,,,,Ouvrant,Accès mains libres,,Oui,,,Oui,,Chrome,,,,,,Éléctrique,,,,Métallisée,,Porte-lunettes,,,Chromée,,Oui,,Sport | Eco,,,,,,,,,,,,,,,,Oui,,,,,,,,,,,,,,,,,,,,,,,,,,,,,,,,,,,,,,,,,,,,,,,,,,,,
Dfsk,DFSK Glory iX5,https://www.automobile.tn/fr/neuf/dfsk/glory-ix5/1.5-t-deluxe-cvt,DFSK Glory iX5,https://www.automobile.tn/fr/neuf/dfsk/glory-ix5/1.5-t-deluxe-cvt,,Disponible,SUV,7 ans ou 150.000 km,5,5,4,Essence,9 CV,140 CH,220 nm 1800 tr/min,1498 CM³,Automatique,,Traction,4685 mm,1865 mm,1645 mm,379 L,8.8 s,180 KM/H,,,8.6 L/100 km,Oui,Frontaux | Latéraux,,ESP | TCS,Oui,EBA | EBD | VDC,TPMS,Oui,Radar de recul | Radar avant | Caméra de recul,Électrique,Oui,Oui,Oui,,Feux de jour | Avant | Arrières,En aluminium | 18'',,LED,6 haut-parleurs | Commandes au volant,2 USB | Android Auto | AUX | Bluetooth,Tactile | 10.25 pouces,Avant | Arrière,3,,Cuir,Cuir | Surpiqures,Conducteur à réglage électrique | Banquette arrière coulissante,Conducteur,Oui,,Cuir | Multi-fonctions,En hauteur et en profondeur,Démarrage mains libres,Automatique,À distance,Oui,,,Électriques | Rabattables | Dégivrants | Avec clignotants intégrés,Avant/Arrière,2026-02-08 17:36:15.284471,,HDC,,,Ouvrant | Panoramique,Accès mains libres,796 L,Oui,Oui,,HAC,Oui,Chrome,,,,,Oui,Éléctrique,,,,Métallisée,,Porte-lunettes,,Ouverture et fermeture motorisées,Chromée,,Oui,1 prise 12 V,Normal | Eco | Neige,,,,,,,,,,,,,,,,,,,,,,,,,,,,,,,,,,,,,,,,,,,,,,,,,,Oui,,,,,,,,,,,,,,,,,,
Dfsk,DFSK K01S,https://www.automobile.tn/fr/neuf/dfsk/k01s,Simple Cabine STD,https://www.automobile.tn/fr/neuf/dfsk/k01s/simple-cabine-std,32 900 DT,Sur arrivage,Pick up,2 ans,2,2,4,Essence,5 CV,58 CH,88 nm 3000 tr/min,1000 CM³,Manuelle,5,Propulsion,3910 mm,1560 mm,1810 mm,,N.C,115 KM/H,,,7.5 L/100 km,,,,,Oui,,,,,,,,Oui,,,13'',,,Oui,USB,,,,,,Tissu,,,Oui,,,,,,Oui,,,,,,2026-02-08 17:36:17.835073,,,,,,,,,,,,,,,,,,,,,,,,,,,,,,Oui,,,,,,,,,,,,,,,,,,,,,,,985 KG,,,,,,,,,,,,,,,,,,,,,,,,,,,,,,,,,,,,,,,,,,,,,,,
Dfsk,DFSK K01S,https://www.automobile.tn/fr/neuf/dfsk/k01s,Simple Cabine DLX,https://www.automobile.tn/fr/neuf/dfsk/k01s/simple-cabine-dlx,34 900 DT,Sur arrivage,Pick up,2 ans,2,2,4,Essence,5 CV,58 CH,88 nm 3000 tr/min,1000 CM³,Manuelle,5,Propulsion,3910 mm,1560 mm,1810 mm,,N.C,115 KM/H,,,7.5 L/100 km,Oui,,,,Oui,,,,,,,,Oui,,,13'',,,Oui,USB,,,,,,Tissu,,,Oui,,,,,Manuelle,Oui,,,,,,2026-02-08 17:36:19.644890,,,,,,,,,,,,,,,,,,,,,,,,,,,,,,Oui,,,,,,,,,,,,,,,,,,,,,,,985 KG,,,,,,,,,,,,,,,,,,,,,,,,,,,,,,,,,,,,,,,,,,,,,,,
Dfsk,DFSK K01H,https://www.automobile.tn/fr/neuf/dfsk/k01h,Large Cabine 1.1 l STD,https://www.automobile.tn/fr/neuf/dfsk/k01h/large-cabine-1.1-l-std,35 900 DT,Disponible,Pick up,2 ans,2,2,4,Essence,6 CV,50 CH,83 nm 3000 tr/min,1050 CM³,Manuelle,5,Propulsion,4500 mm,1560 mm,1850 mm,,N.C,N.C,,,6.1 L/100 km,,,,,,,,,,,,,Oui,,,13'',,,Oui,USB,,,,,,Tissu,,,Oui,,,,,,Oui,,,,,,2026-02-08 17:36:22.241682,,,,,,,,,,,,,,,,,,,,,,,,,,,,,,Oui,,,,,,,,,,,,,,,,,,,,,,,915 KG,,,,,,,,,,,,,,,,,,,,,,,,,,,,,,,,,,,,,,,,,,,,,,,
Dfsk,DFSK K01H,https://www.automobile.tn/fr/neuf/dfsk/k01h,Large Cabine 1.1 l DLX,https://www.automobile.tn/fr/neuf/dfsk/k01h/large-cabine-1.1-l-dlx,37 900 DT,Disponible,Pick up,2 ans,2,2,4,Essence,6 CV,50 CH,83 nm 3000 tr/min,1050 CM³,Manuelle,5,Propulsion,4500 mm,1560 mm,1850 mm,,N.C,N.C,,,6.1 L/100 km,Oui,,,,,,,,,,,,Oui,,,13'',,,Oui,USB,,,,,,Tissu,,,Oui,,,,,Manuelle,Oui,,,,,,2026-02-08 17:36:23.945338,,,,,,,,,,,,,,,,,,,,,,,,,,,,,,Oui,,,,,,,,,,,,,,,,,,,,,,,915 KG,,,,,,,,,,,,,,,,,,,,,,,,,,,,,,,,,,,,,,,,,,,,,,,
Dfsk,DFSK K02S,https://www.automobile.tn/fr/neuf/dfsk/k02s,1.0 l Double Cabine STD,https://www.automobile.tn/fr/neuf/dfsk/k02s/double-cabine-1.0-l-std,40 900 DT,Sur arrivage,Pick up,2 ans,5,4,4,Essence,5 CV,58 CH,88 nm 3000 tr/min,1000 CM³,Manuelle,5,Propulsion,4600 mm,1560 mm,1840 mm,,N.C,115 KM/H,,,7.5 L/100 km,,,,,Oui,,,,,,,,Oui,,,13'',,,Oui,USB,,,,,,Tissu,,,Oui,,,,,,Oui,,,,,,2026-02-08 17:36:26.630524,,,,,,,,,,,,,,,,,,,,,,,,,,,,,,Oui,,,,,,,,,,,,,,,,,,,,,,,875 KG,,,,,,,,,,,,,,,,,,,,,,,,,,,,,,,,,,,,,,,,,,,,,,,
Dfsk,DFSK K02S,https://www.automobile.tn/fr/neuf/dfsk/k02s,1.0 l Double Cabine DLX,https://www.automobile.tn/fr/neuf/dfsk/k02s/double-cabine-1.0-l-dlx,42 900 DT,Sur arrivage,Pick up,2 ans,5,4,4,Essence,5 CV,58 CH,88 nm 3000 tr/min,1000 CM³,Manuelle,5,Propulsion,4600 mm,1560 mm,1840 mm,,N.C,115 KM/H,,,7.5 L/100 km,Oui,,,,Oui,,,,,,,,Oui,,,13'',,,Oui,USB,,,,,,Tissu,,,Oui,,,,,Manuelle,Oui,,,,,,2026-02-08 17:36:28.446158,,,,,,,,,,,,,,,,,,,,,,,,,,,,,,Oui,,,,,,,,,,,,,,,,,,,,,,,875 KG,,,,,,,,,,,,,,,,,,,,,,,,,,,,,,,,,,,,,,,,,,,,,,,
Dfsk,DFSK C31,https://www.automobile.tn/fr/neuf/dfsk/c31/1.5-l-simple-cabine-dlx,DFSK C31,https://www.automobile.tn/fr/neuf/dfsk/c31/1.5-l-simple-cabine-dlx,,Disponible,Pick up,2 ans,2,2,4,Essence,7 CV,101 CH,136 nm 3000 tr/min,1493 CM³,Manuelle,5,Propulsion,4730 mm,1655 mm,1890 mm,,N.C,N.C,,,8 L/100 km,Oui,Frontaux,,ESP,Oui,EBD,,,,Oui,,,Oui,,,14'',,,Oui,USB | AUX,,,,,,Tissu,,,Oui,,,,,Manuelle,Oui,,,,,Avant,2026-02-08 17:36:31.149220,,,,,,,,,,,,,,,,,,,,,,,,,,,,,,Oui,,,,,,,,,,,,,,,,,,,,,,,1195 KG,,,,,,,,,,,,,,,,,,,,,,,,,,,,,,Avant,,,,,,,,,,,,,,,,,
Dfsk,DFSK C32,https://www.automobile.tn/fr/neuf/dfsk/c32/1.5-l-double-cabine-dlx,DFSK C32,https://www.automobile.tn/fr/neuf/dfsk/c32/1.5-l-double-cabine-dlx,,Disponible,Pick up,2 ans,5,4,4,Essence,7 CV,101 CH,136 nm 3000 tr/min,1493 CM³,Manuelle,5,Propulsion,4940 mm,1655 mm,1910 mm,,N.C,N.C,,,8 L/100 km,Oui,Frontaux,,ESP,Oui,EBD,,,,Oui,,,Oui,,,14'',,,Oui,USB | AUX,,,,,,Tissu,,,Oui,,,,,Manuelle,Oui,,,,,Avant,2026-02-08 17:36:33.819076,,,,,,,,,,,,,,,,,,,,,,,,,,,,,,Oui,,,,,,,,,,,,,,,,,,,,,,,1115 KG,,,,,,,,,,,,,,,,,,,,,,,,,,,,,,Avant,,,,,,,,,,,,,,,,,
Dongfeng,Dongfeng Box,https://www.automobile.tn/fr/neuf/dongfeng/box,31.4 KWH,https://www.automobile.tn/fr/neuf/dongfeng/box/31.4-kwh,49 990 DT,En pré-commande,Compacte,5 ans ou 150000 km | Batterie garantie 8 ans ou 200.000 km,5,5,,Electrique,3 CV,94 CH,160 nm 0 tr/min,,Automatique,,Traction,4030 mm,1810 mm,1570 mm,326 L,12.5 s,140 KM/H,,,,Oui,Frontaux | Latéraux | Rideaux,,ESC | TCS,Oui,EBA | EBD,,Oui,Radar de recul | Caméra de recul,Électrique,Oui,,,,Feux de jour | Avant | Arrières | Clignotants à défilement,17'',,,4 haut-parleurs | Commandes au volant,Android Auto | Apple Carplay | Bluetooth | Commande vocale | Chargeur de téléphone sans fil | Mirrorlink,Tactile | 12.8 pouces,Avant,,,,Cuir artificiel | Bi-ton,,Conducteur,Oui,,Multi-fonctions,En hauteur,Démarrage mains libres,Automatique,À distance,Oui,,,Électriques | Rabattables | Dégivrants | Avec clignotants intégrés,Avant/Arrière,2026-02-08 17:36:37.491813,,,,,,Démarrage à distance | Accès mains libres,945 L,,Oui,,Autohold | HAC,,,,,,,,Éléctrique,5 pouces,,,,,,,,,,,1 prise 12 V,Normal | Sport | Eco,,1,,31.4 kWh,237 km,12.09 kWh/100 km,5 heures,30 minutes,,,,,,,,,,,,,,,,,,,,,,,,,,,,,,,,,,,330 km,,,,,,,,,,,,,,,,,,,,,,,,,
Dongfeng,Dongfeng Box,https://www.automobile.tn/fr/neuf/dongfeng/box,42.3 KWH Style+,https://www.automobile.tn/fr/neuf/dongfeng/box/42.3-kwh-styleplus,56 990 DT,En pré-commande,Compacte,5 ans ou 150000 km | Batterie garantie 8 ans ou 200.000 km,5,5,,Electrique,3 CV,94 CH,160 nm 0 tr/min,,Automatique,,Traction,4030 mm,1810 mm,1570 mm,326 L,12.5 s,140 KM/H,,,,Oui,Frontaux | Latéraux | Rideaux,LDW,ESC | TCS,Oui,EBA | EBD |  Freinage automatique anti-collision (AEB),TPMS,Oui,Radar de recul | Radar avant | Système de caméras 360 | Parkassist,Électrique,Oui,Adaptatif (ACC),,Pare-chocs | Poignées de portes | Rétroviseurs,Feux de jour | Avant | Arrières | Clignotants à défilement,En aluminium | 17'',,LED,6 haut-parleurs | Commandes au volant,USB | USB-C | Android Auto | Apple Carplay | Bluetooth | Commande vocale | Chargeur de téléphone sans fil | Mirrorlink,Tactile | 12.8 pouces,Avant,2,,,Cuir artificiel | Bi-ton,,Conducteur,Oui,,Similicuir | Multi-fonctions | Sport | 2 branches,En hauteur,Démarrage mains libres,Automatique | Ventilation arrière,À distance,Oui,,,Électriques | Rabattables | Dégivrants | Avec clignotants intégrés,Avant/Arrière,2026-02-08 17:36:39.296040,LKA,,,,,Accès mains libres | Démarrage à distance,945 L,,Oui,,Autohold | HAC,DMS,Frameless,,Oui,32 couleurs,,Oui,Éléctrique | EPB,5 pouces,,,Métallisée,,,,,,,,1 prise 12 V,Normal | Sport | Eco,,1,,42.3 kWh,344 km,13.04 kWh/100 km,6 heures,30 minutes,,,,,,,,,,,,,,,,FCW,,,,,,,,,,,,TSR,,,,Niveau 2 | TJA | ISA,,,430 km,,,,,,,,,,,,,,,,,,,,,,,,,
Dongfeng,Dongfeng Shine,https://www.automobile.tn/fr/neuf/dongfeng/shine,1.5 Mach Power,https://www.automobile.tn/fr/neuf/dongfeng/shine/1.5-mach-power,64 990 DT,Disponible,Berline,5 ans ou 150000 km,5,4,4,Essence,6 CV,117 CH,150 nm 4500 tr/min,1496 CM³,Manuelle,5,Traction,4670 mm,1812 mm,1490 mm,454 L,13 s,180 KM/H,,,6.7 L/100 km,Oui,Frontaux,,ESC | TCS,Oui,EBD,TPMS,Oui,Caméra de recul,EPS,Oui,Oui,,,Feux de jour,En aluminium | 16'',,,2 haut-parleurs | Commandes au volant,USB | Bluetooth | Mirrorlink,Tactile | 13 pouces,Avant,3,,,Similicuir,Chauffants | Sport,Conducteur,Oui,,,En hauteur,Démarrage mains libres,Automatique,À distance,Oui,,,Électriques,Avant/Arrière,2026-02-08 17:36:42.124674,,,,,,Accès mains libres,,,Oui,,HAC,,,,,,,,EPB,7 pouces,,,,,,,,,,,,,,,,,,,,,,,,,,,,,,,,,,,,,,,,,,,,,,,,,,,,,,,,,,,,,,,,,,,,,,,,,,,,,,,,
Dongfeng,Dongfeng Shine,https://www.automobile.tn/fr/neuf/dongfeng/shine,1.5 Mach Power BVA,https://www.automobile.tn/fr/neuf/dongfeng/shine/1.5-mach-power-bva,72 990 DT,Disponible,Berline,5 ans ou 150000 km,5,4,4,Essence,6 CV,117 CH,150 nm 4500 tr/min,1496 CM³,Automatique,6,Traction,4670 mm,1812 mm,1490 mm,454 L,13 s,180 KM/H,,,6 L/100 km,Oui,Frontaux,,ESC | TCS,Oui,EBD,TPMS,Oui,Radar de recul | Système de caméras 360,EPS,Oui,Oui,,,Feux de jour,En aluminium | 16'',,Full LED,6 haut-parleurs | Commandes au volant,USB | Bluetooth | Mirrorlink,Tactile | 13 pouces,Avant,3,,,Similicuir,Chauffants | Sport,Conducteur,Oui,,,En hauteur,Démarrage mains libres,Automatique | Ventilation arrière,À distance,Oui,,,Électriques,Avant/Arrière,2026-02-08 17:36:43.961214,,,,,Ouvrant,Accès mains libres,,,Oui,,HAC,,,,Oui,,,,EPB,7 pouces,,,,,,,,,,,,,,,,,,,,,,,,,,,,,,Étriers rouges,,,,,,,,,,,,,,,,,,,,,,,,,,,,,,,,,,,,,,,,,,,,,,,,,,
Dongfeng,Dongfeng Shine Max Hybride,https://www.automobile.tn/fr/neuf/dongfeng/shine-max/1.5-t-hev,Dongfeng Shine Max Hybride,https://www.automobile.tn/fr/neuf/dongfeng/shine-max/1.5-t-hev,,Disponible,Berline,5 ans ou 150000 km | Batterie garantie 8 ans ou 200.000 km,5,4,4,Essence | Hybride,9 CV,205 CH,230 nm 2000 tr/min,1476 CM³,Automatique,,Traction,4797 mm,1870 mm,1475 mm,506 L,10 s,210 KM/H,,,4.3 L/100 km,Oui,Frontaux | Latéraux,,ESC | TCS,Oui,EBA | EBD,TPMS,Oui,Radar de recul | Caméra de recul,EPS,Oui,Oui,Oui,Pare-chocs | Poignées de portes | Rétroviseurs,Feux de jour,En aluminium | 17'',,Full LED,2 haut-parleurs | Commandes au volant,USB | Bluetooth | Mirrorlink,Tactile | 10.25 pouces,Avant | Arrière,3,,,Similicuir,Sport,Conducteur,Oui,,,En hauteur,Démarrage mains libres,Automatique | Ventilation arrière,À distance,Oui,,,Électriques | Dégivrants,Avant/Arrière,2026-02-08 17:36:46.572365,,,,,Ouvrant | Panoramique,Accès mains libres,,,Oui,,Autohold | HAC,,Chrome,,Oui,Oui,,Oui,Éléctrique | EPB,12.3 pouces,,,,,,,,,,,,Confort | Sport | Eco,,,,,,,,,,,,,,,,,,Étriers rouges,,,,,,,,,,,,,,,,,,,,,,,,,,,,,,,,,,Oui,,,,,,,,,,,,,,,,
Dongfeng,Dongfeng Rich 6,https://www.automobile.tn/fr/neuf/dongfeng/rich-6,2.5 Turbo Diesel 4X2 Thunder,https://www.automobile.tn/fr/neuf/dongfeng/rich-6/2.5-turbo-diesel-4x2-thunder,93 900 DT,Disponible,Pick up,3 ans ou 100.000 km,5,4,4,Diesel,8 CV,140 CH,305 nm 1800 tr/min,2498 CM³,Manuelle,5,Propulsion,5290 mm,1850 mm,1810 mm,,N.C,150 KM/H,,,7.3 L/100 km,Oui,Frontaux,,ESP,Oui,EBD,Oui,Oui,Radar de recul | Caméra de recul,Oui,,,Oui,Pare-chocs | Rétroviseurs,Feux de jour | Arrières,En aluminium | 16'',,,6 haut-parleurs | Commandes au volant,USB | AUX | Bluetooth,Tactile | 9 pouces,Avant,,,,Similicuir,,Conducteur,Oui,,Multi-fonctions,En hauteur,Démarrage mains libres,Automatique,À distance,Oui,,,Électriques | Rabattables | Avec clignotants intégrés,Avant/Arrière,2026-02-08 17:36:49.161627,,,,,,Accès mains libres,,,,,,,,,,,,,,,,Elargisseurs d'ailes | Pare-choc offroad,Métallisée,,Porte-lunettes,,,Noire mat,,,1 prise 12 V,,,,,,,,,,,,,,,,,Oui,,,Électronique,,800 KG,,,,,,,,,,,,,,,,,,,,,,,,Oui,Chromées,,,,,,,Oui,,,,,,,,,,,,,,,
Dongfeng,Dongfeng Rich 6,https://www.automobile.tn/fr/neuf/dongfeng/rich-6,2.5 Turbo Diesel 4X4 Thunder,https://www.automobile.tn/fr/neuf/dongfeng/rich-6/2.5-turbo-diesel-4x4-thunder,103 900 DT,Disponible,Pick up,3 ans ou 100.000 km,5,4,4,Diesel,8 CV,140 CH,305 nm 1800 tr/min,2498 CM³,Manuelle,5,Intégrale,5290 mm,1850 mm,1810 mm,,N.C,150 KM/H,,,7.3 L/100 km,Oui,Frontaux,,ESP,Oui,EBD,Oui,Oui,Radar de recul | Caméra de recul,Oui,,,Oui,Pare-chocs | Rétroviseurs,Feux de jour | Arrières,En aluminium | 16'',,,6 haut-parleurs | Commandes au volant,USB | AUX | Bluetooth,Tactile | 9 pouces,Avant,,,,Similicuir,,Conducteur,Oui,,Multi-fonctions,En hauteur,Démarrage mains libres,Automatique,À distance,Oui,,,Électriques | Rabattables | Avec clignotants intégrés,Avant/Arrière,2026-02-08 17:36:50.983558,,,,,,Accès mains libres,,,,,,,,,,,,,,,,Elargisseurs d'ailes | Pare-choc offroad,Métallisée,,Porte-lunettes,,,Noire mat,,,1 prise 12 V,,,,,,,,,,,,,,,,,Oui,,,Électronique,,800 KG,,,,,,,,,,,,,,,,,,,,,,,,Oui,Chromées,,,,,,,Oui,,,,,,,,,,,,,,,
Dongfeng,Dongfeng Forthing T5 EVO,https://www.automobile.tn/fr/neuf/dongfeng/t5-evo/1.5-l-turbo,Dongfeng Forthing T5 EVO,https://www.automobile.tn/fr/neuf/dongfeng/t5-evo/1.5-l-turbo,,Disponible,SUV,5 ans ou 100000 km,5,5,4,Essence,9 CV,176 CH,260 nm 1500 tr/min,1500 CM³,Automatique,7,Traction,4565 mm,1860 mm,1690 mm,480 L,9.5 s,240 KM/H,,,6.9 L/100 km,Oui,Frontaux | Latéraux | Rideaux,,ESP | TCS,Oui,EBA | EBD | VDC,Oui,Oui,Radar de recul | Radar avant | Système de caméras 360,EPS,,Adaptatif (ACC),,Pare-chocs | Poignées de portes | Rétroviseurs,Feux de jour | Avant | Arrières,En aluminium | 19'',,Full LED,6 haut-parleurs | Commandes au volant,3 USB | Android Auto | Bluetooth | Commande vocale,Tactile | 10.25 pouces,Avant | Arrière,3,Noir brillant | Chromée,Cuir,Similicuir perforé,Électriques | 8 directions | Chauffants | Réglage lombaire,Conducteur,Oui,Lunette et vitres arrières sur-teintées,Cuir | Multi-fonctions | Sport | à méplat | Avec palettes,En hauteur et en profondeur,Démarrage mains libres,Automatique | Bizone,À distance,Oui,,Anti-éblouissement,Électriques | Rabattables | Dégivrants | Avec clignotants intégrés,Avant/Arrière,2026-02-08 17:36:54.158454,,HDC,,,Ouvrant | Panoramique | En verre,Accès mains libres,1480 L,Oui,Oui,,HAC,,Chrome,,Oui,Oui,,Oui,Éléctrique,10.25 pouces,,,Métallisée,,Porte-lunettes,,Ouverture et fermeture motorisées | Ouverture mains libres | Cache Bagages | Ouverture à distance,Noire,,,1 prise 12 V,Normal | Sport | Eco,,,,,,,,,,,,,,,,Noires,,,,,,,,,,,,Oui,,,,,,,,,,,,,,,,,,,,,,,,Oui,,,,,,,,,,,,,,,,
Faw,Faw Bestune T77 Pro,https://www.automobile.tn/fr/neuf/faw/bestune-t77,1.5 l Luxury BVA,https://www.automobile.tn/fr/neuf/faw/bestune-t77/1.5-l-160-ch,113 777 DT,Disponible,SUV,5 ans ou 150000 km,5,5,4,Essence,9 CV,160 CH,258 nm 1500 tr/min,1498 CM³,Automatique,7,Traction,4525 mm,1845 mm,1615 mm,342 L,10.5 s,192 KM/H,,,7.1 L/100 km,Oui,Frontaux | Latéraux,,ESC | ESP | TCS,Oui,EBA | EBD | VDR,TPMS,Oui,Radar de recul | Caméra de recul,Électrique,,Oui,,Pare-chocs | Rétroviseurs,Feux de jour | Avant | Arrières,En aluminium | 18'',,Full LED,6 haut-parleurs | Commandes au volant,2 USB | Android Auto | Apple Carplay | Bluetooth,Tactile | 12.3 pouces,Avant,3,Noir brillant | Chromée | Effet bois,Cuir,Cuir perforé,Conducteur à réglage électrique | 6 directions | Chauffants | Avec Appuie-tête intégrés | Baquets,Conducteur,Oui,Lunette et vitres arrières sur-teintées,Cuir | 3 branches | Multi-fonctions | Sport | à méplat,En hauteur et en profondeur,Démarrage mains libres,Automatique | Bizone,À distance,Oui,Oui,Anti-éblouissement  | Sans Cadre,Électriques | Rabattables | Dégivrants | Avec clignotants intégrés,Avant/Arrière,2026-02-08 17:36:58.000579,Oui,HDC,,,Ouvrant | Panoramique | En verre,Accès mains libres,1350 L,Oui,,Triangle de présignalisation,Autohold,,Chrome,,Noir,,,,Éléctrique,i-cockpit | 8 pouces,,,Métallisée | Nacrée,,Poches aumônières | Porte-lunettes,,Ouverture mains libres | Ouverture à distance,Chromée,,,1 prise 12 V,Normal | Sport | Eco,,,,,,,,,,,,,,,,Chromées,,,,,,,,,,,,,,,,,,,,,,,,,,,,,,Chromées,,,,,,,,,,,,,,,,,,,,,,
Faw,Faw Bestune T77 Pro,https://www.automobile.tn/fr/neuf/faw/bestune-t77,1.5 l Premium BVA,https://www.automobile.tn/fr/neuf/faw/bestune-t77/1.5-l-bva-premium,118 777 DT,Disponible,SUV,5 ans ou 150000 km,5,5,4,Essence,9 CV,160 CH,258 nm 1500 tr/min,1498 CM³,Automatique,7,Traction,4525 mm,1845 mm,1615 mm,342 L,10.5 s,192 KM/H,9.3 L/100 km,5.7 L/100 km,7.1 L/100 km,Oui,Frontaux | Latéraux | Rideaux,Oui,ESC | ESP | TCS,Oui,AFU | Active City Brake | EBA | BAS | EBD | Système anti-collision avec détection des piétons |  Freinage automatique anti-collision (AEB),TPMS,Oui,Radar de recul | Système de caméras 360,Électrique,,Adaptatif (ACC),,Pare-chocs | Rétroviseurs,Feux de jour | Avant | Arrières,En aluminium | 19'',,Full LED,6 haut-parleurs | Commandes au volant,2 USB | Android Auto | Apple Carplay | Bluetooth,Tactile | 12.3 pouces,Avant,3,Noir brillant | Chromée | Effet bois,Cuir,Cuir perforé | Surpiqures,Conducteur à réglage électrique | 6 directions | Chauffants | Avec Appuie-tête intégrés | Baquets,Conducteur,Oui,Lunette et vitres arrières sur-teintées,Cuir | 3 branches | Multi-fonctions | Sport | à méplat,En hauteur,Démarrage mains libres,Automatique | Bizone,À distance,Oui,Oui,Anti-éblouissement  | Sans Cadre,Électriques | Rabattables | Dégivrants | Avec clignotants intégrés,Avant/Arrière,2026-02-08 17:36:59.800177,Oui,HDC,,,Ouvrant | Panoramique | En verre,Accès mains libres,1350 L,Oui,Oui,Triangle de présignalisation,Autohold,Oui,Chrome,,Noir,LED,,Oui,Éléctrique,i-cockpit | 12.3 pouces,,,Métallisée | Nacrée,,Poches aumônières | Porte-lunettes,,Ouverture mains libres | Ouverture à distance,Chromée,,,1 prise 12 V,Normal | Sport | Eco,,,,,,,,,,,Oui,,,,,Chromées,,,,,,,,FCW,,,,Oui,,,,,,,,TSR,,,,,,,,,,Chromées,,,,,,,,,,,,,,,,,,,,,,
Faw,Faw Bestune B70,https://www.automobile.tn/fr/neuf/faw/bestune-b70/1.5-l-turbo-bva-luxury,Faw Bestune B70,https://www.automobile.tn/fr/neuf/faw/bestune-b70/1.5-l-turbo-bva-luxury,,Disponible,Berline,5 ans ou 150000 km,5,5,4,Essence,8 CV,169 CH,258 nm 1500 tr/min,1498 CM³,Automatique,7,Traction,4810 mm,1840 mm,1455 mm,520 L,8.5 s,200 KM/H,9.2 L/100 km,5.4 L/100 km,6.8 L/100 km,Oui,Frontaux | Latéraux,LDW,ESC | ESP | TCS,Oui,AFU | Active City Brake | EBA | BAS | EBD | VDR,TPMS,Oui,Radar de recul | Système de caméras 360,Électrique,,Adaptatif (ACC),,Pare-chocs | Rétroviseurs,Feux de jour | Avant | Arrières,En aluminium | 18'',,Full LED,6 haut-parleurs | Commandes au volant,2 USB | Bluetooth | Mirrorlink,Tactile | 12.3 pouces,Avant | Arrière,3,Noir brillant | Chromée,Cuir,Cuir perforé | Surpiqures,Conducteur à réglage électrique | 6 directions | Chauffants | Baquets,Conducteur,Oui,,Cuir | 3 branches | Multi-fonctions | Sport | à méplat,En hauteur,Démarrage mains libres,Automatique | Bizone,À distance,Oui,Oui,Anti-éblouissement  | Sans Cadre,Électriques | Rabattables | Dégivrants | Avec clignotants intégrés,Avant/Arrière,2026-02-08 17:37:02.383088,LKA,HDC,,,Ouvrant | Panoramique | En verre,Accès mains libres,,Oui,Oui,Triangle de présignalisation | Trousse de premiers secours,Autohold | HAC,Oui,Chrome,,Noir,,,Oui,Éléctrique,12.3 pouces,,,Métallisée | Nacrée,,Poches aumônières | Porte-lunettes,,Ouverture à distance,Chromée,,,1 prise 12 V,Normal | Sport | Eco,,,,,,,,,,,,,,,,Chromées,,,,,,,,FCW,,,,,,,,,,,,TSR,,,,,,,,,,,,,,,,,,,,,,,,,,,,,,,,
Faw,Faw Bestune T90,https://www.automobile.tn/fr/neuf/faw/bestune-t90/1.5-l-turbo-bva-premium,Faw Bestune T90,https://www.automobile.tn/fr/neuf/faw/bestune-t90/1.5-l-turbo-bva-premium,,Disponible,SUV,5 ans ou 150000 km,5,5,4,Essence,8 CV,169 CH,258 nm 1500 tr/min,1498 CM³,Automatique,7,Traction,4718 mm,1880 mm,1710 mm,560 L,10.1 s,200 KM/H,9.3 L/100 km,5.7 L/100 km,7 L/100 km,Oui,Frontaux | Latéraux | Rideaux,LDW,ESC | ESP | TCS,Oui,AFU | Active City Brake | EBA | BAS | EBD | VDR,TPMS,Oui,Radar de recul | Système de caméras 360,Électrique,,Adaptatif (ACC),,Pare-chocs | Rétroviseurs,Feux de jour | Avant | Arrières,En aluminium | 18'',,Full LED,8 haut-parleurs | Commandes au volant,2 USB | Bluetooth | Mirrorlink,Tactile | Vertical | 12.6 pouces,Avant | Arrière,3,"Noir brillant | Chromée | Inserts décoratifs ""CARBON""",,Similicuir,Électriques | 6 directions,Conducteur et passager,Oui,,Cuir | 3 branches | Multi-fonctions | Sport | à méplat,En hauteur et en profondeur,Démarrage mains libres,Automatique | Bizone,À distance,Oui,Oui,Anti-éblouissement,Électriques | Dégivrants | Avec clignotants intégrés,Avant/Arrière,2026-02-08 17:37:04.958578,LKA,HDC,,,Ouvrant | Panoramique | En verre,Accès mains libres,1345 L,Oui,Oui,Triangle de présignalisation | Trousse de premiers secours,Autohold | HAC,Oui,Chrome,,Noir,,,Oui,Éléctrique,9 pouces,,,Métallisée | Nacrée,,Poches aumônières,,Ouverture à distance,Chromée,,,1 prise 12 V,Normal | Sport | Eco,,,,,,,,,,,HUD,,,,,Chromées,,,,,,,,FCW,,,,Oui,,,,,,,,TSR,,,,Niveau 2,,,,,,Chromées,,,,,,,,,,,,,,,,,,,,,,
Fiat,Fiat Fiorino Combi,https://www.automobile.tn/fr/neuf/fiat/fiorino-combi/1.3-l-multijet,Fiat Fiorino Combi,https://www.automobile.tn/fr/neuf/fiat/fiorino-combi/1.3-l-multijet,,Disponible,Monospace,3 ans,4,5 | 2 portes latérales coulissantes,4,Diesel,4 CV,75 CH,190 nm 1500 tr/min,1248 CM³,Manuelle,5,Traction,3959 mm,1716 mm,1721 mm,,N.C,157 KM/H,5.1 L/100 km,3.8 L/100 km,4.3 L/100 km,Oui,Frontaux,,ESP,Oui,,,,,Oui,Oui,Oui,Oui,Pare-chocs | Rétroviseurs,,En aluminium | 15'',,Adaptatifs,Oui,USB,,Avant conducteur,3,,,Tissu,Réglage lombaire,Conducteur,Oui,Parebrise athermique,,En hauteur et en profondeur,,Manuelle,À distance,Oui,,,Électriques,Avant,2026-02-08 17:37:08.428205,,,,,,,,,,,,,,,,,,,,,,,Métallisée +1000 DT,,,,,,,,1 prise 12 V,,,,,,,,,,,,,,,,,Oui,,,,,640 KG,2.5 m³,,,,,,,,,,,,,,,,,,,,,,,,,,,,,,,,,,,,,,,,,,,,,,
Fiat,Fiat Tipo Berline,https://www.automobile.tn/fr/neuf/fiat/tipo-berline,1.4 L Entry,https://www.automobile.tn/fr/neuf/fiat/tipo-berline/1.4-l-entry,78 500 DT,1 mois,Berline,3 ans,5,4,4,Essence,5 CV,95 CH,127 nm 4500 tr/min,1368 CM³,Manuelle,6,Traction,4532 mm,1790 mm,1497 mm,520 L,11.5 s,185 KM/H,,,4.4 L/100 km,Oui,Frontaux,,ESP,Oui,,Oui,,Radar de recul,Électrique,Oui,Oui,Oui,Pare-chocs | Rétroviseurs,Avant | Arrières,En aluminium | 16'',,LED,Commandes au volant,USB | Bluetooth,5 pouces,Avant,3,,,Tissu,,Conducteur,Oui,Lunette et vitres arrières sur-teintées,,En hauteur et en profondeur,,Manuelle,À distance,Oui,,,Électriques,Avant/Arrière,2026-02-08 17:37:11.060006,,,,,,,,,,,,,,,,,,,,,,,,,,,,Chromée,,,,,,,,,,,,,,,,,,,,,,,,,,,,,,,,,,,,,,,,,,,,,,,,,,Chromées,,,,,,,,,,,,,,,,,,,,,,
Fiat,Fiat Tipo Berline,https://www.automobile.tn/fr/neuf/fiat/tipo-berline,1.4 L Mid,https://www.automobile.tn/fr/neuf/fiat/tipo-berline/1.4-l-2024-mid,80 500 DT,1 mois,Berline,3 ans,5,4,4,Essence,5 CV,95 CH,127 nm 4500 tr/min,1368 CM³,Manuelle,6,Traction,4532 mm,1790 mm,1497 mm,520 L,11.5 s,185 KM/H,,,4.4 L/100 km,Oui,Frontaux,,ESP,Oui,,Oui,,Radar de recul | Caméra de recul,Électrique,Oui,Oui,Oui,Pare-chocs | Rétroviseurs,Avant | Arrières,En aluminium | 16'',,LED,Commandes au volant,USB | Android Auto | Apple Carplay | Bluetooth,Tactile | 7 pouces,Avant,3,,Cuir,Tissu,,Conducteur,Oui,Lunette et vitres arrières sur-teintées,Cuir,En hauteur et en profondeur,,Automatique,À distance,Oui,,,Électriques,Avant/Arrière,2026-02-08 17:37:12.890247,,,,,,,,,Oui,,,,,,,,,Oui,,,,,Métallisée,,,,,Chromée,,Oui,,,,,,,,,,,,,,,,,,,,,,,,,,,,,,,,,,,,,,,,,,,,,,,,Chromées,,,,,,,,,,,,,,,,,,,,,,
Fiat,Fiat Doblo Combi,https://www.automobile.tn/fr/neuf/fiat/doblo-combi/1.6-l-hdi,Fiat Doblo Combi,https://www.automobile.tn/fr/neuf/fiat/doblo-combi/1.6-l-hdi,,1 mois,Monospace,3 ans,5,5 | 2 portes latérales coulissantes,4,Diesel,5 CV,92 CH,215 nm 1750 tr/min,1560 CM³,Manuelle,5,Traction,4403 mm,1800 mm,1848 mm,775 L,13.4 s,160 KM/H,6.0 L/100 km,5.0 L/100 km,5.3 L/100 km,Oui,Frontaux | Latéraux,,ESP,Oui,,TPMS,Oui,Radar de recul,Oui,Oui,Oui,Oui,,,16'',,,Radio numérique DAB,2 USB-C | Android Auto | Apple Carplay | Bluetooth,Tactile | 10 pouces,,,,,Tissu,Réglage lombaire,Conducteur,Oui,,Multi-fonctions,En hauteur et en profondeur,,Manuelle,À distance,,,,Électriques,Avant,2026-02-08 17:37:15.528022,,,,,,,1414 L,,Oui,,,Oui,,,,,,Oui,Éléctrique,,,,,,Oui,,Cache Bagages,,,,1 prise 12 V,,,,,,,,,,,,,,,,,,,,,,,,,,,,,,,,,,,,,,,,,,,,,,,,,,,,,,,,,,,,,,,,,,,,,
Fiat,Fiat Scudo Combi,https://www.automobile.tn/fr/neuf/fiat/scudo-combi,2.0 L HDI  9 places,https://www.automobile.tn/fr/neuf/fiat/scudo-combi/2.0-l-hdi-9-places,152 900 DT,3 mois | Sur arrivage,Monospace,3 ans,9,5 | 1 porte latérale coulissante,4,Diesel,8 CV,150 CH,370 nm 2000 tr/min,1997 CM³,Manuelle,6,Traction,4956 mm,1920 mm,1890 mm,N.C,10.3 s,185 KM/H,6.1 L/100 km,5 L/100 km,5.4 L/100 km,Oui,Frontaux | Latéraux | Rideaux,,ESC,Oui,,Oui,Oui,Radar de recul,Oui,Oui,Oui,Oui,Pare-chocs,,17'',,,Commandes au volant | Radio numérique DAB,USB | Bluetooth,,Avant conducteur,,,,Tissu,Réglage lombaire,,Oui,Lunette et vitres arrières sur-teintées,Multi-fonctions,En hauteur et en profondeur,,Manuelle,À distance,Oui,,,Électriques | Rabattables | Dégivrants,Avant,2026-02-08 17:37:18.173979,,Oui,,,,,,,,,Hill assist,Oui,,,,,,,,,,,,,,,,,142 g/km,,1 prise 12 V,,,,,,,,,,,,,,,,,,,,,,,,,,,,,,,,,,,,,,,,,,,,,,,,,,,,,,,,,,,,,,,,,,,,,
Fiat,Fiat Scudo Combi,https://www.automobile.tn/fr/neuf/fiat/scudo-combi,2.0 L HDI  Ulysse 9 places,https://www.automobile.tn/fr/neuf/fiat/scudo-combi/2.0-l-hdi-ulysse-9-places,165 000 DT,3 mois | Sur arrivage,Monospace,3 ans,9,5 | 2 portes latérales coulissantes,4,Diesel,8 CV,150 CH,370 nm 2000 tr/min,1997 CM³,Manuelle,6,Traction,4956 mm,1920 mm,1890 mm,N.C,10.3 s,185 KM/H,6.1 L/100 km,5 L/100 km,5.4 L/100 km,Oui,Frontaux | Latéraux | Rideaux,,ESP,Oui,,Oui,Oui,Radar de recul,Oui,Oui,Oui,Oui,Pare-chocs,,17'',,,Commandes au volant | Radio numérique DAB,USB | Bluetooth,,Avant conducteur,,,,Tissu,Réglage lombaire,,Oui,Lunette et vitres arrières sur-teintées,Multi-fonctions,En hauteur et en profondeur,,Automatique | Bizone | Ventilation arrière,À distance,Oui,,,Électriques | Rabattables | Dégivrants,Avant,2026-02-08 17:37:19.929042,,Oui,,,,,,,,,Hill assist,Oui,,,,,,,,,,,,,,,,,142 g/km,,1 prise 12 V,,,,,,,,,,,,,,,,,,,,,,,,,,,,,,,,,,,,,,,,,,,,,,,,,,,,,,,,,,,,,,,,,,,,,
Fiat,Fiat Doblo,https://www.automobile.tn/fr/neuf/fiat/doblo,1.6 L HDI Van Business,https://www.automobile.tn/fr/neuf/fiat/doblo/1.6-l-hdi-van-business,67 499 DT,Disponible,Utilitaire,3 ans,3,5 | 1 porte latérale coulissante | 2 portes arrières battantes tolées,4,Diesel,5 CV,92 CH,215 nm 1750 tr/min,1560 CM³,Manuelle,5,Traction,4403 mm,1848 mm,1796 mm,,13.4 s,160 KM/H,6.0 L/100 km,5.0 L/100 km,5.3 L/100 km,Oui,Frontaux,,ESP,Oui,,,,Radar de recul | Caméra de recul,Oui,Oui,Oui,,,,15'',,Adaptatifs,Radio numérique DAB,2 USB-C | Android Auto | Apple Carplay | Bluetooth,Tactile | 10 pouces,,,,,Tissu,Réglage lombaire,Conducteur,Tapis de coffre PVC,,Multi-fonctions,En hauteur et en profondeur,,Manuelle,À distance,,,,Électriques | Dégivrants,Avant,2026-02-08 17:37:22.715282,,,,,,,,Oui,Oui,,,,,,,,,,Éléctrique,,,,,,Oui,,,,,,1 prise 12 V,,,,,,,,,,,,,,,,,,,,,,620 KG,3.3/3.8 m³,,,,,,,,,,,,,,,,,,,,,,,,,,Oui,,,,,,,,,,,,,,,,,,,,
Fiat,Fiat Doblo,https://www.automobile.tn/fr/neuf/fiat/doblo,1.6 L HDI Van Maxi Business,https://www.automobile.tn/fr/neuf/fiat/doblo/1.6-l-hdi-2025-van-maxi-business,68 990 DT,1 mois,Utilitaire,3 ans,3,5 | 1 porte latérale coulissante | 2 portes arrières battantes tolées,4,Diesel,5 CV,92 CH,215 nm 1750 tr/min,1560 CM³,Manuelle,5,Traction,4753 mm,1848 mm,1796 mm,,13.4 s,160 KM/H,6.0 L/100 km,5.0 L/100 km,5.3 L/100 km,Oui,Frontaux,,ESP,Oui,,,,Radar de recul | Caméra de recul,Oui,Oui,Oui,,,,16'',,Adaptatifs,Radio numérique DAB,2 USB-C | Android Auto | Apple Carplay | Bluetooth,Tactile | 10 pouces,,,,,Tissu,Réglage lombaire,Conducteur,Tapis de coffre PVC,,Multi-fonctions,En hauteur et en profondeur,,Manuelle,À distance,,,,Électriques | Dégivrants,Avant,2026-02-08 17:37:24.501996,,,,,,,,,Oui,,,,,,,,,,Éléctrique,,,,,,Oui,,,,,,1 prise 12 V,,,,,,,,,,,,,,,,,,,,,,970 KG,4.4 m³,,,,,,,,,,,,,,,,,,,,,,,,,,Oui,,,,,,,,,,,,,,,,,,,,
Fiat,Fiat Ducato,https://www.automobile.tn/fr/neuf/fiat/ducato/2.2-hdi-2025-11.5-m3-l2h2,Fiat Ducato,https://www.automobile.tn/fr/neuf/fiat/ducato/2.2-hdi-2025-11.5-m3-l2h2,,Disponible,Utilitaire,3 ans,3,2 portes latérales coulissantes | 2 portes arrières battantes tolées | 6,4,Diesel,7 CV,140 CH,340 nm 1750 tr/min,2179 CM³,Manuelle,6,Traction,5413 mm,2050 mm,2524 mm,,N.C,152 KM/H,N.C,N.C,8 L/100 km,Oui,Frontaux,,ESC,Oui,,Oui,,Radar de recul,Oui,Oui,Oui,Oui,,,,,,Oui,USB,,Avant,,,,Tissu,Réglage lombaire,Conducteur,Oui,,,En hauteur et en profondeur,,Manuelle,À distance,,,,Électriques | Avec clignotants intégrés,Avant,2026-02-08 17:37:27.115679,,,,,,,,,,,,,,,,,,Oui,,,,,,,Oui,,,,,Oui,1 prise 12 V,,,,,,,,,,,,,,,,,,,,,,1400 KG,11.5 m³,,,,,,,,,,,,,,,,,,,,,,,,,,Oui,,,,,,,,,,,,,,,,,,,,
Fiat,Fiat Scudo Fourgon,https://www.automobile.tn/fr/neuf/fiat/scudo/2.0-l-hdi,Fiat Scudo Fourgon,https://www.automobile.tn/fr/neuf/fiat/scudo/2.0-l-hdi,,3 mois,Utilitaire,3 ans,3,5 | 1 porte latérale coulissante | 2 portes arrières battantes tolées,4,Diesel,8 CV,150 CH,370 nm 2000 tr/min,1997 CM³,Manuelle,6,Traction,4983 mm,2010 mm,1895 mm,,9.9 s,170 KM/H,6 L/100 km,5.2 L/100 km,5.5 L/100 km,Oui,Frontaux,,ESP,Oui,,Oui,,Radar de recul,Oui,Oui,Oui,Oui,,,16'',,,Radio numérique DAB,USB | Bluetooth,,Avant conducteur,,,,Tissu,Réglage lombaire,,Oui,,Multi-fonctions,En hauteur et en profondeur,,Manuelle,À distance,,,,Électriques | Rabattables | Dégivrants,Avant,2026-02-08 17:37:29.677742,,,,,,,,,Oui,,Oui,Oui,,,,,,Oui,,,,,,,,,,,,,1 prise 12 V,,,,,,,,,,,,,,,,,,,,,,1000 KG,5.3 m³,,,,,,,,,,,,,,,,,,,,,,,,,,Oui,,,,,,,,,,,,,,,,,,,,
Foday,Foday F22 S,https://www.automobile.tn/fr/neuf/foday/f22-s/1.9-l-turbo-4wd,Foday F22 S,https://www.automobile.tn/fr/neuf/foday/f22-s/1.9-l-turbo-4wd,,Disponible,Pick up,3 ans ou 100.000 km,2,2,4,Diesel,6 CV,138 CH,400 nm 1600 tr/min,1855 CM³,Manuelle,5,Intégrale,5330 mm,1870 mm,1864 mm,,9.8 s,180 KM/H,,,7.8 L/100 km,Oui,Frontaux,,,,EBD,,Oui,Caméra de recul,Oui,,,Oui,Pare-chocs | Poignées de portes | Rétroviseurs,,En aluminium | 17'',,,4 haut-parleurs,USB | AUX | Bluetooth,Tactile,Avant,,,Cuir,Similicuir,,,,,Cuir | Multi-fonctions,En hauteur et en profondeur,,Automatique,À distance,,,,Électriques | Rabattables | Avec clignotants intégrés,Avant,2026-02-08 17:37:33.244453,,,,GPS,,,,Oui,,,,,,,,,,,,,,,,,,,,,,,1 prise 12 V,,,,,,,,,,,,,,,,,,,,,,1160 KG,,,,,,,,,,,,,,,,,,,,,,,,Oui,,,,,,,,Oui,3.525 m²,,,,,,,,,,,,,,
Foday,Foday F22 D,https://www.automobile.tn/fr/neuf/foday/f22/1.9-l-tid4-luxury,Foday F22 D,https://www.automobile.tn/fr/neuf/foday/f22/1.9-l-tid4-luxury,,2 mois,Pick up,3 ans ou 100.000 km,5,4,4,Diesel,6 CV,138 CH,400 nm 1600 tr/min,1855 CM³,Manuelle,5,Intégrale,5330 mm,1870 mm,1864 mm,,9.8 s,180 KM/H,,,7.8 L/100 km,Oui,Frontaux,,,,,,Oui,Caméra de recul,Oui,,,Oui,Pare-chocs | Poignées de portes | Rétroviseurs,,En aluminium | 17'',,,8 haut-parleurs,USB | AUX | Bluetooth,Tactile | 7 pouces,Avant,,,Cuir,Similicuir,,,,,Cuir | Multi-fonctions,En hauteur,,Automatique,À distance,,,,Électriques | Rabattables | Avec clignotants intégrés,Avant/Arrière,2026-02-08 17:37:35.890701,,,,GPS,,,,Oui,,,,,,,,,,,,,,,,,Oui,,,Chromée,,Oui,1 prise 12 V,,,,,,,,,,,,,,,,,,,,,,1115 KG,,,,,,,,,,,,,,,,,,,,,,,,Oui,,,,,,,,Oui,2.25 m²,,,,,,,,,,,,,,
Foday,Foday F22 Max,https://www.automobile.tn/fr/neuf/foday/f22-max/1.9-l-tid4-luxury,Foday F22 Max,https://www.automobile.tn/fr/neuf/foday/f22-max/1.9-l-tid4-luxury,,Disponible,Pick up,3 ans ou 100.000 km,5,4,4,Diesel,6 CV,138 CH,400 nm 1600 tr/min,1855 CM³,Manuelle,5,Intégrale,5730 mm,1870 mm,1864 mm,,9.8 s,180 KM/H,,,7.8 L/100 km,Oui,Frontaux,,,,,,Oui,Caméra de recul,Oui,,,Oui,Pare-chocs | Poignées de portes | Rétroviseurs,,En aluminium | 17'',,,8 haut-parleurs,USB | AUX | Bluetooth,Tactile | 8 pouces,Avant,,,Cuir,Similicuir,,,,,Cuir | Multi-fonctions,En hauteur,,Automatique,À distance,,,,Électriques | Rabattables | Avec clignotants intégrés,Avant/Arrière,2026-02-08 17:37:38.597515,,,,GPS,,,,Oui,,,,,,,,,,,,,,,,,Oui,,,Chromée,,Oui,1 prise 12 V,,,,,,,,,,,,,,,,,,,,,,980 KG,,,,,,,,,,,,,,,,,,,,,,,,Oui,,,,,,,,Oui,2.85 m²,,,,,,,,,,,,,,
Ford,Ford Territory,https://www.automobile.tn/fr/neuf/ford/territory,1.5 L EcoBoost Titanium,https://www.automobile.tn/fr/neuf/ford/territory/1.5-l-ecoboost-titanium,124 900 DT,Sur arrivage,SUV,3 ans ou 100.000 km,5,5,4,Essence,8 CV,160 CH,248 nm 1500 tr/min,1490 CM³,Automatique,7,Traction,4630 mm,1935 mm,1706 mm,448 L,10.2 s,180 KM/H,8.5 L/100 km,6.2 L/100 km,7.0 L/100 km,Oui,Frontaux | Latéraux | Rideaux,,ESP | TCS,Oui,EBD,Oui,Oui,Radar de recul | Radar avant | Système de caméras 360,Électrique,Oui,,LED,Oui,Feux de jour | Avant | Arrières | Clignotants à défilement,En aluminium | 18'',,Full LED,6 haut-parleurs | Commandes au volant | Système audio Arkamys 3D,USB | USB-C | Android Auto | Apple Carplay | Bluetooth | Commande vocale | Chargeur de téléphone sans fil | Mirrorlink,Tactile | 12 pouces,Avant | Arrière,3,,Rotatif,Cuir,Conducteur à réglage électrique | 10 directions | Réglage lombaire,Conducteur,Oui,,Cuir | Multi-fonctions,En hauteur et en profondeur,Démarrage mains libres,Automatique | Bizone | Ventilation arrière,À distance,Oui,,Anti-éblouissement,Électriques | Rabattables | Dégivrants | Avec clignotants intégrés,Avant/Arrière,2026-02-08 17:37:42.399461,,Oui,,,,Accès mains libres | Démarrage à distance | Arrêt moteur à distance,1422 L,Anti-soulèvement,Oui,,,,Chrome,,,,,Oui,Éléctrique,7 pouces,Oui,,Métallisée,,Oui,,Ouverture à distance,Chromée,168 g/km,,,Normal | Sport | Eco | Montagne,,,,,,,,,,,,,,,,Oui,,,,,,,,,,,,Oui,,,,,,,,,,,,,,,,,,Chromées,,,RSC,,,,,,,,,,,,,,,,,,,
Ford,Ford Territory,https://www.automobile.tn/fr/neuf/ford/territory,1.5 L EcoBoost Titanium X,https://www.automobile.tn/fr/neuf/ford/territory/1.5-l-ecoboost-titanium-x,139 900 DT,Sur arrivage,SUV,3 ans ou 100.000 km,5,5,4,Essence,8 CV,160 CH,248 nm 1500 tr/min,1490 CM³,Automatique,7,Traction,4630 mm,1935 mm,1706 mm,448 L,10.2 s,180 KM/H,8.5 L/100 km,6.2 L/100 km,7.0 L/100 km,Oui,Frontaux | Latéraux | Rideaux,Oui,ESP | TCS,Oui,EBD | Système anti-collision avec détection des piétons,Oui,Oui,Radar de recul | Radar avant | Système de caméras 360,Électrique,Oui,Adaptatif (ACC),LED,Oui,Feux de jour | Avant | Arrières | Clignotants à défilement,En aluminium | 19'',,Full LED,8 haut-parleurs | Commandes au volant | Système audio Arkamys 3D,USB | USB-C | Android Auto | Apple Carplay | Bluetooth | Commande vocale | Chargeur de téléphone sans fil | Mirrorlink,Tactile | 12 pouces,Avant | Arrière,3,,Rotatif,Cuir perforé,Conducteur à réglage électrique | 10 directions | Ventilés | Réglage lombaire,Conducteur,Oui,,Cuir | Multi-fonctions,En hauteur et en profondeur,Démarrage mains libres,Automatique | Bizone | Ventilation arrière,À distance,Oui,,Anti-éblouissement,Électriques | Rabattables | Dégivrants | Avec clignotants intégrés | Éclairage d'accueil à LED,Avant/Arrière,2026-02-08 17:37:44.184182,,Oui,,,Ouvrant | Panoramique,Accès mains libres | Démarrage à distance | Arrêt moteur à distance,1422 L,Anti-soulèvement,Oui,,,,Chrome,,,Oui,,Oui,Éléctrique,12 pouces,Oui,,Métallisée,,Oui,,Ouverture et fermeture motorisées | Ouverture mains libres,Chromée,168 g/km,,,Normal | Sport | Eco | Montagne,,,,,,,,,,,,,,,,Oui,,,,,,,,,Oui,,,Oui,,,,,,,,,,,,,,,,,,Chromées,,,RSC,,,,,,,,,,,,,,,,,,,
Ford,Ford Everest,https://www.automobile.tn/fr/neuf/ford/everest,2.0 L Bi-Turbo XLT 7 places,https://www.automobile.tn/fr/neuf/ford/everest/2.0-l-bi-turbo-xlt-7-places,260 000 DT,Disponible,SUV,3 ans ou 60.000 km,7,5,4,Diesel,13 CV,210 CH,500 nm 1750 tr/min,1996 CM³,Automatique,10,Intégrale,4914 mm,1923 mm,1841 mm,898 L,10.4 s,180 KM/H,8.9 L/100 km,6.7 L/100 km,7.5 L/100 km,Oui,Frontaux | Latéraux | Rideaux | Genoux | Centraux,Oui,TCS,Oui,EBA,,Oui,Radar de recul | Radar avant | Caméra de recul,Électrique,Oui,Oui,LED,Oui,Feux de jour | Avant | Arrières,En aluminium | 18'',,Full LED,SYNC | 8 haut-parleurs | Commandes au volant,USB | Android Auto | Apple Carplay | Bluetooth | Commande vocale | Chargeur de téléphone sans fil,Tactile | 10 pouces,Avant | Arrière,3,,Cuir,Cuir,Conducteur à réglage électrique | 8 directions | Réglage lombaire | Banquette arrière coulissante,Conducteur,Premium,Lunette et vitres arrières sur-teintées,Cuir | Multi-fonctions,En hauteur et en profondeur,Démarrage mains libres,Automatique | 3 zones | Ventilation arrière,À distance,Supervision TFT LCD,,Anti-éblouissement,Électriques | Rabattables | Dégivrants | Avec clignotants intégrés,Avant/Arrière,2026-02-08 17:37:46.846557,,HDC,,,,Accès mains libres,,Oui,Oui,,Oui,,,,Oui,,,Oui,Éléctrique,8 pouces,Oui,,Métallisée,,,,,,,,2 prises 12 V,Normal | Eco | Charge lourde | Faible adhérence | Boue | Sable,,,,,,,,,,,,,,,,Oui,,,Oui,,,,,,Oui,,,,,,,,,,,,,,,,,,,,Oui,,,,RSC,,,Oui,,,,,,,,,,,,,,,,
Ford,Ford Everest,https://www.automobile.tn/fr/neuf/ford/everest,2.0 L Bi-Turbo Limited 7 places,https://www.automobile.tn/fr/neuf/ford/everest/2.0-l-bi-turbo-limited-7-places,285 000 DT,Sur arrivage,SUV,3 ans ou 60.000 km,7,5,4,Diesel,13 CV,210 CH,500 nm 1750 tr/min,1996 CM³,Automatique,10,Intégrale,4914 mm,1923 mm,1841 mm,898 L,10.4 s,180 KM/H,8.9 L/100 km,6.7 L/100 km,7.5 L/100 km,Oui,Frontaux | Latéraux | Rideaux | Genoux | Centraux,Oui,TCS,Oui,EBA | Système anti-collision avec détection des piétons,,Oui,Radar de recul | Radar avant | Caméra de recul,Électrique,Oui,Oui,LED,Oui,Feux de jour | Avant | Arrières,En aluminium | 21'',,Full LED,SYNC | 8 haut-parleurs | Commandes au volant,USB | Android Auto | Apple Carplay | Bluetooth | Commande vocale | Chargeur de téléphone sans fil,Tactile | 12 pouces HD,Avant | Arrière,3,,Cuir,Cuir,Conducteur à réglage électrique | 8 directions | Réglage lombaire | Banquette arrière coulissante,Conducteur,Premium,Lunette et vitres arrières sur-teintées,Cuir | Multi-fonctions,En hauteur et en profondeur,Démarrage mains libres,Automatique | 3 zones | Ventilation arrière,À distance,Supervision TFT LCD,,Anti-éblouissement,Électriques | Rabattables | Dégivrants | Avec clignotants intégrés,Avant/Arrière,2026-02-08 17:37:48.633115,,HDC,,,Ouvrant | Panoramique,Accès mains libres,,Oui,Oui,,Oui,,Chrome,,Oui,Oui,,Oui,Éléctrique,8 pouces,Oui,,Métallisée,,,,Ouverture et fermeture motorisées,Chromée,,,2 prises 12 V | 230 V,Normal | Eco | Charge lourde | Faible adhérence | Boue | Sable,,,,,,,,,,,,,,,,Oui,,,Oui,,,,,,Oui,,,Oui,,,,,,,,,,,,,,,,,Oui,Chromées,,,RSC,,,,,,,,,,,,,,,,,,,
Ford,Ford Ranger,https://www.automobile.tn/fr/neuf/ford/ranger,2.0 L 170 ch 4x4 XLT BVM,https://www.automobile.tn/fr/neuf/ford/ranger/2.0-l-170-ch-4x4-bvm-xlt,155 000 DT,1 mois,Pick up,3 ans ou 60.000 km,5,4,4,Diesel,9 CV,170 CH,405 nm 1750 tr/min,1996 CM³,Manuelle,6,Intégrale,5370 mm,1918 mm,1884 mm,,11.6 s,180 KM/H,8.2 L/100 km,7.1 L/100 km,6.5 L/100 km,Oui,Frontaux | Latéraux | Rideaux | Genoux | Centraux,,ESP,Oui,,,Oui,Radar de recul | Caméra de recul,Oui,Oui,Oui,,Pare-chocs | Poignées de portes | Rétroviseurs,,En aluminium | 18'' | Roue de secours en Aluminium,,,6 haut-parleurs,USB | USB-C | Bluetooth | Commande vocale,Tactile | 10.1 pouces,Avant | Arrière,3,,Cuir,Tissu,,Conducteur et passager,Oui,Pare-brise en verre feuilleté,Cuir | Multi-fonctions,En hauteur et en profondeur,,Manuelle,À distance,Oui,,,Électriques | Dégivrants | Avec clignotants intégrés,Avant/Arrière,2026-02-08 17:37:51.266299,,,,,,,,,Oui,,,,,Oui,,,,,,Digital Cockpit | 8 pouces,Oui,,,,Oui,,,Chromée,,,2 prises 12 V,,,,,,,,,,,,,,,,,,,,Arrière,,1100 KG,,,,,,,,,,,,,,,,,,,,,,,,,,,,,,,,,2.40 m²,,,,,,,,,,,,,,
Ford,Ford Ranger,https://www.automobile.tn/fr/neuf/ford/ranger,2.0 L 170 ch 4x4 XLT BVA,https://www.automobile.tn/fr/neuf/ford/ranger/2.0-l-170-ch-4x4-bva-xlt,170 000 DT,Disponible,Pick up,3 ans ou 60.000 km,5,4,4,Diesel,7 CV,170 CH,405 nm 1750 tr/min,1996 CM³,Automatique,6,Intégrale,5370 mm,1918 mm,1884 mm,,11.6 s,180 KM/H,9.8 L/100 km,6.9 L/100 km,7.9 L/100 km,Oui,Frontaux | Latéraux | Rideaux | Genoux | Centraux,,ESP,Oui,,,Oui,Radar de recul | Caméra de recul,Oui,Oui,Oui,,Pare-chocs | Poignées de portes | Rétroviseurs,,En aluminium | 18'' | Roue de secours en Aluminium,,,6 haut-parleurs,USB | USB-C | Bluetooth | Commande vocale,Tactile | 10.1 pouces,Avant | Arrière,3,,Cuir,Tissu,,Conducteur et passager,Oui,Pare-brise en verre feuilleté,Cuir | Multi-fonctions,En hauteur et en profondeur,,Manuelle,À distance,Oui,,,Électriques | Dégivrants | Avec clignotants intégrés,Avant/Arrière,2026-02-08 17:37:53.073081,,,,,,,,,Oui,,,,,Oui,,,,,,Digital Cockpit | 8 pouces,Oui,,,,Oui,,,Chromée,203 g/km,,2 prises 12 V,,,,,,,,,,,,,,,,,,,,Arrière,,1080 KG,,,,,,,,,,,,,,,,,,,,,,,,,,,,,,,,,2.40 m²,,,,,,,,,,,,,,
Ford,Ford Ranger,https://www.automobile.tn/fr/neuf/ford/ranger,2.0 L TDCI 210 ch 4x4 Wildtrak BVA,https://www.automobile.tn/fr/neuf/ford/ranger/2.0-l-tdi-210-ch-4x4-bva-wildtrak,230 000 DT,Disponible,Pick up,3 ans ou 60.000 km,5,4,4,Diesel,12 CV,210 CH,500 nm 1750 tr/min,1996 CM³,Automatique,10,Intégrale,5370 mm,1918 mm,1884 mm,,10.5 s,180 KM/H,8.8 L/100 km,6.8 L/100 km,7.5 L/100 km,Oui,Frontaux | Latéraux | Rideaux | Genoux | Centraux,,ESP,Oui,Système anti-collision avec détection des piétons | Freinage multi-collision,Oui,Oui,Radar de recul | Radar avant | Caméra de recul,Oui,Oui,Oui,LED,Pare-chocs | Poignées de portes,Feux de jour | Avant | Arrières,En aluminium | 18'' | Roue de secours en Aluminium | Medium Boulder Grey,,Full LED,6 haut-parleurs,USB | USB-C | Bluetooth | Commande vocale | Chargeur de téléphone sans fil,Tactile | 12.1 pouces,Avant | Arrière,3,,Cuir,Cuir,Conducteur à réglage électrique | 8 directions | Chauffants,Conducteur et passager,Velours,Pare-brise en verre feuilleté,Cuir | Multi-fonctions,En hauteur et en profondeur,Démarrage mains libres,Automatique | Bizone,À distance,Oui,,,Électriques | Rabattables | Dégivrants | Chromés | Avec clignotants intégrés | Éclairage d'accueil à LED,Avant/Arrière,2026-02-08 17:37:54.969764,Oui,,,,,Accès mains libres,,Volumétrique | Anti-soulèvement,Oui,,,,,,,Oui,,Oui,Éléctrique,Digital Cockpit | 8 pouces,Oui,,,,Porte-lunettes,,,Medium Boulder Grey,199 g/km,,2 prises 230 V,,,,,,,,,,,Similicuir,,,,,,Argent,,,Arrière,,1020 KG,1.3 m³,,,AHBA,,,Oui,,,,,,,,,,,,,Oui,,,,Chromés,,,,,,,,,,Électrique | Ouverture et fermeture à distance,,,,,,,,,,,,,
Ford,Ford Ranger Raptor,https://www.automobile.tn/fr/neuf/ford/ranger-raptor/2.0-l-tdci-210-ch-4x4-bva,Ford Ranger Raptor,https://www.automobile.tn/fr/neuf/ford/ranger-raptor/2.0-l-tdci-210-ch-4x4-bva,,Disponible,Pick up,3 ans ou 60.000 km,5,4,4,Diesel,12 CV,210 CH,500 nm 1750 tr/min,1996 CM³,Automatique,10,Intégrale,5381 mm,2208 mm,1922 mm,,10.5 s,180 KM/H,8.2 L/100 km,7.9 L/100 km,8.0 L/100 km,Oui,Frontaux | Latéraux | Rideaux | Genoux | Centraux,Oui,ESP,Oui,Système anti-collision avec détection des piétons | Freinage multi-collision,Oui,Oui,Radar de recul | Radar avant | Radar latéral | Système de caméras 360 | Parkassist,Oui,Oui,Adaptatif (ACC),LED,Poignées de portes,Feux de jour | Avant,En aluminium | 17'' | Asphalt Black Matt,,Matrix LED,8 haut-parleurs | Haut-parleurs B&O,USB | USB-C | Bluetooth | Commande vocale | Chargeur de téléphone sans fil,Tactile | 12 pouces,Avant | Arrière,3,,Cuir,Cuir/Alcantara,Électriques | 10 directions | Chauffants,Conducteur et passager,Velours,Lunette et vitres arrières sur-teintées | Pare-brise en verre feuilleté,Cuir | Multi-fonctions,En hauteur et en profondeur,Démarrage mains libres,Automatique | Bizone,À distance,Oui,,,Électriques | Rabattables | Dégivrants | Chromés | Avec clignotants intégrés | Éclairage d'accueil à LED,Avant/Arrière,2026-02-08 17:37:57.829954,Oui,,,GPS | Cartographie Tunisienne,,Accès mains libres,,Volumétrique | Anti-soulèvement,Oui,,,Oui,,,,Oui,,Oui,Éléctrique,Digital Cockpit | 8 pouces,Oui,,,,Porte-lunettes,,,Raptor,210 g/km,,2 prises 230 V,Normal | Sport | Glissant | Boue | Sable | Baja | Rochers,,,,,,,,,,,,,,,,Argent,,,Arrière,,750 KG,1.3 m³,,,AHBA,,,Oui,,,,,,,,,,,,Niveau 2,Oui,,,,Raptor,,,,,,,,,,Électrique | Ouverture et fermeture à distance,,,,,,,,,,,,,
Ford,Ford Transit Minibus,https://www.automobile.tn/fr/neuf/ford/transit-bus/2.0-l-d-18-places,Ford Transit Minibus,https://www.automobile.tn/fr/neuf/ford/transit-bus/2.0-l-d-18-places,,1 mois,Minibus,2 ans,18,5 | 1 porte latérale coulissante | 2 portes arrières battantes vitrées,4,Diesel,5 CV,165 CH,390 nm 1750 tr/min,1996 CM³,Manuelle,6,Propulsion,6704 mm,2126 mm,2757 mm,,N.C,155 KM/H,11.8 L/100 km,8.5 L/100 km,9.7 L/100 km,Oui,Frontaux,Oui,ESP,Oui,AFU |  Freinage automatique anti-collision (AEB),,,Radar de recul | Radar avant | Système de caméras 360,Électrique,Oui,Adaptatif (ACC),Oui,,Feux de jour,16'',,,6 haut-parleurs | Commandes au volant,USB | USB-C | Android Auto | Apple Carplay | Bluetooth | Commande vocale,Tactile | 12.3 pouces,Avant,,,Cuir,Tissu,,Conducteur,Plastique antidérapant,Pare-brise en verre feuilleté,Cuir | Multi-fonctions,En hauteur et en profondeur,,Automatique | Ventilation arrière,À distance,Oui,,,Électriques | Rabattables | Dégivrants | Avec clignotants intégrés,Avant,2026-02-08 17:38:00.448438,Oui,,,,,,,,Oui,,,,,,,,,,,8 pouces,Oui,,,,Oui,,,Noire,,,2 prises 12 V,,,,,,,,,,,,,,,,,,,,,,,,,FCW,,,,,,,,,,,,,,,,,,,,,Coté passagers | Escamotables électriquement,,,,RSC,,,,,,,Oui,,,,,,,,,,,,
Foton,Foton Tunland G7 Simple Cabine,https://www.automobile.tn/fr/neuf/foton/tunland-g7-simple-cabine/2.0-l-turbo-4x2,Foton Tunland G7 Simple Cabine,https://www.automobile.tn/fr/neuf/foton/tunland-g7-simple-cabine/2.0-l-turbo-4x2,,Disponible,Pick up,3 ans ou 100.000 km,2,2,4,Diesel,9 CV,163 CH,390 nm 1800 tr/min,1968 CM³,Manuelle,6,Propulsion,5340 mm,1940 mm,1860 mm,,N.C. s,160 KM/H,,,7.9 L/100 km,Oui,Frontaux,,ESP | TCS,Oui,AFU | EBA | EBD,,Oui,Radar de recul | Caméra de recul,Hydraulique,,Oui,,Pare-chocs,,En aluminium | 17'',,,2 haut-parleurs,2 USB | Bluetooth,Tactile | 8 pouces,Avant,,,,Tissu,,Conducteur,Oui,,Cuir | Multi-fonctions,En hauteur,Démarrage mains libres,Automatique,À distance,Ecran TFT 3.5'',,,Électriques | Avec clignotants intégrés,Avant,2026-02-08 17:38:03.955598,,HDC,,,,Accès mains libres,,Oui,,,,,,,,,,,,,,,Métallisée,,Porte-lunettes,,,Chromée,,Oui,1 prise 12 V,,,,,,,,,,,,,,,,,,,,,,980 KG,,,,,,,,,,,,,,,,,,,,,,,,,,,,,,,,,,,,,,,,,,,,,,,
Foton,Foton Tunland G7 Double Cabine,https://www.automobile.tn/fr/neuf/foton/tunland-g7-double-cabine/2.0-l-turbo-4x4,Foton Tunland G7 Double Cabine,https://www.automobile.tn/fr/neuf/foton/tunland-g7-double-cabine/2.0-l-turbo-4x4,,Disponible,Pick up,3 ans ou 100.000 km,5,4,4,Diesel,7 CV,163 CH,390 nm 1800 tr/min,1968 CM³,Manuelle,6,Intégrale,5340 mm,1940 mm,1870 mm,,N.C. s,160 KM/H,,,7.9 L/100 km,Oui,Frontaux,,ESP | TCS,Oui,AFU | EBA | EBD,,Oui,Radar de recul | Caméra de recul,Hydraulique,,Oui,Oui,,Feux de jour,En aluminium | 18'' | Bi-ton,,,6 haut-parleurs,4 USB | Bluetooth,Tactile | 8 pouces,Avant | Arrière,3,,,Similicuir,Conducteur à réglage électrique | 6 directions | Chauffants | Réglage lombaire,Conducteur,Oui,,Cuir | Multi-fonctions,En hauteur,Démarrage mains libres,Automatique,À distance,Ecran TFT 3.5'',,,Électriques | Dégivrants | Avec clignotants intégrés,Avant/Arrière,2026-02-08 17:38:06.501215,,HDC,,,,Accès mains libres,,Oui,,,,,,,,LED,,,,,,,Métallisée,,,,,Spark Grey,,Oui,1 prise 12 V,,,,,,,,,,,,,,,,,,,,Électronique,,980 KG,,,,,,,,,,,,,,,,,,,,,,,,Oui,,,,,,,,Oui,,,,,,,,,,,,,,,
Foton,Foton TM5 3.4T Chassis Cabine,https://www.automobile.tn/fr/neuf/foton/tm5h/2.2-l-turbo,Foton TM5 3.4T Chassis Cabine,https://www.automobile.tn/fr/neuf/foton/tm5h/2.2-l-turbo,,Disponible,Pick up,1 an,2,2,4,Diesel,7 CV,88 CH,360 nm 1750 tr/min,2156 CM³,Manuelle,5,Propulsion,5435 mm,2550 mm,1995 mm,,N.C. s,105 KM/H,,,8 L/100 km,Oui,Frontaux,,ESP,Oui,,,,,Oui,,,Oui,,Feux de jour,15'',,,Oui,,,,,,,Tissu,,,Oui,,,,,Manuelle,,,,,,Avant,2026-02-08 17:38:09.049291,,,,,,,,,,,,,,,,,,,,,,,,,,,,,,,,,,,,,,,,,,,,,,,,,,,,,,,,,,,,,,,,,,,,,,,,,,,,,,,,,,,,,,,,,,,,,,,,,,,,
Foton,Foton View CS2 Van 16 places,https://www.automobile.tn/fr/neuf/foton/view-c2/2.0-l-turbo-16-places,Foton View CS2 Van 16 places,https://www.automobile.tn/fr/neuf/foton/view-c2/2.0-l-turbo-16-places,,Disponible,Minibus,3 ans ou 100.000 km,16,3 | 1 porte latérale coulissante,4,Diesel,7 CV,137 CH,329 nm 1600 tr/min,1968 CM³,Manuelle,6,Traction,5390 mm,1920 mm,2285 mm,,N.C. s,145 KM/H,,,9.4 L/100 km,Oui,Frontaux,,ESP,Oui,EBD,,,Radar de recul | Caméra de recul,Hydraulique,,,Oui,,,En aluminium | 15'',,,4 haut-parleurs,USB | Bluetooth,Tactile | 8 pouces,,,,,Tissu,,,Oui,,,,,Automatique | Ventilation arrière,À distance,Oui,,,Électriques | Chromés,Avant,2026-02-08 17:38:11.650227,,,,,,,,,,,,,,,,,,,,,,,,,,,,Chromée,,,,,,,,,,,,,,,,,,,,,,,,,,,,,,,,,,Oui,,,,,,,,,,,,,,,Eclairés,Chromées,,,,,,,,,,,,,,,,,,,,,,
Gac-Motor,GAC Emzoom,https://www.automobile.tn/fr/neuf/gac-motor/emzoom,1.5T GDI Lifestyle BVA,https://www.automobile.tn/fr/neuf/gac-motor/emzoom/1.5t-gdi-bva-lifestyle,95 900 DT,Disponible,SUV,5 ans ou 150000 km,5,5,4,Essence,9 CV,170 CH,240 nm 1400 tr/min,1497 CM³,Automatique,7,Traction,4410 mm,1850 mm,1600 mm,341 L,8 s,190 KM/H,,,5.9 L/100 km,Oui,Frontaux | Latéraux | Rideaux,Oui,ESP,Oui,Freinage automatique anti-collision (AEB),Oui,Oui,Radar de recul | Radar avant | Système de caméras 360,Électrique,,Adaptatif (ACC),Oui,Pare-chocs | Poignées de portes | Rétroviseurs,Feux de jour | Avant | Arrières,En aluminium | 18'',,Full LED | Adaptatifs,6 haut-parleurs,2 USB | USB-C | Android Auto | Apple Carplay | Bluetooth | Chargeur de téléphone sans fil,Tactile | 10.1 pouces,Avant | Arrière,,,Cristal,Similicuir,Électriques | 6 directions | Sport,Conducteur,Oui,,Cuir | Multi-fonctions,En hauteur et en profondeur,Démarrage mains libres,Automatique,À distance,Oui,,,Électriques | Rabattables,Avant/Arrière,2026-02-08 17:38:15.281481,LKA,Oui,,,Ouvrant | Panoramique,Accès mains libres | Démarrage à distance,1271 L,Périmétrique,Oui,,Oui,,,,Oui,LED | 64 couleurs,,Oui,Éléctrique,,,,Métallisée,,Oui,,Ouverture et fermeture motorisées,,,,1 prise 12 V,Normal | Sport | Eco,,,,,,,,,,,,,,,,Oui,,,,,,,,FCW,,,,,,,,,,,,TSR,,,,Niveau 2,,,,,,Escamotables | Ouverture à l'approche,,,,,Avant | Arrière,,,,,,,,,,,,,,,,,
Gac-Motor,GAC Emzoom,https://www.automobile.tn/fr/neuf/gac-motor/emzoom,1.5T GDI GL BVA,https://www.automobile.tn/fr/neuf/gac-motor/emzoom/1.5t-gdi-bva-gl,105 900 DT,Disponible,SUV,5 ans ou 150000 km,5,5,4,Essence,9 CV,170 CH,240 nm 1400 tr/min,1497 CM³,Automatique,7,Traction,4410 mm,1850 mm,1600 mm,341 L,8 s,190 KM/H,,,5.9 L/100 km,Oui,Frontaux | Latéraux | Rideaux,Oui,ESP,Oui,Freinage automatique anti-collision (AEB),Oui,Oui,Radar de recul | Radar avant | Système de caméras 360 | Parkassist,Électrique,,Adaptatif (ACC),Oui,Pare-chocs | Poignées de portes | Rétroviseurs,Feux de jour | Avant | Arrières,En aluminium | 18'',,Full LED | Adaptatifs,6 haut-parleurs,2 USB | USB-C | Android Auto | Apple Carplay | Bluetooth | Chargeur de téléphone sans fil,Tactile | 10.1 pouces,Avant | Arrière,,,Cristal,Similicuir,Électriques | 6 directions | Ventilés | Sport,Conducteur,Oui,,Cuir | Multi-fonctions,En hauteur et en profondeur,Démarrage mains libres,Automatique,À distance,Oui,,,Électriques | Rabattables,Avant/Arrière,2026-02-08 17:38:17.229110,LKA,Oui,,,Ouvrant | Panoramique,Accès mains libres | Démarrage à distance,1271 L,Périmétrique,Oui,,Oui,,,,Oui,LED | 64 couleurs,,Oui,Éléctrique,,,,Métallisée,,Oui,,Ouverture et fermeture motorisées,,,,1 prise 12 V,Normal | Sport | Eco,,,,,,,,,,,,,,,,Oui,,,,,,,,FCW,,,,,,,,,,,,TSR,,,,Niveau 2,,,,,,Escamotables | Ouverture à l'approche,,,,,Avant | Arrière,,,,,,,,,,,,,,,,,
Gac-Motor,GAC Emzoom,https://www.automobile.tn/fr/neuf/gac-motor/emzoom,1.5T GDI R-Style BVA,https://www.automobile.tn/fr/neuf/gac-motor/emzoom/1.5t-gdi-bva-r-style,108 900 DT,Disponible,SUV,5 ans ou 150000 km,5,5,4,Essence,9 CV,170 CH,240 nm 1400 tr/min,1497 CM³,Automatique,7,Traction,4446 mm,1850 mm,1600 mm,341 L,8 s,190 KM/H,,,5.9 L/100 km,Oui,Frontaux | Latéraux | Rideaux,Oui,ESP,Oui,Freinage automatique anti-collision (AEB),Oui,Oui,Radar de recul | Radar avant | Système de caméras 360 | Parkassist,Électrique,,Adaptatif (ACC),Oui,Pare-chocs | Poignées de portes | Rétroviseurs,Feux de jour | Avant | Arrières,En aluminium | 19'',,Full LED | Adaptatifs,6 haut-parleurs,2 USB | USB-C | Android Auto | Apple Carplay | Bluetooth | Chargeur de téléphone sans fil,Tactile | 10.1 pouces,Avant | Arrière,,,Cristal,Similicuir,Électriques | 6 directions | Ventilés | Sport,Conducteur,Oui,,Cuir | Multi-fonctions,En hauteur et en profondeur,Démarrage mains libres,Automatique,À distance,Oui,,,Électriques | Rabattables,Avant/Arrière,2026-02-08 17:38:19.179194,LKA,Oui,,,Ouvrant | Panoramique,Accès mains libres | Démarrage à distance,1271 L,Périmétrique,Oui,,Oui,,,,Oui,LED | 64 couleurs,,Oui,Éléctrique,,,R-Style,Métallisée,,Oui,,Ouverture et fermeture motorisées,,,,1 prise 12 V,Normal | Sport | Eco | Sport Plus,,,,,,,,,,,,,,,,Oui,,,,,,,,FCW,,,,,,,,,,,,TSR,,,,Niveau 2,,,,,,Escamotables | Ouverture à l'approche,,,,,Avant | Arrière,,,,,,,,,,,,,,,,,
Gac-Motor,GAC Emkoo,https://www.automobile.tn/fr/neuf/gac-motor/emkoo/1.5t-gdi-bva,GAC Emkoo,https://www.automobile.tn/fr/neuf/gac-motor/emkoo/1.5t-gdi-bva,,Disponible,SUV,5 ans ou 150000 km,5,5,4,Essence,9 CV,170 CH,250 nm 1400 tr/min,1497 CM³,Automatique,7,Traction,4680 mm,1901 mm,1670 mm,420 L,N.C,N.C,,,6.6 L/100 km,Oui,Frontaux | Latéraux | Rideaux,LDW,ESP,Oui,HBA | Système anti-collision avec détection des piétons |  Freinage automatique anti-collision (AEB),Oui,Oui,Radar de recul | Radar avant | Système de caméras 360,Électrique,,Adaptatif (ACC),Oui,Pare-chocs | Poignées de portes | Rétroviseurs,Feux de jour | Avant | Arrières,En aluminium | 19'',,Full LED | Adaptatifs,6 haut-parleurs,2 USB | USB-C | Android Auto | Apple Carplay | Bluetooth | Commande vocale,Tactile | 10.1 pouces,Avant,3,,,Similicuir,Électriques | 6 directions | Ventilés | Sport,Conducteur,Oui,,Cuir | Multi-fonctions,En hauteur et en profondeur,Démarrage mains libres,Automatique,À distance,Oui,,,Électriques | Rabattables,Avant/Arrière,2026-02-08 17:38:22.174968,LKA,HDC,,,Panoramique,Accès mains libres | Démarrage à distance,,Périmétrique,Oui,,HHC,Oui,,,Oui,,,Oui,Éléctrique,Oui,,,Métallisée,,,,Ouverture et fermeture motorisées,,,,1 prise 12 V,Normal | Sport | Eco,,,,,,,,,,,,,,,,Oui,,,,,,,,FCW,Oui,,,,,,,,,,,TSR,,,,Niveau 2,,,,,,Escamotables | Ouverture à l'approche,,,,,Avant | Arrière,,,,,,,,,,,,,,,,,
Gac-Motor,GAC GA4,https://www.automobile.tn/fr/neuf/gac-motor/ga4/1.5-l-bva,GAC GA4,https://www.automobile.tn/fr/neuf/gac-motor/ga4/1.5-l-bva,,Disponible,Berline,5 ans ou 150000 km,5,4,4,Essence,6 CV,107 CH,141 nm 4500 tr/min,1495 CM³,Automatique,,Traction,4692 mm,1805 mm,1500 mm,580 L,N.C,N.C,9 L/100 km,5.4 L/100 km,6.9 L/100 km,Oui,Frontaux | Latéraux,,ESP,Oui,EBA | EBD,Oui,Oui,Radar de recul | Caméra de recul,Électrique,,Oui,Oui,Pare-chocs | Poignées de portes | Rétroviseurs,Feux de jour,En aluminium | 16'',,,4 haut-parleurs,2 USB | Bluetooth,Tactile,Avant | Arrière,,,,Similicuir,,Conducteur,Oui,,Cuir | Multi-fonctions,En hauteur,Démarrage mains libres,Automatique,À distance,Oui,,,Électriques,Avant/Arrière,2026-02-08 17:38:24.878937,,,,,,Accès mains libres,,Oui,,,,,,,,,,,Éléctrique,,,,Métallisée,,,,Cache Bagages,,,,1 prise 12 V,,,,,,,,,,,,,,,,,,,,,,,,,,,,,,,,,,,,,,,,,,,,,,,,,,,,,,,,,,,,,,,,,,,,,
Geely,Geely EX2,https://www.automobile.tn/fr/neuf/geely/ex2/39.4-kwh-max,Geely EX2,https://www.automobile.tn/fr/neuf/geely/ex2/39.4-kwh-max,,En pré-commande,Compacte,Batterie garantie 8 ans ou 200.000 km | 6 ans ou 200.000 km,5,5,,Electrique,3 CV,115 CH,150 nm 0 tr/min,,Automatique,,Propulsion,4135 mm,1805 mm,1580 mm,375 L,10.2 s,130 KM/H,,,,Oui,Frontaux | Latéraux | Rideaux,LDW,ESC | TCS,Oui,BAS | EBD |  Freinage automatique anti-collision (AEB),TPMS,Oui,Radar de recul | Système de caméras 540°,Oui,,Adaptatif (ACC),,Pare-chocs | Poignées de portes,Feux de jour | Avant | Arrières,En aluminium | 16'',,Full LED | Adaptatifs,6 haut-parleurs | Commandes au volant,USB | USB-C | Android Auto | Apple Carplay | Bluetooth | Chargeur de téléphone sans fil | Mirrorlink,Tactile | 14.6 pouces,Avant,,,,Similicuir,Électriques | 6 directions,Conducteur,Oui,Lunette et vitres arrières sur-teintées | Athermiques,Similicuir | Multi-fonctions | Sport,En hauteur et en profondeur,Démarrage mains libres,Manuelle | Ventilation arrière,À distance,Oui,,Anti-éblouissement,Électriques | Dégivrants | Avec clignotants intégrés,Avant/Arrière,2026-02-08 17:38:28.575424,,HDC,,,,Accès mains libres,1320 L,Oui,Oui,,,,,,Oui,LED | 256 Couleurs,,Oui,Éléctrique,8.8 pouces,,,,,Oui,,Ouverture et fermeture motorisées,,,,,Normal | Sport | Eco,,1,,39.4 kWh,325 km,12.04 kWh/100 km,6.5 heures,21 minutes,,Similicuir,,,,,70 L,,,,,,,,LFP,FCW,IHC,,,,,,,,,,,,,,,,,,395 km,,,,,,,,,,,,,,,,,,,,,,,,,
Geely,Geely GX3 Pro,https://www.automobile.tn/fr/neuf/geely/gx3-pro,1.5 L BVM,https://www.automobile.tn/fr/neuf/geely/gx3-pro/1.5-l-bvm,62 300 DT,2 mois,SUV,4 ans,5,5,4,Essence,5 CV,103 CH,142 nm 4400 tr/min,1498 CM³,Manuelle,5,Traction,4005 mm,1760 mm,1575 mm,400 L,11.7 s,160 KM/H,,,6.5 L/100 km,Oui,Frontaux,,,Oui,,TPMS,Oui,Radar de recul | Caméra de recul,Oui,,Oui,,Pare-chocs | Poignées de portes,Feux de jour | Arrières,En aluminium | 16'',,,4 haut-parleurs,2 USB | Android Auto | Apple Carplay | Bluetooth,Tactile | 8 pouces,Avant,,Chromée,Similicuir,Similicuir | Surpiqures,,Conducteur,Oui,,Cuir | Multi-fonctions | Sport,En hauteur,,Automatique,À distance,Ecran TFT 3.5'',,,Électriques | Dégivrants | Noirs | Avec clignotants intégrés,Avant/Arrière,2026-02-08 17:38:31.192796,,,,,Ouvrant,,,Oui,Oui,,,,,,Oui,,,,,,,,,,Oui,,,Chromée,,,1 prise 12 V,,,,,,,,,,,,,,,,,Chromées,,,,,,,,,,,,,,,,,,,,,,,,,,,,,,,,,,,,,,,,,,,,,,,,,,,,
Geely,Geely GX3 Pro,https://www.automobile.tn/fr/neuf/geely/gx3-pro,1.5 L CVT,https://www.automobile.tn/fr/neuf/geely/gx3-pro/1.5-l-cvt,68 800 DT,2 mois,SUV,4 ans,5,5,4,Essence,6 CV,103 CH,142 nm 4400 tr/min,1498 CM³,Automatique,7,Traction,4005 mm,1760 mm,1575 mm,400 L,11.7 s,160 KM/H,,,6.5 L/100 km,Oui,Frontaux,,ESC | TCS,Oui,EBA |  Freinage automatique anti-collision (AEB) | VDC,TPMS,Oui,Radar de recul | Caméra de recul,Oui,,Oui,,Pare-chocs | Poignées de portes,Feux de jour | Arrières,En aluminium | 16'',,,4 haut-parleurs,2 USB | Android Auto | Apple Carplay | Bluetooth | Mirrorlink,Tactile | 8 pouces,Avant,,Chromée,Similicuir,Similicuir | Surpiqures,,Conducteur,Oui,,Cuir | Multi-fonctions | Sport,En hauteur,Démarrage mains libres,Automatique,À distance,Ecran TFT 3.5'',,,Électriques | Dégivrants | Noirs | Avec clignotants intégrés,Avant/Arrière,2026-02-08 17:38:33.081609,,,,,Ouvrant,Accès mains libres,,Oui,Oui,,HHC,,,,Oui,,,,,,,,,,Oui,,,Chromée,,,1 prise 12 V,Confort | Sport | Eco,,,,,,,,,,,,,,,,Chromées,,,,,,,,,,,,,,,,,,,,,,,,,,,,,,,,,RMI,,,,,,,,,,,,,,,,,,,
Geely,Geely Emgrand,https://www.automobile.tn/fr/neuf/geely/emgrand,1.5 L GL,https://www.automobile.tn/fr/neuf/geely/emgrand/1.5-l-gl,67 800 DT,Disponible,Berline,4 ans ou 150.000 km,5,4,4,Essence,6 CV,122 CH,152 nm 4500 tr/min,1499 CM³,Manuelle,5,Traction,4638 mm,1822 mm,1460 mm,500 L,12.6 s,175 KM/H,,,6.4 L/100 km,Oui,Frontaux,,ESC,Oui,,TPMS,Oui,Radar de recul | Caméra de recul,Oui,,Oui,,Pare-chocs | Poignées de portes,Feux de jour | Arrières,En aluminium | 16'',,,2 haut-parleurs | Commandes au volant,2 USB | Bluetooth | Mirrorlink,Tactile | 8 pouces,Avant,,,Similicuir,Tissu,,Conducteur,Oui,,Cuir | Multi-fonctions | Sport,En hauteur,,Automatique,À distance,"Ecran LCD 3.5""",,,Électriques | Dégivrants | Avec clignotants intégrés,Avant/Arrière,2026-02-08 17:38:35.659800,,,,,,,,Oui,Oui,,,,,,,,,,,,,,,,Oui,,,,,,1 prise 12 V,,,,,,,,,,,,,,,,,,,,,,,,,,,,,,,,,,,,,,,,,,,,,,,,,,,,,,,,,,,,,,,,,,,,,
Geely,Geely Emgrand,https://www.automobile.tn/fr/neuf/geely/emgrand,1.5 L GF BVA,https://www.automobile.tn/fr/neuf/geely/emgrand/1.5-l-bva-gf,74 800 DT,Disponible,Berline,4 ans ou 150.000 km,5,4,4,Essence,6 CV,122 CH,152 nm 4500 tr/min,1499 CM³,Automatique,6,Traction,4638 mm,1822 mm,1460 mm,500 L,12.6 s,175 KM/H,,,6.4 L/100 km,Oui,Frontaux | Latéraux | Rideaux,,ESC,Oui,,TPMS,Oui,Radar de recul | Caméra de recul,Oui,,Oui,,Pare-chocs | Poignées de portes,Feux de jour | Avant | Arrières,En aluminium | 17'',,Full LED,4 haut-parleurs | Commandes au volant,2 USB | Android Auto | Apple Carplay | Bluetooth,Tactile | 12.3 pouces,Avant,,Chromée,Similicuir,Cuir | Nappa | Surpiqures,Conducteur à réglage électrique | 6 directions,Conducteur,Oui,,Cuir | Multi-fonctions | Sport,En hauteur,Démarrage mains libres,Automatique,À distance,Oui,,Anti-éblouissement,Électriques | Rabattables | Dégivrants | Avec clignotants intégrés,Avant/Arrière,2026-02-08 17:38:37.480403,,,,,Ouvrant,Démarrage à distance | Accès mains libres,,Oui,Oui,,Autohold,,Chrome,,,,,,Éléctrique,12.3 pouces,,,,,Oui,,,,,,1 prise 12 V,,,,,,,,,,,Cuir,,,,,,,,,,,,,,,,,,,,,,,,,,,,,,,,,,,,,,,,,,,,,,,,,,,,,,,,,,
Geely,Geely Coolray,https://www.automobile.tn/fr/neuf/geely/coolray,1.5 L,https://www.automobile.tn/fr/neuf/geely/coolray/1.5-l-turbo-2025,72 800 DT,Disponible,SUV,6 ans ou 200.000 km,5,5,4,Essence,6 CV,122 CH,152 nm 4500 tr/min,1499 CM³,Manuelle,5,Traction,4380 mm,1810 mm,1610 mm,330 L,12.6 s,175 KM/H,,,6.4 L/100 km,Oui,Frontaux,,ESC | TCS,Oui,EBA | VDC | HAZ,TPMS,Oui,Radar de recul | Caméra de recul,Oui,,Oui,,Pare-chocs | Poignées de portes,Feux de jour | Arrières,En aluminium | 16'',,,2 haut-parleurs | Commandes au volant,USB | Bluetooth | Mirrorlink,Tactile | 8 pouces,Avant,,Chromée,Similicuir,Similicuir | Surpiqures,,Conducteur,Oui,,Multi-fonctions,En hauteur,Démarrage mains libres,Automatique,À distance,"Ecran LCD 3.5""",,,Électriques | Avec clignotants intégrés,Avant/Arrière,2026-02-08 17:38:40.196136,,,,,,,,Oui,Oui,,,,Chrome,,Oui,,,,,,,,,,Oui,,,,,,1 prise 12 V,,,,,,,,,,,,,,,,,,,,,,,,,,,,,,,,,,,,,,,,,,,,,,,,,,RMI,,,,,,,,,,,,,,,,,,,
Geely,Geely Coolray,https://www.automobile.tn/fr/neuf/geely/coolray,1.5 L Turbo GS,https://www.automobile.tn/fr/neuf/geely/coolray/1.5-l-turbo-gs,79 900 DT,Disponible,SUV,5 ans ou 150000 km,5,5,3,Essence,10 CV,177 CH,255 nm 1500 tr/min,1477 CM³,Automatique,7,Traction,4330 mm,1800 mm,1609 mm,330 L,8.4 s,195 KM/H,,,6.4 L/100 km,Oui,Frontaux,,ESC | TCS,Oui,EBD | HBA,TPMS,Oui,Radar de recul | Caméra de recul,Oui,Oui,Oui,LED,Pare-chocs | Poignées de portes,Feux de jour | Arrières,En aluminium | 17'',,,6 haut-parleurs,2 USB | Android Auto | Apple Carplay | Bluetooth | Mirrorlink,Tactile | 10 pouces,Avant | Arrière,,,,Cuir/Tissu,,Conducteur,Oui,,Multi-fonctions | Sport,En hauteur et en profondeur,,Automatique,À distance,Oui,,,Électriques | Rabattables | Dégivrants | Avec clignotants intégrés,Avant/Arrière,2026-02-08 17:38:42.074339,,HDC,,,,Accès mains libres | Démarrage à distance,,Oui,,,HHC,,Chrome,,Oui,Oui,,,Éléctrique,7 pouces,,,,,,,,,,,,Confort | Sport | Eco,,,,,,,,,,,,,,,,Métal brillant,,,,,,,,,,,,,,,,,,,,,,,,,,,,,,,,,,,,,,,,,,,,,,,,,,,,
Geely,Geely Coolray,https://www.automobile.tn/fr/neuf/geely/coolray,1.5 L Turbo GF+,https://www.automobile.tn/fr/neuf/geely/coolray/1.5-l-turbo-gfplus,91 800 DT,Disponible,SUV,5 ans ou 150000 km,5,5,4,Essence,9 CV,171 CH,290 nm 2000 tr/min,1499 CM³,Automatique,7,Traction,4380 mm,1810 mm,1615 mm,330 L,8.4 s,195 KM/H,,,6.4 L/100 km,Oui,Frontaux | Latéraux | Rideaux,,ESC | TCS,Oui,EBD | HBA | VDC | HAZ,TPMS,Oui,Radar de recul | Radar avant | Système de caméras 360 | Parkassist,Oui,Oui,Oui,,Pare-chocs | Poignées de portes,Feux de jour | Avant | Arrières,En aluminium | 18'',,Full LED,Commandes au volant,USB | Apple Carplay | Bluetooth | Chargeur de téléphone sans fil,Tactile | 12.3 pouces,Avant | Arrière,,Chromée,,Cuir,,Conducteur,Oui,Lunette et vitres arrières sur-teintées,Cuir | Multi-fonctions | Sport,En hauteur et en profondeur,Démarrage mains libres,Automatique | Ventilation arrière,À distance,Oui,,,Électriques | Rabattables | Dégivrants | Avec clignotants intégrés,Avant/Arrière,2026-02-08 17:38:43.934704,,HDC,,,Ouvrant | Panoramique,Accès mains libres | Démarrage à distance,,Oui,Oui,,HHC,,,,Oui,Oui,,Oui,Éléctrique,10.25 pouces,,,,,Oui,,Ouverture et fermeture motorisées,,,,1 prise 12 V,Confort | Sport | Eco | Adaptative,,,,,,,,,,Similicuir,,,,,,Oui,,,,,,,,,,,,Oui,,,,,,,,,,,,,,,,,,,,,RMI,Oui,,,,,,,,,,,,,,,,,,
Geely,Geely EX5,https://www.automobile.tn/fr/neuf/geely/ex5/60.2-kwh,Geely EX5,https://www.automobile.tn/fr/neuf/geely/ex5/60.2-kwh,,Disponible,SUV,6 ans ou 150.000 km | Batterie garantie 8 ans ou 150000 km,5,5,,Electrique,5 CV,218 CH,320 nm 0 tr/min,,Automatique,,Traction,4615 mm,1901 mm,1670 mm,461 L,6.9 s,175 KM/H,,,,Oui,Frontaux | Latéraux | Rideaux,LDW,ESC | TCS,Oui,EBA | EBD | HBA | Système anti-collision avec détection des piétons |  Freinage automatique anti-collision (AEB) | VDC | HAZ,TPMS,Oui,Radar de recul | Radar avant | Système de caméras 360 | Détection du trafic en marche arrière,Oui,Intelligent,Adaptatif (ACC),,Pare-chocs | Poignées de portes,Feux de jour | Avant | Arrières,En aluminium | 19'',,Full LED | Adaptatifs,Commandes au volant | 16 haut-parleurs,USB | USB-C | Android Auto | Apple Carplay | Bluetooth | Commande vocale | Chargeur de téléphone sans fil | Mirrorlink,Tactile | 15.4 pouces,Avant | Arrière,,,,Cuir,Électriques | 6 directions | Chauffants | Massants | Ventilés | Réglage lombaire | Fonction mémoire,Conducteur,Oui,,Cuir | Chauffant | Multi-fonctions | Sport,En hauteur et en profondeur,,Automatique | Bizone | Ventilation arrière,À distance,Oui,,,Électriques | Rabattables | Dégivrants | Avec clignotants intégrés,Avant/Arrière,2026-02-08 17:38:47.075209,LKA | LCA,HDC,,,Panoramique,Accès mains libres,1877 L,Oui,Oui,,HHC,,,,Oui,LED,,Oui,Éléctrique,10.2 pouces,,,,,Oui,,Ouverture et fermeture motorisées,,,,1 prise 12 V,Normal | Sport | Eco,RCTA,1,,60.2 kWh,425 km,15.8 kWh/100 km,6.5 heures,20 minutes,,Similicuir,HUD,,,,,Oui,,,,,,,LFP,,IHC,,,BSD,,,,,,,,TSI,,,,Niveau 2,,,,,,,,,RMI,,,,,,,,,,,,,,,,,,,
Geely,Geely Cityray,https://www.automobile.tn/fr/neuf/geely/cityray/1.5-l-turbo,Geely Cityray,https://www.automobile.tn/fr/neuf/geely/cityray/1.5-l-turbo,,Disponible,SUV,5 ans ou 150000 km,5,5,4,Essence,9 CV,172 CH,290 nm 2000 tr/min,1499 CM³,Automatique,7,Traction,4510 mm,1865 mm,1650 mm,571 L,7.9 s,190 KM/H,,,6.3 L/100 km,Oui,Frontaux | Latéraux | Rideaux,LDW,ESC | TCS,Oui,EBD | HBA |  Freinage automatique anti-collision (AEB) | VDC | HAZ,TPMS,Oui,Radar de recul | Radar avant | Système de caméras 360 | Parkassist | Détection du trafic en marche arrière,Oui,Oui,Adaptatif (ACC),,Pare-chocs | Poignées de portes,Feux de jour | Avant | Arrières,En aluminium | 19'',,Full LED,4 haut-parleurs | Commandes au volant,USB | USB-C | Android Auto | Apple Carplay | Bluetooth | Chargeur de téléphone sans fil,Tactile | 13.2 pouces,Avant | Réfrigéré | Arrière,,Chromée,Cuir,Cuir perforé,Électriques | 6 directions | Fonction mémoire,Conducteur,Oui,Lunette et vitres arrières sur-teintées | Athermiques,Cuir | Multi-fonctions | Sport,En hauteur et en profondeur,Démarrage mains libres,Automatique | Ventilation arrière,À distance,Oui,,,Électriques | Rabattables | Dégivrants | Avec clignotants intégrés,Avant/Arrière,2026-02-08 17:38:50.131939,LKA | ELKA,HDC,,,Ouvrant | Panoramique,Accès mains libres | Démarrage à distance,,Oui,Oui,,HAC,,,,Oui,Oui,,Oui,Éléctrique,10.2 pouces,,,Bi-ton,,Oui,,Ouverture et fermeture motorisées,Avec signature lumineuse LED,,,1 prise 12 V,Confort | Sport | Eco | Intelligent,,,,,,,,,,Cuir,,,,,,Oui,,,,,,,,RCW,Oui,,,BSA,,,,,,,,,,,,Niveau 2,,,,,,,,,RMI,,,,,,,,,,,,,,,,,,,
Geely,Geely Geometry C,https://www.automobile.tn/fr/neuf/geely/geometry/70-kwh,Geely Geometry C,https://www.automobile.tn/fr/neuf/geely/geometry/70-kwh,,Disponible,SUV,5 ans ou 150000 km,5,5,,Electrique,4 CV,204 CH,310 nm 0 tr/min,,Automatique,,Traction,4432 mm,1833 mm,1560 mm,259 L,7.7 s,150 KM/H,,,,Oui,Frontaux | Latéraux | Rideaux,LDW,ESC | TCS,Oui,EBA | EBD | HBA | Système anti-collision avec détection des piétons |  Freinage automatique anti-collision (AEB) | VDC,TPMS,Oui,Radar de recul | Radar avant | Système de caméras 360,Oui,Oui,Adaptatif (ACC),,Pare-chocs | Poignées de portes,Feux de jour | Avant | Arrières,En aluminium | 18'',,Full LED,Haut-parleurs Bose,2 USB-C | Bluetooth | Chargeur de téléphone sans fil | Mirrorlink,Tactile | 12.3 pouces,Avant | Arrière,,,,Cuir artificiel,Électriques | 6 directions | Réglage lombaire | Fonction mémoire,Conducteur,Oui,,Cuir | Multi-fonctions | Sport,En hauteur et en profondeur,Démarrage mains libres,Automatique | Bizone,À distance,Oui,,,Électriques | Rabattables | Dégivrants | Avec clignotants intégrés,Avant/Arrière,2026-02-08 17:38:53.196312,LKA,HDC,,,Panoramique,Accès mains libres,,Oui,Oui,,Autohold | HHC,,,,,Oui,Acier inoxydable,Oui,Éléctrique,5 pouces,,,,,Oui,,Ouverture et fermeture motorisées,Avec signature lumineuse LED,,,1 prise 12 V,Sport | Eco | Eco +,RCTA,,,70 kWh,460 km,16.5 kWh/100 km,8 heures,45 minutes,,,Oui,,,,,Oui,,,,,,,,,IHC,,,BSD,,,,,,,,TSI,,,,,,,,,,Escamotables | Ouverture à l'approche,,,RMI,,,,,,,,,,,,,,,,,,,
Geely,Geely Azkarra,https://www.automobile.tn/fr/neuf/geely/azkara/1.5-l-turbo-hybrid,Geely Azkarra,https://www.automobile.tn/fr/neuf/geely/azkara/1.5-l-turbo-hybrid,,Disponible,SUV,5 ans ou 150000 km,5,5,3,Essence | Hybride léger,9 CV,149 CH,300 nm 1500 tr/min,1477 CM³,Automatique,7,Intégrale,4544 mm,1831 mm,1713 mm,378 L,9.9 s,200 KM/H,,,5.8 L/100 km,Oui,Frontaux | Latéraux | Rideaux,,ESC | TCS,Oui,AFU | EBD | HBA | VDC,TPMS,Oui,Radar de recul | Radar avant | Système de caméras 360,Oui,Oui,Oui,,Oui,Avant | Arrières,En aluminium | 18'',,Full LED,4 haut-parleurs,Android Auto | 4 USB | Apple Carplay | Bluetooth | Chargeur de téléphone sans fil | Mirrorlink,Tactile | 12.3 pouces,Avant | Arrière,,,,Cuir | Nappa,Conducteur à réglage électrique | 6 directions,Conducteur,Oui,,Cuir | Multi-fonctions | Sport,En hauteur et en profondeur,Démarrage mains libres,Automatique | Bizone,À distance,Oui,,Anti-éblouissement,Électriques | Rabattables | Dégivrants | Avec clignotants intégrés,Avant/Arrière,2026-02-08 17:38:56.079342,,HDC,,,Ouvrant | Panoramique,Accès mains libres,,Oui,Oui,,HHC,,Chrome,,Oui,Oui,Acier inoxydable,Oui,Éléctrique,7 pouces,,,,,Oui,,Ouverture et fermeture motorisées,Chromée,,,1 prise 12 V,Confort | Sport | Eco | Offroad,,,,,,,,,,Similicuir,,,,,,Chromées,,,,,,,,,,,,,,,,,13 CH,,,,,,,,,,,,,Chromées,,,RMI,,,,,,,,,,,,,,,,,,,
Geely,Geely Starray,https://www.automobile.tn/fr/neuf/geely/starray/1.5-l-turbo-gfplus,Geely Starray,https://www.automobile.tn/fr/neuf/geely/starray/1.5-l-turbo-gfplus,,Disponible,SUV,6 ans ou 200.000 km,5,5,4,Essence,9 CV,174 CH,270 nm 2000 tr/min,1498 CM³,Automatique,7,Traction,4670 mm,1900 mm,1705 mm,650 L,7.9 s,215 KM/H,,,6.3 L/100 km,Oui,Frontaux | Latéraux | Rideaux,LDW,ESC | TCS,Oui,EBA | EBD | HBA | Système anti-collision avec détection des piétons |  Freinage automatique anti-collision (AEB) | VDC,TPMS,Oui,Radar de recul | Radar avant | Système de caméras 360,Oui,,Adaptatif (ACC),,Pare-chocs | Poignées de portes,Feux de jour | Avant | Arrières,En aluminium | 20'',,Full LED,5 haut-parleurs,4 USB | Bluetooth | Chargeur de téléphone sans fil | Mirrorlink,Tactile | 13.2 pouces,Avant | Arrière,,Chromée,Cristal,Cuir artificiel,Électriques | 6 directions | Réglage lombaire,Conducteur et passager,Oui,,Cuir | Multi-fonctions | Sport,En hauteur et en profondeur,Démarrage mains libres,Automatique | Bizone,À distance,Oui,,,Électriques | Rabattables | Dégivrants | Avec clignotants intégrés,Avant/Arrière,2026-02-08 17:38:58.930541,LKA,HDC,,,Ouvrant | Panoramique,Accès mains libres,,Oui,Oui,,Autohold | HHC,,,,Oui,Oui,,Oui,Éléctrique,10.2 pouces,,,,,Oui,,Ouverture et fermeture motorisées,Avec signature lumineuse LED,,,1 prise 12 V,Confort | Sport | Eco | Intelligent,,,,,,,,,,Alcantara,Oui,,,,,Oui,,,,,,,,,IHC,,,,,,,,,,,TSI,,,,,,,,,,,,,RMI,,,,,,,,,,,,,,,,,,,
Geely,Geely Tugella,https://www.automobile.tn/fr/neuf/geely/tugella/2.0-l-turbo-4wd-gfplus,Geely Tugella,https://www.automobile.tn/fr/neuf/geely/tugella/2.0-l-turbo-4wd-gfplus,,Disponible,SUV,5 ans ou 150000 km,5,5,4,Essence,14 CV,238 CH,350 nm 1800 tr/min,1969 CM³,Automatique,8,Intégrale,4605 mm,1878 mm,1643 mm,446 L,6.9 s,210 KM/H,11.4 L/100 km,6.3 L/100 km,8.1 L/100 km,Oui,Frontaux | Latéraux | Rideaux,LDW,ESC | TCS,Oui,EBA | EBD | HBA | Système anti-collision avec détection des piétons |  Freinage automatique anti-collision (AEB) | VDC,TPMS,Oui,Radar de recul | Radar avant | Système de caméras 360,Oui,Oui,Adaptatif (ACC),,Pare-chocs | Poignées de portes,Feux de jour | Avant | Arrières,En aluminium | 20'',,Full LED,Haut-parleurs Bose | Subwoofer,USB-C | 3 USB | Bluetooth | Chargeur de téléphone sans fil | Mirrorlink,Tactile | 12.3 pouces,Avant | Arrière,,,,Cuir artificiel,Électriques | 6 directions | Réglage lombaire | Fonction mémoire,Conducteur et passager,Oui,,Cuir | Multi-fonctions | Sport,En hauteur et en profondeur,Démarrage mains libres,Automatique | Bizone,À distance,Oui,,,Électriques | Rabattables | Dégivrants | Avec clignotants intégrés,Avant/Arrière,2026-02-08 17:39:01.516022,LKA,HDC,,,Ouvrant | Panoramique,Accès mains libres,,Oui,Oui,,Autohold | HHC,,,,,Oui,Acier inoxydable | Eclairés,Oui,Éléctrique,12.3 pouces,,,,,Oui,,Ouverture et fermeture motorisées,,,,1 prise 12 V,Confort | Sport | Eco | Offroad | Sable,,,,,,,,,,Alcantara,Oui,,,,,Oui,,,,,,,,,IHC,,,BSD,,,,,,,,TSI,,,,,,,,,,,,,RMI,,,,,,,,,,,,,,,,,,,
Geely,Geely Monjaro,https://www.automobile.tn/fr/neuf/geely/monjaro/2.0-l-turbo-4wd-gfplus,Geely Monjaro,https://www.automobile.tn/fr/neuf/geely/monjaro/2.0-l-turbo-4wd-gfplus,,Disponible,SUV,5 ans ou 150000 km,5,5,4,Essence,14 CV,238 CH,350 nm 1500 tr/min,1969 CM³,Automatique,8,Intégrale,4770 mm,1895 mm,1689 mm,562 L,7.7 s,215 KM/H,11.3 L/100 km,7.3 L/100 km,8.5 L/100 km,Oui,Frontaux | Latéraux | Rideaux,LDW,ESC | TCS,Oui,EBA | EBD | HBA |  Freinage automatique anti-collision (AEB) | VDC,TPMS,Oui,Radar de recul | Radar avant | Système de caméras 360 | Parkassist,Oui,Oui,Adaptatif (ACC),,Pare-chocs | Poignées de portes,Feux de jour | Avant | Arrières,En aluminium | 20'',,Full LED,Haut-parleurs Bose | Subwoofer,2 USB | USB-C | Bluetooth | Chargeur de téléphone sans fil | Mirrorlink,Tactile | 12.3 pouces,Avant | Arrière,,,,Cuir artificiel,Électriques | 6 directions | Réglage lombaire | Fonction mémoire,Conducteur et passager,Oui,Double vitrage à l’avant,Cuir | Multi-fonctions | Sport,En hauteur et en profondeur,Démarrage mains libres,Automatique | 4 zones,À distance,Oui,,,Électriques | Rabattables | Dégivrants | Avec clignotants intégrés,Avant/Arrière,2026-02-08 17:39:04.164649,LKA,HDC,,,Ouvrant | Panoramique,Accès mains libres,,Oui,Oui,,Autohold | HHC,,,,,Oui,Acier inoxydable,Oui,Éléctrique,12.3 pouces,,,,,Oui,,Ouverture et fermeture motorisées,,,,1 prise 12 V,Confort | Sport | Eco | Offroad | Sable | Neige | Intelligent,RCTA,,,,,,,,Oui,Cuir,Oui,,,,,Oui,,,,,,,,FCW,IHC,,,BSD,,,,,,,,TSI,,,,,,,,,,,,,RMI,,,,,,,,,,,,,,,,,,,
Great-Wall,GWM Tank 300 HEV,https://www.automobile.tn/fr/neuf/great-wall/tank-300/2.0-l,GWM Tank 300 HEV,https://www.automobile.tn/fr/neuf/great-wall/tank-300/2.0-l,,En pré-commande,SUV,5 ans ou 150000 km | Batterie garantie 8 ans ou 150000 km,5,5,4,Essence | Hybride,14 CV,350 CH,648 nm 1400 tr/min,1998 CM³,Automatique,9,Intégrale,4760 mm,1927 mm,1930 mm,400 L,6.8 s,170 KM/H,,,8.4 L/100 km,Oui,Frontaux | Latéraux | Rideaux,LDW,ESC | ESP,Oui,AFU | EBA | BAS |  Freinage automatique anti-collision (AEB),Oui,Oui,Radar de recul | Radar avant | Système de caméras 360 | Parkassist,Électrique,,Adaptatif (ACC),,,Feux de jour | Avant | Arrières,En aluminium | 18'',,Full LED | Adaptatifs,9 haut-parleurs | Infinity,USB | USB-C | Android Auto | Apple Carplay | Chargeur de téléphone sans fil,Tactile | 12.3 pouces,Avant | Arrière,,,,Similicuir,Électriques | Ventilés | Réglage lombaire | Fonction mémoire,Conducteur et passager,Oui,Lunette et vitres arrières sur-teintées,Cuir | Multi-fonctions | Avec palettes,En hauteur et en profondeur,Démarrage mains libres,Automatique | Bizone,À distance,Oui,,Anti-éblouissement,Électriques | Rabattables,Avant/Arrière,2026-02-08 17:39:07.871017,LKA,Oui,,Boussole | Altimètre,Ouvrant,Accès mains libres,1635 L,Périmétrique,Oui,,Oui,,,,,64 couleurs,,,Éléctrique,Oui,,,,,Porte-lunettes,,,,,,1 prise 12 V | 220 V,Normal | Sport | Eco | Boue | Sable | Neige | Expert,RCTA,,,,,,,,,,,,,,,Oui,,,Arrière | Avant | Central,,,,,FCW,,,,BSD,,,,,,,,TSR,,,,Niveau 2 | TJA,,,,,Oui,,,,,,,,,,,,,,,,,,,,,,,
Great-Wall,GWM Tank 500 HEV,https://www.automobile.tn/fr/neuf/great-wall/tank-500/2.0-l,GWM Tank 500 HEV,https://www.automobile.tn/fr/neuf/great-wall/tank-500/2.0-l,,En pré-commande,SUV,5 ans ou 150000 km | Batterie garantie 8 ans ou 150000 km,7,5,4,Essence | Hybride,14 CV,350 CH,648 nm 1400 tr/min,1998 CM³,Automatique,9,Intégrale,5078 mm,1934 mm,1905 mm,,6.9 s,180 KM/H,,,8.5 L/100 km,Oui,Frontaux | Latéraux | Rideaux,LDW,ESC | ESP,Oui,AFU | EBA | BAS |  Freinage automatique anti-collision (AEB),Oui,Oui,Radar de recul | Radar avant | Système de caméras 360 | Parkassist,Électrique,,Adaptatif (ACC),,,Feux de jour | Avant | Arrières,En aluminium | 20'',,Full LED | Adaptatifs,9 haut-parleurs | Infinity,USB | USB-C | Android Auto | Apple Carplay | Chargeur de téléphone sans fil,Tactile | 14.6 pouces,Avant | Arrière,,,,Cuir | Nappa,Électriques | Massants | Ventilés | Réglage lombaire | Fonction mémoire,Conducteur et passager,Oui,Lunette et vitres arrières sur-teintées,Cuir | Multi-fonctions | Avec palettes,En hauteur et en profondeur,Démarrage mains libres,Automatique | 3 zones | Ventilation arrière,À distance,Oui,,Anti-éblouissement,Électriques | Rabattables,Avant/Arrière,2026-02-08 17:39:10.562991,LKA,Oui,,Boussole | Altimètre,Ouvrant | Panoramique,Accès mains libres,,Périmétrique,Oui,,Oui,,,,,64 couleurs,,,Éléctrique,Oui,,,,,Porte-lunettes,,,,,,1 prise 12 V | 220 V,Normal | Sport | Eco | Boue | Sable | Neige | Expert,RCTA,,,,,,,,,,Oui,,,,,Oui,,,Arrière | Avant | Central,,,,,FCW,,,,BSD,,,,,,,,TSR,,,,Niveau 2 | TJA,,,,,Escamotables électriquement,,,,,,,,,,,,,,,,,,,,,,,
Great-Wall,GWM Haval Jolion,https://www.automobile.tn/fr/neuf/great-wall/jolion/1.5-t-fl,GWM Haval Jolion,https://www.automobile.tn/fr/neuf/great-wall/jolion/1.5-t-fl,,Disponible,SUV,5 ans ou 150000 km,5,5,4,Essence,9 CV,143 CH,210 nm 2000 tr/min,1479 CM³,Automatique,7,Traction,4472 mm,1841 mm,1574 mm,390 L,11 s,200 KM/H,,,8.1 L/100 km,Oui,Frontaux | Latéraux | Rideaux,,ESP | TCS,Oui,EBA | EBD,Oui,Oui,Radar de recul | Radar avant | Système de caméras 360 | Parkassist,Électrique,,Adaptatif (ACC),,Oui,Feux de jour | Avant | Arrières,En aluminium | 18'',,Full LED,6 haut-parleurs | Commandes au volant,USB | Android Auto | Apple Carplay | Bluetooth | Chargeur de téléphone sans fil,Tactile | 12.3 pouces,Avant | Arrière,,,,Similicuir,Conducteur à réglage électrique | 6 directions | Chauffants,Conducteur et passager,Oui,Lunette et vitres arrières sur-teintées,Cuir | Multi-fonctions | Avec palettes,En hauteur et en profondeur,Démarrage mains libres,Automatique,À distance,Oui,,Anti-éblouissement,Électriques | Rabattables | Dégivrants,Avant/Arrière,2026-02-08 17:39:13.230292,LKA,HDC,,,Ouvrant | Panoramique,Accès mains libres,,Oui,Oui,,Oui,,Chrome,,,,,Oui,Éléctrique,Oui,,,Métallisée,,Porte-lunettes,,Cache Bagages,,,,1 prise 12 V,Normal | Sport | Eco | Winter,,,,,,,,,,,,,,,,Oui,,,,,,,,,,,,Oui,,,,,,,,,,,,,,,,,,,,,,,,,,,,,,,,,,,,,,,,
Great-Wall,GWM Haval H6 Hybride,https://www.automobile.tn/fr/neuf/great-wall/h6-hybride/1.5-t-hev-2026,GWM Haval H6 Hybride,https://www.automobile.tn/fr/neuf/great-wall/h6-hybride/1.5-t-hev-2026,,Disponible,SUV,7 ans ou 200000 km | Batterie garantie 8 ans ou 160.000 KM,5,5,4,Essence | Hybride,8 CV,240 CH,530 nm 4000 tr/min,1499 CM³,Automatique,,Traction,4703 mm,1886 mm,1730 mm,600 L,8.5 s,180 KM/H,,,5.2 L/100 km,Oui,Frontaux | Latéraux | Rideaux,Oui,ESC | ESP,Oui,AFU | Active City Brake | EBA | BAS | EBD | Système anti-collision avec détection des piétons |  Freinage automatique anti-collision (AEB),TPMS,Oui,Radar de recul | Radar avant | Système de caméras 360 | Parkassist | Détection du trafic en marche arrière,Électrique,,Adaptatif (ACC),Avec fonction Cornering,Pare-chocs | Poignées de portes | Rétroviseurs,Feux de jour | Avant | Arrières,En aluminium | 19'',,Full LED,9 haut-parleurs | Commandes au volant | Subwoofer,USB | USB-C | Android Auto | Apple Carplay | Bluetooth | Commande vocale | Chargeur de téléphone sans fil,Tactile | 14.6 pouces,Avant | Arrière,3,,,Similicuir,Électriques | Chauffants | Ventilés | Réglage lombaire | Fonction mémoire,Conducteur,Oui,Lunette et vitres arrières sur-teintées,Cuir | Multi-fonctions,En hauteur et en profondeur,Démarrage mains libres,Automatique | Bizone,À distance,Oui,,Anti-éblouissement,Électriques | Rabattables | Avec clignotants intégrés,Avant/Arrière,2026-02-08 17:39:15.902151,ELK,HDC,,,Ouvrant | Panoramique,Accès mains libres,1485 L,Périmétrique,Oui,,HHC,Oui,Noir Brillant,,,LED,Eclairés,Oui,Éléctrique,10.25 pouces,,Black Pack,Métallisée,,Porte-lunettes,,Ouverture et fermeture motorisées | Ouverture mains libres,,,,2 prises 12 V,Normal | Sport | Eco | Neige,,,,,,,,,,,Oui,,,,,Oui,,,,,,,,RCW,,,,Oui,,,,150 CH,177 CH,300 nm,,TSR,Oui,,,Niveau 2,,,,,,,,,,,Avant | Arrière,,,,,,,,,,,,,,,,,
Great-Wall,GWM Wingle 5 Simple Cabine,https://www.automobile.tn/fr/neuf/great-wall/wingle-5/2.0-l-diesel-4x4,GWM Wingle 5 Simple Cabine,https://www.automobile.tn/fr/neuf/great-wall/wingle-5/2.0-l-diesel-4x4,,Disponible,Pick up,3 ans ou 100.000 km,2,2,4,Diesel,7 CV,143 CH,315 nm 1800 tr/min,1996 CM³,Manuelle,6,Intégrale,5215 mm,1800 mm,1715 mm,,N.C,N.C,,,8.7 L/100 km,Oui,Frontaux,,,Oui,EBD,,,Radar de recul,Hydraulique,,,Oui,Pare-chocs | Rétroviseurs,,En aluminium | 16'',,,2 haut-parleurs | Commandes au volant,USB,Oui,,,,,Similicuir,,Conducteur,Oui,,Multi-fonctions,En hauteur,,Manuelle,Oui,Oui,,,Électriques | Avec clignotants intégrés,Avant,2026-02-08 17:39:18.365384,,,,,,,,,,,,,,,,,,,,,,,,,Oui,,,,,Oui,,,,,,,,,,,,,,,,,,,,,,,,,,,,,,,,,,,,,,,,,,,,,,,,Chromées,,,,,Avant,,Oui,,,,,,,,,,,,,,,
Great-Wall,GWM Wingle 5 Double Cabine,https://www.automobile.tn/fr/neuf/great-wall/wingle-5-double-cabine/2.0-l-diesel-4x2-2023,GWM Wingle 5 Double Cabine,https://www.automobile.tn/fr/neuf/great-wall/wingle-5-double-cabine/2.0-l-diesel-4x2-2023,,Disponible,Pick up,3 ans ou 100.000 km,5,4,4,Diesel,7 CV,143 CH,305 nm 1800 tr/min,1996 CM³,Manuelle,6,Propulsion,5090 mm,1800 mm,1730 mm,,N.C,N.C,8.9 L/100 km,7.6 L/100 km,8.2 L/100 km,Oui,Frontaux,,,Oui,EBD,,Oui,Radar de recul,Oui,,,Oui,Pare-chocs | Rétroviseurs,,En aluminium | 16'',,,6 haut-parleurs,USB | 1 fente pour carte SD,Tactile | 7 pouces,,,,,Similicuir,,Conducteur,Oui,,,En hauteur,,Manuelle,Oui,Oui,,,Électriques | Avec clignotants intégrés,Avant/Arrière,2026-02-08 17:39:20.978153,,,,,,,,,,,,,,,,,,,,,,,,,Oui,,,,,Oui,,,,,,,,,,,,,,,,,,,,,,,,,,,,,,,,,,,,,,,,,,,,,,,,Chromées,,,,,,,Oui,,,,,,,,,,,,,,,
Great-Wall,GWM Poer MT,https://www.automobile.tn/fr/neuf/great-wall/poer/2.0-l-diesel-4x4,GWM Poer MT,https://www.automobile.tn/fr/neuf/great-wall/poer/2.0-l-diesel-4x4,,Disponible,Pick up,3 ans ou 100.000 km,5,5,4,Diesel,11 CV,163 CH,400 nm 1500 tr/min,1996 CM³,Manuelle,6,Intégrale,5362 mm,1883 mm,1882 mm,,N.C,N.C,11.5 L/100 km,8.9 L/100 km,10.4 L/100 km,Oui,Frontaux | Latéraux,,ESP,Oui,EBA | EBD,Oui,Oui,Radar de recul | Caméra de recul,Oui,,Oui,Oui,Pare-chocs | Poignées de portes | Rétroviseurs,Feux de jour,En aluminium | 17'',,,6 haut-parleurs,2 USB | Android Auto | Apple Carplay | Bluetooth,Tactile | 9 pouces,Avant,,,,Similicuir,Conducteur à réglage électrique,,Oui,Lunette et vitres arrières sur-teintées,Multi-fonctions,En hauteur,Démarrage mains libres,Automatique,À distance,Oui,,Anti-éblouissement,Électriques | Rabattables | Avec clignotants intégrés,Avant/Arrière,2026-02-08 17:39:23.743499,,Oui,,,,Accès mains libres | Démarrage à distance,,Oui,Oui,,Oui,,,,,,,Oui,,Oui,,,,,,,,,,,,,,,,,,,,,,Similicuir,,,,,,,,,Oui,,,,,,,,,,,,,,,,,,,,,,,,,Oui,,,,,,,,,,,,,,,,,,,,,,,,
Great-Wall,GWM Poer AT,https://www.automobile.tn/fr/neuf/great-wall/poer-at/2.0-l-diesel-4x4-bva,GWM Poer AT,https://www.automobile.tn/fr/neuf/great-wall/poer-at/2.0-l-diesel-4x4-bva,,Disponible,Pick up,3 ans ou 100.000 km,5,5,4,Diesel,7 CV,163 CH,400 nm 1800 tr/min,1996 CM³,Automatique,8,Intégrale,5410 mm,1934 mm,1886 mm,,N.C,N.C,11.5 L/100 km,8.9 L/100 km,10.4 L/100 km,Oui,Frontaux | Latéraux,Oui,ESP | TCS,Oui,EBA | EBD | Système anti-collision avec détection des piétons |  Freinage automatique anti-collision (AEB),TPMS,Oui,Radar de recul | Système de caméras 360,Électrique,,Adaptatif (ACC),Oui,Pare-chocs,Feux de jour | Avant,En aluminium | 18'',,Full LED,6 haut-parleurs,Android Auto | 4 USB | Apple Carplay | Bluetooth | Chargeur de téléphone sans fil,Tactile | 9 pouces,Avant | Arrière,,,,Similicuir,Électriques,Conducteur et passager,Oui,Lunette et vitres arrières sur-teintées,Cuir | Multi-fonctions | Avec palettes,En hauteur,Démarrage mains libres,Automatique,À distance,Oui,,Anti-éblouissement,Électriques | Rabattables | Avec clignotants intégrés,Avant/Arrière,2026-02-08 17:39:26.277133,,HDC,,,,Accès mains libres | Démarrage à distance,,Oui,Oui,,HAC,,,,,,,Oui,Éléctrique,Oui,,,Métallisée,,,,,Chromée,,,1 prise 12 V | 220 V,,Rear Cross Traffic Monitor,,,,,,,,,Similicuir,,,,,,,,,Oui,,1050 KG,,,FCW,,,,Oui,,,,,,,,TSR,,,,Niveau 2,,,,Oui,Oui,,,,RMI,,Avant,,,,,,,,,,,,,,,,,
Honda,Honda City,https://www.automobile.tn/fr/neuf/honda/city,1.5 L CVT LX,https://www.automobile.tn/fr/neuf/honda/city/1.5-l-cvt-lx-2023,78 980 DT,Disponible,Berline,3 ans ou 100.000 km,5,4,4,Essence,6 CV,120 CH,145 nm 4300 tr/min,1498 CM³,Automatique,,Traction,4553 mm,1748 mm,1467 mm,509 L,10.2 s,196 KM/H,7 L/100 km,4.8 L/100 km,5.4 L/100 km,Oui,Frontaux,,VSA,Oui,EBD,TPMS,Oui,Radar de recul | Caméra de recul,EPS | Électrique,,Oui,LED,Poignées de portes | Rétroviseurs,Feux de jour | Arrières,En aluminium | 15'',,,4 haut-parleurs | Commandes au volant,2 USB | Android Auto | Apple Carplay | Bluetooth | Commande vocale,Tactile | 8 pouces,Avant,3,,Cuir,Tissu,,Conducteur,Oui,,Multi-fonctions,En hauteur et en profondeur,Démarrage mains libres,Automatique,À distance,Oui,,,Électriques | Rabattables | Dégivrants,Avant/Arrière,2026-02-08 17:39:29.968752,,,,,,Accès mains libres | Démarrage à distance,,Oui,,,Oui,,,,,,,,,,,,,,Poches aumônières,,Ouverture à distance,Chromée,,,1 prise 12 V,Eco,,,,,,,,,,,,,,,,,,,,,,,,,,,,,,,,,,,,,,,,,,,,,,,,,,,,,,,,,,,,,,,,,,,,
Honda,Honda City,https://www.automobile.tn/fr/neuf/honda/city,1.5 L CVT LX Sport,https://www.automobile.tn/fr/neuf/honda/city/1.5-l-cvt-lx-sport-2023,82 480 DT,Disponible,Berline,3 ans ou 100.000 km,5,4,4,Essence,6 CV,120 CH,145 nm 4300 tr/min,1498 CM³,Automatique,,Traction,4553 mm,1748 mm,1467 mm,509 L,10.2 s,196 KM/H,7 L/100 km,4.8 L/100 km,5.4 L/100 km,Oui,Frontaux,,VSA,Oui,EBD,TPMS,Oui,Radar de recul | Caméra de recul,EPS | Électrique,,Oui,LED,Poignées de portes | Rétroviseurs,Feux de jour | Arrières,En aluminium | 16'' | Bi-ton,,,4 haut-parleurs | Commandes au volant,2 USB | Android Auto | Apple Carplay | Bluetooth | Commande vocale,Tactile | 8 pouces,Avant,3,,Cuir,Tissu | Cuir +2000 DT,,Conducteur,Oui,,Multi-fonctions | Avec palettes,En hauteur et en profondeur,Démarrage mains libres,Automatique,À distance,Oui,,,Électriques | Rabattables | Dégivrants | Noirs,Avant/Arrière,2026-02-08 17:39:31.772234,,,,,,Accès mains libres | Démarrage à distance,,Oui,,,Oui,,,,Noir,,,,,,,,,,Poches aumônières,,Ouverture à distance,Noire | Grille en nid d'abeille,,,1 prise 12 V,Eco,,,,,,,,,,,,,,,,,,,,,,,,,,,,,,,,,,,,,,,,,,,,,,,,,,,,,,,,,,,,,,,,,,,,
Honda,Honda Jazz,https://www.automobile.tn/fr/neuf/honda/jazz/1.5-l-e-hev,Honda Jazz,https://www.automobile.tn/fr/neuf/honda/jazz/1.5-l-e-hev,,Disponible,Citadine,3 ans ou 100.000 km,5,5,4,Essence | Hybride,5 CV,108 CH,131 nm 4500 tr/min,1498 CM³,Automatique,,Traction,4047 mm,1694 mm,1487 mm,304 L,9.4 s,174 KM/H,"2,5 L/100 km","4,2 L/100 km","3,6 L/100 km",Oui,Frontaux | Latéraux | Rideaux | Centraux,LDW | ●,VSA,Oui,EBA | EBD | ESS |  Freinage automatique anti-collision (AEB),TPMS,Oui,Radar de recul | Radar avant | Caméra de recul,EPS,,Adaptatif (ACC),LED,Oui,Feux de jour,En aluminium | 16'',,Full LED,4 haut-parleurs,Android Auto | 4 USB | Apple Carplay | Bluetooth | Commande vocale,Tactile | 9 pouces,Avant,,,,Cuir/Tissu,,Conducteur et passager,Oui,,Cuir | Chauffant | Multi-fonctions,En hauteur et en profondeur,Démarrage mains libres,Automatique,À distance,Oui,,Anti-éblouissement,Électriques | Rabattables | Avec clignotants intégrés,Avant/Arrière,2026-02-08 17:39:34.555662,LKA,,,,,Accès mains libres,1205 L,Oui,Oui,,Autohold | HSA,,,,,,,Oui,Éléctrique,,,,,,,,,,,,1 prise 12 V,Normal | Eco,Rear Cross Traffic Monitor,2,,,,,,,,,,,,,,,,,,,,,,,HBSS,,,,,,,,122 CH,253 nm,,TSR,,,,,,,,,,,,,,,,,,,,,,,,,,,,,,,,
Honda,Honda Civic,https://www.automobile.tn/fr/neuf/honda/civic/1.5-l-cvt,Honda Civic,https://www.automobile.tn/fr/neuf/honda/civic/1.5-l-cvt,,Disponible,Berline,3 ans ou 100.000 km,5,4,4,Essence,10 CV,178 CH,220 nm 4500 tr/min,1498 CM³,Automatique,,Traction,4679 mm,1802 mm,1432 mm,419 L,8.3 s,200 KM/H,8.1 L/100 km,5.1 L/100 km,6.2 L/100 km,Oui,Frontaux | Latéraux | Rideaux,,VSA,Oui,EBA | EBD | ESS,Oui,Oui,Radar de recul | Radar avant | Caméra de recul,EPS | Électrique,,Oui,LED,Pare-chocs | Poignées de portes | Rétroviseurs,Feux de jour | Avant | Arrières,En aluminium | 17'',,Full LED,4 haut-parleurs | Commandes au volant,2 USB | Android Auto | Apple Carplay | Bluetooth | Commande vocale,Tactile | 9 pouces,Avant | Arrière,3,,,Cuir,,Conducteur et passager,Oui,,Cuir | Multi-fonctions,En hauteur et en profondeur,Démarrage mains libres,Automatique | Bizone | Ventilation arrière,À distance,Oui,,Anti-éblouissement,Électriques | Dégivrants | Avec clignotants intégrés,Avant/Arrière,2026-02-08 17:39:37.424775,,,,,Ouvrant,Accès mains libres | Démarrage à distance,,Oui,Oui,,Autohold | HSA,Oui,,,,,,Oui,Éléctrique,7 pouces,,,,,Porte-lunettes,,,Noire,,,1 prise 12 V,Normal | Sport | Eco,,,,,,,,,,,,,,,,,,,,,,,,,,,,,,,,,,,,,,,,,,,,,,,,,,,,,,,,,,,,,,,,,,,,
Honda,Honda Civic Hybride,https://www.automobile.tn/fr/neuf/honda/civic-hybride/2.0-l-e-hev,Honda Civic Hybride,https://www.automobile.tn/fr/neuf/honda/civic-hybride/2.0-l-e-hev,,Disponible,Berline,3 ans ou 100.000 km,5,4,4,Essence | Hybride,7 CV,143 CH,189 nm 4500 tr/min,1993 CM³,Automatique,,Traction,4679 mm,1802 mm,1432 mm,419 L,7.1 s,180 KM/H,2.3 L/100 km,5.0 L/100 km,4.0 L/100 km,Oui,Frontaux | Latéraux | Rideaux,,VSA,Oui,EBA | EBD | ESS,Oui,Oui,Radar de recul | Radar avant | Caméra de recul,EPS | Électrique,,Oui,LED,Pare-chocs | Poignées de portes | Rétroviseurs,Feux de jour | Avant | Arrières,En aluminium | 17'',,Full LED,4 haut-parleurs | Commandes au volant,2 USB | Android Auto | Apple Carplay | Bluetooth | Commande vocale,Tactile | 9 pouces,Avant | Arrière,3,,,Cuir,,Conducteur et passager,Oui,,Cuir | Multi-fonctions,En hauteur et en profondeur,Démarrage mains libres,Automatique | Bizone | Ventilation arrière,À distance,Oui,,Anti-éblouissement,Électriques | Dégivrants | Avec clignotants intégrés,Avant/Arrière,2026-02-08 17:39:40.168887,,,,,Ouvrant,Accès mains libres | Démarrage à distance,,Oui,Oui,,Autohold | HSA,Oui,,,,,,Oui,Éléctrique,7 pouces,,,,,Porte-lunettes,,,Noire,,,1 prise 12 V,Normal | Sport | Eco,,2,,,,,,,,,,,,,,,,,,,,,,,,,,,,,,,184 CH,315 nm,,,,,,,,,,,,,,,,,,,,,,,,,,,,,,,,,,
Honda,Honda Civic Type R,https://www.automobile.tn/fr/neuf/honda/civic-type-r/2.0-l-turbo,Honda Civic Type R,https://www.automobile.tn/fr/neuf/honda/civic-type-r/2.0-l-turbo,,Disponible,Berline,3 ans ou 100.000 km,4,4,4,Essence,21 CV,319 CH,420 nm 2600 tr/min,1996 CM³,Manuelle,6,Traction,4592 mm,1890 mm,1401 mm,694 L,5.4 s,275 KM/H,11.3 L/100 km,6.7 L/100 km,8.4 L/100 km,Oui,Frontaux | Latéraux | Rideaux | Genoux,LDW,VSA,Oui,EBA | EBD | Système anti-collision avec détection des piétons |  Freinage automatique anti-collision (AEB) | EBB,TPMS,Oui,Radar de recul | Radar avant | Caméra de recul,EPS | Électrique,,Adaptatif (ACC) | Cruise control,LED,Pare-chocs | Poignées de portes,Feux de jour | Avant | Arrières,En aluminium | 19'',,Full LED,12 haut-parleurs | Haut-parleurs Bose | Commandes au volant,2 USB | Android Auto | Apple Carplay | Bluetooth | Commande vocale | Wifi | Chargeur de téléphone sans fil,Tactile | 9 pouces,Avant | Arrière,,,Aluminium,Velours,Sport,Conducteur,Oui,Acoustiques,Multi-fonctions | Alcantara,En hauteur et en profondeur,Démarrage mains libres,Automatique | Bizone,À distance,Oui,,Anti-éblouissement,Électriques | Dégivrants | Noirs | Avec clignotants intégrés,Avant/Arrière,2026-02-08 17:39:43.006793,LKA | RDM,,Chromées | Triples,,,Accès mains libres,,Oui,Oui,,Oui,Oui,,,,Oui,,Oui,Éléctrique | EPB,10.2 pouces,,Type R,,,Oui,Aluminium,Cache Bagages,Noire,,,1 prise 12 V,Confort | Sport | Individual | +R,Oui,,,,,,,,,,,,Adaptative,,,,,Brembo,,,,,,FCW,HBSS,,,,,,,,,,,,,,,,,,,,,,,,,,Avant | Arrière,,,,,,Carbonne,,,,,,,,,,,
Honda,Honda Accord,https://www.automobile.tn/fr/neuf/honda/accord/1.5-l-turbo-24,Honda Accord,https://www.automobile.tn/fr/neuf/honda/accord/1.5-l-turbo-24,,Disponible,Berline,3 ans,5,4,4,Essence,10 CV,182 CH,233 nm 1700 tr/min,1498 CM³,Automatique,,Traction,4971 mm,1862 mm,1452 mm,473 L,8.3 s,200 KM/H,8.7 L/100 km,5.2 L/100 km,6.5 L/100 km,Oui,Frontaux | Latéraux | Rideaux | Genoux,LDW,VSA,Oui,EBA | EBD | ESS | Système anti-collision avec détection des piétons |  Freinage automatique anti-collision (AEB) | EBB,,Oui,Radar de recul | Radar avant | Caméra de recul,EPS | Électrique,,Adaptatif (ACC) | Cruise control,LED,Oui,Feux de jour | Avant | Arrières,En aluminium | 17'',,Full LED,12 haut-parleurs | Haut-parleurs Bose | Commandes au volant,Android Auto | 4 USB-C | Apple Carplay | Bluetooth | Commande vocale | Chargeur de téléphone sans fil,Tactile | 12.3 pouces,Avant | Arrière,,Noir brillant,Cuir,Cuir perforé,Conducteur à réglage électrique | 8 directions | Réglage lombaire | Fonction mémoire,Conducteur et passager,Oui,,Cuir | Multi-fonctions,En hauteur et en profondeur,Démarrage mains libres,Automatique | Bizone | Ventilation arrière,À distance,Oui,,,Électriques | Rabattables | Dégivrants | Avec clignotants intégrés,Avant/Arrière,2026-02-08 17:39:45.551346,LKA,,,,Ouvrant,Accès mains libres | Démarrage à distance,,Oui,Oui,,Autohold | HSA,Oui,Chrome,,,,,Oui,Éléctrique | EPB,10.2 pouces,,,,,Porte-lunettes,,,,,,,Normal | Sport | Eco,Oui,,,,,,,,,,,,,,,,,,,,,,,FCW,HBSS,,,,,,,,,,,,,,,,,,,Lane Watch,,,,,,,,,,,,,,,,,,,,,,,,
Honda,Honda HR-V,https://www.automobile.tn/fr/neuf/honda/hr-v/1.5-l-cvt-ex-2023,Honda HR-V,https://www.automobile.tn/fr/neuf/honda/hr-v/1.5-l-cvt-ex-2023,,Disponible,SUV,3 ans ou 100.000 km,5,5,4,Essence,7 CV,119 CH,145 nm 4300 tr/min,1498 CM³,Automatique,,Traction,4385 mm,1790 mm,1581 mm,335 L,11.4 s,187 KM/H,7.5 L/100 km,5.4 L/100 km,6.1 L/100 km,Oui,Frontaux | Latéraux | Rideaux,,VSA,Oui,EBA | EBD | ESS,,Oui,Caméra de recul,EPS | Électrique,,,LED,Oui,Feux de jour | Avant | Arrières,En aluminium | 18'',,Full LED,4 haut-parleurs | Commandes au volant,Android Auto | 4 USB | Apple Carplay | Bluetooth | Commande vocale,Tactile | 8 pouces,Avant | Arrière,3,Chromée,Cuir,Cuir perforé,,Conducteur,Oui,,Cuir | Multi-fonctions,En hauteur et en profondeur,,Automatique | Ventilation arrière,À distance,Oui,Oui,,Électriques | Rabattables | Avec clignotants intégrés,Avant/Arrière,2026-02-08 17:39:48.662582,,HDC,,,Panoramique,Accès mains libres,,Oui,Oui,,HSA,,,,,,,Oui,Éléctrique,,,,,,,,,Noire,,,1 prise 12 V,Normal | Sport | Eco,,,,,,,,,,,,,,,,,,,,,,,,,,,,,,,,,,,,,,,,,,,,,,,,,,,,,,,,,,,,,,,,,,,,
Honda,Honda ZR-V,https://www.automobile.tn/fr/neuf/honda/zr-v/1.5-l-cvt,Honda ZR-V,https://www.automobile.tn/fr/neuf/honda/zr-v/1.5-l-cvt,,Disponible,SUV,3 ans ou 100.000 km,5,5,4,Essence,11 CV,182 CH,240 nm 1700 tr/min,1498 CM³,Automatique,,Traction,4569 mm,1840 mm,1612 mm,370 L,11 s,200 KM/H,8.9 L/100 km,5.9 L/100 km,7 L/100 km,Oui,Frontaux | Latéraux | Rideaux | Genoux,,VSA,Oui,EBA | EBD | ESS | Système anti-collision avec détection des piétons |  Freinage automatique anti-collision (AEB) | EBB,TPMS,Oui,Radar de recul | Radar avant | Système de caméras 360,EPS | Électrique,,Adaptatif (ACC) | Cruise control,LED,Oui,Feux de jour | Avant | Arrières,En aluminium | 18'',,Full LED,12 haut-parleurs | Haut-parleurs Bose | Commandes au volant | Subwoofer,USB | Android Auto | Apple Carplay | Bluetooth | Commande vocale | Chargeur de téléphone sans fil | 3 USB-C,Tactile | 9 pouces,Avant | Arrière,3,Chromée,Cuir,Cuir perforé,Électriques | 12 directions | Réglage lombaire | Fonction mémoire,Conducteur,Oui,,Cuir | Multi-fonctions,En hauteur et en profondeur,Démarrage mains libres,Automatique | Bizone | Ventilation arrière,À distance,Oui,Oui,Anti-éblouissement,Électriques | Rabattables | Dégivrants | Avec clignotants intégrés,Avant/Arrière,2026-02-08 17:39:51.545861,LKA,,,,,Accès mains libres,1300 L,Oui,Oui,,Autohold | HSA,Oui,,,,,,Oui,Éléctrique | EPB,10.2 pouces,,,,,Porte-lunettes,,,Noire,,,1 prise 12 V,Normal | Sport | Eco,,,,,,,,,,,,,,,,,,,,,,,,,HBSS,,,,,,,,,,,,,,,,,,,Lane Watch,,,,,,,,,,,,,,,,,,,,,,,,
Honda,Honda CR-V,https://www.automobile.tn/fr/neuf/honda/cr-v/1.5-t-cvt-2025,Honda CR-V,https://www.automobile.tn/fr/neuf/honda/cr-v/1.5-t-cvt-2025,,Disponible,SUV,3 ans,7,5,4,Essence,11 CV,190 CH,240 nm 2000 tr/min,1498 CM³,Automatique,,Intégrale,4706 mm,1866 mm,1690 mm,,8.7 s,200 KM/H,9.1 L/100 km,7.6 L/100 km,8.4 L/100 km,Oui,Frontaux | Latéraux | Rideaux | Genoux,Oui,VSA,Oui,EBA | EBD | ESS | Système anti-collision avec détection des piétons |  Freinage automatique anti-collision (AEB) | EBB,TPMS,Oui,Radar de recul | Système de caméras 360,EPS | Électrique,,Adaptatif (ACC),LED,Pare-chocs | Poignées de portes | Rétroviseurs,Feux de jour | Avant | Arrières,En aluminium | 18'',,Full LED,Commandes au volant,Android Auto | 4 USB | Apple Carplay | Bluetooth | Commande vocale | Chargeur de téléphone sans fil,Tactile | 9 pouces,Avant | Arrière,,,,Cuir perforé,Électriques | 12 directions | Fonction mémoire,Conducteur,Oui,,Cuir | Multi-fonctions,En hauteur et en profondeur,Démarrage mains libres,Automatique | Bizone | Ventilation arrière,À distance,Oui,,Anti-éblouissement,Électriques | Rabattables | Avec clignotants intégrés,Avant/Arrière,2026-02-08 17:39:54.508863,LKA | RDM,Oui,,,Ouvrant | Panoramique,Accès mains libres | Démarrage à distance,,Oui,Oui,,Hill assist,Oui,Chrome,,,,,Oui,Éléctrique | EPB,10.2 pouces,,,,,Porte-lunettes,,Ouverture et fermeture motorisées | Ouverture mains libres | Ouverture à distance,,,,1 prise 12 V,Normal | Sport | Eco,,,,,,,,,,,,,,,,,,,,,,,,,,,,Oui,,,,,,,,,,,,,,,,Lane Watch,,,,,,,,,,,,,,,,,,,,,,,,
Honda,Honda CR-V Hybride,https://www.automobile.tn/fr/neuf/honda/cr-v-hybride/e-hev,Honda CR-V Hybride,https://www.automobile.tn/fr/neuf/honda/cr-v-hybride/e-hev,,Disponible,SUV,3 ans,5,5,4,Essence | Hybride,8 CV,204 CH,335 nm 2000 tr/min,1993 CM³,Automatique,,Traction,4706 mm,1881 mm,1657 mm,587 L,9 s,194 KM/H,,,5.1 L/100 km,Oui,Frontaux | Latéraux | Rideaux | Genoux,Oui,VSA,Oui,EBA | EBD | ESS | Système anti-collision avec détection des piétons |  Freinage automatique anti-collision (AEB) | EBB,TPMS,Oui,Radar de recul | Radar avant | Système de caméras 360,EPS | Électrique,,Adaptatif (ACC),LED,Pare-chocs | Poignées de portes | Rétroviseurs,Feux de jour | Avant | Arrières,En aluminium | 18'',,Full LED,12 haut-parleurs | Haut-parleurs Bose | Commandes au volant | Subwoofer,Android Auto | 4 USB | Apple Carplay | Bluetooth | Commande vocale | Chargeur de téléphone sans fil,Tactile | 9 pouces,Avant | Arrière,,Laqué Piano Noir,,Cuir perforé,Électriques | 12 directions | Fonction mémoire,Conducteur,Oui,,Cuir | Multi-fonctions,En hauteur et en profondeur,Démarrage mains libres,Automatique | Bizone | Ventilation arrière,À distance,Oui,,Anti-éblouissement,Électriques | Rabattables | Avec clignotants intégrés,Avant/Arrière,2026-02-08 17:39:57.263127,LKA | RDM,Oui,,,Ouvrant | Panoramique,Accès mains libres | Démarrage à distance,,Oui,Oui,,Hill assist,Oui,Chrome,,,Oui,,Oui,Éléctrique | EPB,10.2 pouces,,,,,Porte-lunettes,,Ouverture et fermeture motorisées | Ouverture mains libres | Ouverture à distance,,,,1 prise 12 V,Normal | Sport | Eco,,,,,,,,,,,Oui,,,,,Chromées,,,,,,,,,,,,Oui,,,,,,,,,,,,,,,,Lane Watch,,,,,,,,,,,,,,,,,,,,,,,,
Hyundai,Hyundai Grand i10 Populaire,https://www.automobile.tn/fr/neuf/hyundai/grand-i10-populaire/1.0-l,Hyundai Grand i10 Populaire,https://www.automobile.tn/fr/neuf/hyundai/grand-i10-populaire/1.0-l,,Sous réserve d'acceptation du dossier par le ministère du commerce,Citadine,5 ans,5,5,3,Essence,4 CV,65 CH,95 nm 3500 tr/min,998 CM³,Manuelle,5,Traction,3805 mm,1680 mm,1510 mm,260 L,14.3 s,161 KM/H,6.5 L/100 km,4.1 L/100 km,5 L/100 km,Oui,Frontaux,,,Oui,,,,,Électrique,,,Oui,Poignées de portes,,En aluminium | 15'',,,4 haut-parleurs | Commandes au volant,USB | AUX | Bluetooth,,,,,Cuir,Tissu,,Conducteur et passager,,,Cuir | Multi-fonctions,En hauteur,,Manuelle,À distance,Oui,,,Électriques | Rabattables,Avant/Arrière,2026-02-08 17:40:01.272913,,,,,,,,Oui,,,,,,,,,,,,,,,Two-tone,,,,,Chromée,,,,,,,,,,,,,,,,,,,,,,,,,,,,,,,,,,,,,,,,,,,,,,,,,,,Oui,,,,,Oui,,,,,,,,,,,,,,,,
Hyundai,Hyundai Grand i10,https://www.automobile.tn/fr/neuf/hyundai/grand-i10,1.2 L GLS,https://www.automobile.tn/fr/neuf/hyundai/grand-i10/1.2-l-gls-2024,51 950 DT,Sur arrivage,Citadine,5 ans,5,5,4,Essence,5 CV,83 CH,113 nm 4000 tr/min,1197 CM³,Manuelle,5,Traction,3805 mm,1680 mm,1510 mm,260 L,12.3 s,165 KM/H,6.9 L/100 km,4.7 L/100 km,5.5 L/100 km,Oui,Frontaux,,,Oui,,,,,Électrique,,,Oui,Poignées de portes,,En aluminium | 15'',,,4 haut-parleurs | Commandes au volant,USB | AUX | Bluetooth,,,,,Cuir,Tissu,,Conducteur et passager,,,Cuir | Multi-fonctions,En hauteur,,Manuelle,À distance,Oui,,,Électriques | Rabattables,Avant/Arrière,2026-02-08 17:40:04.339806,,,,,,,,Oui,,,,,,,,,,,,,,,,,,,,Chromée,,,,,,,,,,,,,,,,,,,,,,,,,,,,,,,,,,,,,,,,,,,,,,,,,,,,,,,,,,,,,,,,,,,,,,,,
Hyundai,Hyundai Grand i10,https://www.automobile.tn/fr/neuf/hyundai/grand-i10,1.2 L High Grade,https://www.automobile.tn/fr/neuf/hyundai/grand-i10/2020-1.2-l-high-grade,56 450 DT,Sur arrivage,Citadine,5 ans,5,5,4,Essence,5 CV,83 CH,113 nm 4000 tr/min,1197 CM³,Manuelle,5,Traction,3805 mm,1680 mm,1510 mm,260 L,12.3 s,165 KM/H,6.9 L/100 km,4.7 L/100 km,5.5 L/100 km,Oui,Frontaux,,,Oui,,,,Radar de recul | Caméra de recul,Électrique,,,Oui,Rétroviseurs,,En aluminium | 15'',,,4 haut-parleurs | Commandes au volant,USB | Android Auto | Apple Carplay | AUX | Bluetooth | Commande vocale,Tactile | 8 pouces,,,,Cuir,Tissu,,Conducteur et passager,,,Cuir | Multi-fonctions,En hauteur,Démarrage mains libres,Manuelle,À distance,Oui,,,Électriques | Rabattables | Avec clignotants intégrés,Avant/Arrière,2026-02-08 17:40:06.275128,,,,,,,,Oui,,,,,,,,,,,,,,,,,,,,Chromée,,,,,,,,,,,,,,,,,,,,,,,,,,,,,,,,,,,,,,,,,,,,,,,,,,Chromées,,,,,,Oui,,,,,,,,,,,,,,,,
Hyundai,Hyundai Grand i10,https://www.automobile.tn/fr/neuf/hyundai/grand-i10,1.2 L High Grade BVA,https://www.automobile.tn/fr/neuf/hyundai/grand-i10/1.2-l-bva-high-grade-2024,60 950 DT,Sur arrivage,Citadine,5 ans,5,5,4,Essence,5 CV,83 CH,113 nm 4000 tr/min,1197 CM³,Automatique,4,Traction,3805 mm,1680 mm,1510 mm,260 L,12.3 s,165 KM/H,7.4 L/100 km,5.1 L/100 km,5.9 L/100 km,Oui,Frontaux,,,Oui,,,,Radar de recul | Caméra de recul,Électrique,,,Oui,Rétroviseurs,,En aluminium | 15'',,,4 haut-parleurs | Commandes au volant,USB | Android Auto | Apple Carplay | AUX | Bluetooth | Commande vocale,Tactile | 8 pouces,,,,Cuir,Tissu,,Conducteur et passager,,,Cuir | Multi-fonctions,En hauteur,Démarrage mains libres,Manuelle,À distance,Oui,,,Électriques | Rabattables | Avec clignotants intégrés,Avant/Arrière,2026-02-08 17:40:08.463849,,,,,,,,Oui,,,,,,,,,,,,,,,,,,,,Chromée,,,,,,,,,,,,,,,,,,,,,,,,,,,,,,,,,,,,,,,,,,,,,,,,,,Chromées,,,,,,Oui,,,,,,,,,,,,,,,,
Hyundai,Hyundai Grand i10 Sedan,https://www.automobile.tn/fr/neuf/hyundai/grand-i10-sedan/1.2-l-2024,Hyundai Grand i10 Sedan,https://www.automobile.tn/fr/neuf/hyundai/grand-i10-sedan/1.2-l-2024,,Sur arrivage,Berline,5 ans,5,4,4,Essence,5 CV,83 CH,113 nm 4000 tr/min,1197 CM³,Manuelle,5,Traction,3995 mm,1680 mm,1510 mm,407 L,12.3 s,165 KM/H,6.9 L/100 km,4.7 L/100 km,5.5 L/100 km,Oui,Frontaux,,,Oui,,,,Radar de recul | Caméra de recul,Oui,,,Oui,Poignées de portes,,En aluminium | 15'',,,4 haut-parleurs | Commandes au volant,USB | Android Auto | Apple Carplay | AUX | Bluetooth | Commande vocale,Tactile | 8 pouces,,,,Cuir,Tissu,,Conducteur et passager,Oui,,Cuir | Multi-fonctions,En hauteur,,Manuelle,À distance,Oui,,,Électriques | Rabattables,Avant/Arrière,2026-02-08 17:40:11.498835,,,,,,,,Oui,,,,,,,,,,,,,,,,,,,,,,,,,,,,,,,,,,,,,,,,,,,,,,,,,,,,,,,,,,,,,,,,,,,,,,,,,,,,,,,,,,,,,,,,,,,,
Hyundai,Hyundai i20,https://www.automobile.tn/fr/neuf/hyundai/i20,1.2 L GLS Plus,https://www.automobile.tn/fr/neuf/hyundai/i20/1.2-l-gls-plus,66 950 DT,Disponible,Citadine,5 ans,5,5,4,Essence,4 CV,76 CH,122 nm 4000 tr/min,1197 CM³,Manuelle,5,Traction,4040 mm,1775 mm,1450 mm,352 L,13.1 s,170 KM/H,6 L/100 km,4.1 L/100 km,4.8 L/100 km,Oui,Frontaux | Latéraux,,ESP,Oui,AFU,,Oui,Radar de recul | Caméra de recul,Électrique,Oui,Oui,Oui,Pare-chocs | Poignées de portes | Rétroviseurs,,En aluminium | 16'',,LED,Commandes au volant,2 USB-C | Android Auto | Apple Carplay | Bluetooth | Commande vocale,Tactile | 8 pouces,Avant,3,,Cuir,Tissu,,Conducteur et passager,Oui,,Cuir | Multi-fonctions,En hauteur et en profondeur,,Manuelle,À distance,Oui,,Anti-éblouissement,Électriques | Avec clignotants intégrés,Avant/Arrière,2026-02-08 17:40:14.688907,,,,,,,,Oui,Oui,,,,,,,,,,,Digital Cockpit,,,Métallisée,,Poches aumônières,,,Chromée,,Oui,1 prise 12 V,,,,,,,,,,,,,,,,,,,,,,,,,,,,,,,,,,,,,,,,,,,,,,,,,,,,,,,,,,,,,,,,,,,,,
Hyundai,Hyundai i20,https://www.automobile.tn/fr/neuf/hyundai/i20,1.2 L High Grade,https://www.automobile.tn/fr/neuf/hyundai/i20/1.2-l-high-grade-restyle,72 950 DT,Disponible,Citadine,5 ans,5,5,4,Essence,4 CV,76 CH,122 nm 4000 tr/min,1197 CM³,Manuelle,5,Traction,4040 mm,1775 mm,1450 mm,352 L,13.1 s,170 KM/H,6 L/100 km,4.1 L/100 km,4.8 L/100 km,Oui,Frontaux | Latéraux,,ESP,Oui,,,,Radar de recul | Caméra de recul,Électrique,,Oui,,Pare-chocs | Poignées de portes | Rétroviseurs,,En aluminium | 17'',,LED,4 haut-parleurs | Commandes au volant,2 USB-C | Android Auto | Apple Carplay | Bluetooth | Commande vocale,Tactile | 8 pouces,Avant,3,,Cuir,Tissu,,Conducteur et passager,Oui,Lunette et vitres arrières sur-teintées,Cuir | Multi-fonctions,En hauteur et en profondeur,Démarrage mains libres,Automatique,À distance,Oui,,Anti-éblouissement,Électriques | Avec clignotants intégrés,Avant/Arrière,2026-02-08 17:40:16.708316,,,,,,Accès mains libres,,Oui,Oui,,,,,,,Oui,,,,10.25 pouces | Supervision,,,Métallisée,,Poches aumônières,,,Noire,,Oui,1 prise 12 V,,,,,,,,,,,,,,,,,,,,,,,,,,,,,,,,,,,,,,,,,,,,,,,,,,,,,,,,,,,,,,,,,,,,,
Hyundai,Hyundai i20,https://www.automobile.tn/fr/neuf/hyundai/i20,1.0 L T-GDI BVA,https://www.automobile.tn/fr/neuf/hyundai/i20/1.0-l-t-gdi-bva,83 950 DT,Disponible,Citadine,5 ans,5,5,3,Essence,5 CV,98 CH,172 nm 1500 tr/min,998 CM³,Automatique,7,Traction,4040 mm,1775 mm,1450 mm,352 L,10.4 s,188 KM/H,,,5.8 L/100 km,Oui,Frontaux | Latéraux,,ESP,Oui,AFU,,,Radar de recul | Caméra de recul,Électrique,Oui,Oui,,Pare-chocs | Poignées de portes | Rétroviseurs,Feux de jour | Avant,En aluminium | 17'',,Bi-LED,Commandes au volant,2 USB-C | Android Auto | Apple Carplay | Bluetooth | Commande vocale,Tactile | 8 pouces,Avant,3,,Cuir,Tissu,,Conducteur et passager,Oui,Lunette et vitres arrières sur-teintées,Cuir | Multi-fonctions,En hauteur et en profondeur,Démarrage mains libres,Automatique,À distance,Oui,,Anti-éblouissement,Électriques | Dégivrants | Avec clignotants intégrés,Avant/Arrière,2026-02-08 17:40:18.697230,,,,,,Accès mains libres,,Oui,Oui,,,,,,,Oui,,,,10.25 pouces | Supervision,,,,,Poches aumônières,,,Noire,,,1 prise 12 V,,,,,,,,,,,,,,,,,,,,,,,,,,,,,,,,,,,,,,,,,,,,,,,,,,,,,,,,,,,,,,,,,,,,,
Hyundai,Hyundai Bayon,https://www.automobile.tn/fr/neuf/hyundai/bayon,1.2 L Top Grade,https://www.automobile.tn/fr/neuf/hyundai/bayon/1.2-l-2025-top-grade,84 950 DT,Disponible,SUV,5 ans,5,5,4,Essence,4 CV,77 CH,118 nm 4000 tr/min,1197 CM³,Manuelle,5,Traction,4180 mm,1775 mm,1500 mm,411 L,13.5 s,165 KM/H,6.8 L/100 km,5.0 L/100 km,5.4 L/100 km,Oui,Frontaux | Latéraux | Rideaux,,ESP,Oui,FCA,,Oui,Radar de recul | Radar avant | Caméra de recul,Électrique,,,LED,Rétroviseurs,Feux de jour | Avant | Arrières,En aluminium | 16'',,LED,Haut-parleurs Bose | Commandes au volant,USB | Android Auto | Apple Carplay | Bluetooth | Commande vocale | Chargeur de téléphone sans fil,Tactile | 8 pouces,Avant,2,,Cuir,Tissu,,Conducteur,Oui,Lunette et vitres arrières sur-teintées,Cuir | Multi-fonctions,En hauteur et en profondeur,Démarrage mains libres,Automatique,À distance,Supervision TFT LCD,,Anti-éblouissement,Électriques | Avec clignotants intégrés,Avant/Arrière,2026-02-08 17:40:21.810431,LKA | LFA,,,,,Accès mains libres,,Oui,Oui,,,,,,,Oui,,,,Oui,,,,,Poches aumônières,,,,,,,,,,,,,,,,,,,,,,,Oui,,,,,,,,,,,,Oui,,,,,,,,TSR,,,,,,,,,,,,,,,,,,,,,,,,,,,,,,,,
Hyundai,Hyundai Bayon,https://www.automobile.tn/fr/neuf/hyundai/bayon,1.0 L T-GDI Top Grade BVA,https://www.automobile.tn/fr/neuf/hyundai/bayon/1.0-l-t-gdi-bva-2025-top-grade,95 950 DT,Disponible,SUV,5 ans,5,5,3,Essence,5 CV,98 CH,172 nm 1500 tr/min,998 CM³,Automatique,7,Traction,4180 mm,1775 mm,1500 mm,411 L,11.7 s,180 KM/H,6.8 L/100 km,4.7 L/100 km,5.3 L/100 km,Oui,Frontaux | Latéraux | Rideaux,,ESP,Oui,FCA,,Oui,Radar de recul | Radar avant | Caméra de recul,Électrique,,,LED,Rétroviseurs,Feux de jour | Avant | Arrières,En aluminium | 17'',,LED,Haut-parleurs Bose | Commandes au volant,USB | Android Auto | Apple Carplay | Bluetooth | Commande vocale | Chargeur de téléphone sans fil,Tactile | 8 pouces,Avant,2,,Cuir,Tissu,,Conducteur,Oui,Lunette et vitres arrières sur-teintées,Cuir | Multi-fonctions,En hauteur et en profondeur,Démarrage mains libres,Automatique,À distance,Supervision TFT LCD,,Anti-éblouissement,Électriques | Avec clignotants intégrés,Avant/Arrière,2026-02-08 17:40:23.804194,LKA | LFA,,,,Ouvrant,Accès mains libres,,Oui,Oui,,,,,,,Oui,,,,Oui,,,,,Poches aumônières,,,,,,,,,,,,,,,,,,,,,,,Oui,,,,,,,,,,,,Oui,,,,,,,,TSR,,,,,,,,,,,,,,,,,,,,,,,,,,,,,,,,
Hyundai,Hyundai Venue,https://www.automobile.tn/fr/neuf/hyundai/venue/1.0-l-turbo-bva,Hyundai Venue,https://www.automobile.tn/fr/neuf/hyundai/venue/1.0-l-turbo-bva,,Disponible,SUV,5 ans ou 100000 km,5,5,3,Essence,7 CV,120 CH,172 nm 1500 tr/min,998 CM³,Automatique,7,Traction,3995 mm,1770 mm,1605 mm,355 L,10.2 s,183 KM/H,,,"5,6 L/100 km",Oui,Frontaux | Latéraux,,ESC,Oui,Freinage automatique anti-collision (AEB),Oui,Oui,Radar de recul | Caméra de recul,Électrique,,Oui,Oui,,Feux de jour | Avant,En aluminium | 16'',,,6 haut-parleurs | Commandes au volant,Android Auto | Apple Carplay | Bluetooth | Commande vocale | 3 USB-C,Tactile | 8 pouces,Avant,3,,,Tissu,,,Oui,,Cuir | Multi-fonctions,En hauteur,Démarrage mains libres,Automatique,À distance,Oui,,,Électriques | Rabattables | Avec clignotants intégrés,Avant/Arrière,2026-02-08 17:40:27.107169,,,,,Ouvrant,Accès mains libres,,,Oui,,,,,,Oui,,,,,Oui,,,,,Porte-lunettes,,,,,,,Normal | Sport | Eco,,,,,,,,,,,,,,,,Oui,,,,,,,,,,,,,,,,,,,,,,,,,,,,,,,,,,,,,,,,,,,,,,,,,,,,
Hyundai,Hyundai i30 Fastback,https://www.automobile.tn/fr/neuf/hyundai/i30-fastback,1.0 T Intuitive BVA,https://www.automobile.tn/fr/neuf/hyundai/i30-fastback/1.0-t-bva-intuitive,94 950 DT,Disponible,Berline,5 ans ou 100000 km,5,4,3,Essence,6 CV,118 CH,200 nm 1500 tr/min,998 CM³,Automatique,7,Traction,4455 mm,1795 mm,1425 mm,450 L,11.4 s,196 KM/H,6.4 L/100 km,4.8 L/100 km,5.4 L/100 km,Oui,Frontaux | Latéraux | Rideaux,,ESP,Oui,DBC,,Oui,Radar de recul | Radar avant | Caméra de recul,Électrique | Adaptative,,,,,Avant,En aluminium | 16'',,Full LED,Commandes au volant,USB | Android Auto | Apple Carplay | Bluetooth | Chargeur de téléphone sans fil,Tactile | 10.25 pouces,Arrière | Avant conducteur,,,Cuir,Cuir,Conducteur à réglage électrique | Réglage lombaire,Conducteur et passager,Oui,Parebrise athermique | Lunette et vitres arrières sur-teintées,Cuir | Multi-fonctions,En hauteur et en profondeur,Démarrage mains libres,Manuelle,À distance,Oui,,Anti-éblouissement,Électriques,Avant/Arrière,2026-02-08 17:40:30.239783,,,,,,Accès mains libres,,Périmétrique,Oui,,Oui,,,,,,,,Éléctrique,Oui,,,,,Poches aumônières,,,,,,,Normal | Confort | Sport,,,,,,,,,,,,,,,,,,,,,,,,,,,,,,,,,,,,,,,,,,,,,,,,,,,,,,,,,,,,,,,,,,,,
Hyundai,Hyundai i30 Fastback,https://www.automobile.tn/fr/neuf/hyundai/i30-fastback,1.0 T BVA,https://www.automobile.tn/fr/neuf/hyundai/i30-fastback/1.0-t-bva,104 950 DT,Disponible,Berline,5 ans ou 100000 km,5,4,3,Essence,7 CV,120 CH,200 nm 1500 tr/min,998 CM³,Automatique,7,Traction,4455 mm,1795 mm,1425 mm,450 L,11.4 s,196 KM/H,6.4 L/100 km,4.8 L/100 km,5.4 L/100 km,Oui,Frontaux | Latéraux | Rideaux,,ESP,Oui,DBC,,Oui,Radar de recul | Caméra de recul,Électrique | Adaptative,,,,,Avant,En aluminium | 17'',,Full LED,Commandes au volant,USB | Android Auto | Apple Carplay | Bluetooth | Chargeur de téléphone sans fil,Tactile | 10.25 pouces,Arrière | Avant conducteur,,,Cuir,Cuir,Conducteur à réglage électrique | Réglage lombaire,Conducteur et passager,Oui,Parebrise athermique | Lunette et vitres arrières sur-teintées,Cuir | Multi-fonctions,En hauteur et en profondeur,Démarrage mains libres,Automatique,À distance,Oui,,Anti-éblouissement,Électriques,Avant/Arrière,2026-02-08 17:40:32.239794,,,,,Ouvrant,Accès mains libres,,Périmétrique,Oui,,Oui,,,,,,,Oui,Éléctrique,7 pouces,,,,,Poches aumônières,,,,,,,Normal | Confort | Sport,,,,,,,,,,,,,,,,,,,,,,,,,,,,,,,,,,,,,,,,,,,,,,,,,,,,,,,,,,,,,,,,,,,,
Hyundai,Hyundai Creta,https://www.automobile.tn/fr/neuf/hyundai/creta/1.5-l-bva,Hyundai Creta,https://www.automobile.tn/fr/neuf/hyundai/creta/1.5-l-bva,,Sur arrivage,SUV,5 ans ou 100000 km,5,5,4,Essence,6 CV,113 CH,144 nm 4500 tr/min,1491 CM³,Automatique,6,Traction,4315 mm,1790 mm,1630 mm,402 L,11.5 s,195 KM/H,7.8 L/100 km,5.1 L/100 km,6.1 L/100 km,Oui,Frontaux | Latéraux | Rideaux,,ESP,Oui,Freinage automatique anti-collision (AEB),,Oui,Radar de recul | Caméra de recul,Électrique,,Smart Cruise,Oui,,Feux de jour | Avant | Arrières,En aluminium | 17'',,LED,Haut-parleurs Bose | Commandes au volant,USB | Android Auto | Apple Carplay | AUX | Bluetooth | Commande vocale | Chargeur de téléphone sans fil,Tactile | 8 pouces,Avant | Arrière,,,Cuir,Cuir,Ventilés,,Oui,,Cuir | Multi-fonctions | Avec palettes,En hauteur et en profondeur,Démarrage mains libres,Automatique | Bizone | Ventilation arrière,À distance,Oui,,Anti-éblouissement,Électriques | Rabattables | Avec clignotants intégrés,Avant/Arrière,2026-02-08 17:40:35.621225,LKA | LFA,,,,Ouvrant | Panoramique,Accès mains libres,,Oui,Oui,,HAC,,,,,Oui,,,Éléctrique,10.25 pouces,,,,,,,,,,,2 prises 12 V,Confort | Sport | Eco,,,,,,,,,,Cuir,,,,,,Oui,,,,,,,,,Oui,,,RCCA,,,,,,,,,,,,,,,,,,Aluminium,,,,,,Oui,,,,,,,,,,,,,,,,
Hyundai,Hyundai Kona Electric,https://www.automobile.tn/fr/neuf/hyundai/kona-ev/bva,Hyundai Kona Electric,https://www.automobile.tn/fr/neuf/hyundai/kona-ev/bva,,Disponible,SUV,5 ans ou 100000 km | Batterie garantie 8 ans ou 160.000 KM,5,5,,Electrique,3 CV,136 CH,395 nm 0 tr/min,,Automatique,,Traction,4205 mm,1800 mm,1570 mm,332 L,9.9 s,155 KM/H,,,,Oui,Frontaux | Latéraux | Rideaux,Oui,ESP,Oui,AFU | EBA | EBD | HBA |  Freinage automatique anti-collision (AEB) | VDC,Oui,Oui,Radar de recul | Caméra de recul,Électrique,Intelligent,Adaptatif (ACC),,,Feux de jour | Avant | Arrières,En aluminium | 17'',,Full LED,4 haut-parleurs | Commandes au volant,USB | Android Auto | Apple Carplay | AUX | Bluetooth | Chargeur de téléphone sans fil,Tactile | 8 pouces,Arrière | Avant conducteur,3,,Cuir,Cuir,Conducteur à réglage électrique | Réglage lombaire,Conducteur et passager,Oui,Parebrise athermique | Lunette et vitres arrières sur-teintées,Cuir | Multi-fonctions,En hauteur et en profondeur,Démarrage mains libres,Automatique,À distance,Oui,,Anti-éblouissement,Électriques | Rabattables | Dégivrants | Avec clignotants intégrés,Avant/Arrière,2026-02-08 17:40:38.699887,Oui,DBC,,,Ouvrant,Accès mains libres | Démarrage à distance,1114 L,Périmétrique,Oui,,Oui,Oui,,,,,,Oui,Éléctrique,10.25 pouces,,,,,Poches aumônières,,,,,,2 prises 12 V,Sport | Eco,Oui,1,,39.2 kWh,317 km,14.3 kWh/100 km,4.8 heures,54 minutes,,,Oui,,,,,,,,,,,,,FCW,,,,,,,,,,,,,,,,,,,,,,,,,,,,,,,,,,,,,,,,,,,,
Hyundai,Hyundai Kona,https://www.automobile.tn/fr/neuf/hyundai/kona,1.6 l T-GDI 7-DCT 4WD,https://www.automobile.tn/fr/neuf/hyundai/kona/1.6-l-t-gdi-7-dct-4wd,137 000 DT,Disponible,SUV,5 ans ou 100000 km,5,5,4,Essence,11 CV,200 CH,265 nm 1500 tr/min,1598 CM³,Automatique,7,Intégrale,4165 mm,1800 mm,1500 mm,544 L,7.4 s,210 KM/H,7.4 L/100 km,5.5 L/100 km,6.2 L/100 km,Oui,Frontaux | Latéraux,,ESP,Oui,DBC,,Oui,Radar de recul | Caméra de recul,Électrique,,Oui,,,,En aluminium | 18'',,Full LED,4 haut-parleurs | Commandes au volant,USB | Android Auto | Apple Carplay | AUX | Bluetooth | Chargeur de téléphone sans fil,Tactile | 8 pouces,Arrière | Avant conducteur,,,Cuir,Cuir,Conducteur à réglage électrique | Réglage lombaire,,Oui,Parebrise athermique | Lunette et vitres arrières sur-teintées,Cuir | Multi-fonctions,En hauteur et en profondeur,Démarrage mains libres,Automatique,À distance,Oui,,,Électriques,Avant/Arrière,2026-02-08 17:40:41.809250,,,,,Ouvrant,Accès mains libres,,Périmétrique,Oui,,Oui,,,,,,,Oui,,,,,Two-tone,,Poches aumônières,,,,,,1 prise 12 V,Normal | Sport | Eco,,,,,,,,,,,Oui,,,,,,,,,,,,,,,,,,,,,,,,,,,,,,,,,,,,,,,,,,,,,,,,,,,,,,,,,
Hyundai,Hyundai Kona,https://www.automobile.tn/fr/neuf/hyundai/kona,1.6 l T-GDI 7-DCT 4WD N Line,https://www.automobile.tn/fr/neuf/hyundai/kona/1.6-l-t-gdi-7-dct-4wd-n-line,150 000 DT,Disponible,SUV,5 ans ou 100000 km,5,5,4,Essence,11 CV,200 CH,265 nm 1500 tr/min,1598 CM³,Automatique,7,Intégrale,4165 mm,1800 mm,1500 mm,544 L,7.4 s,210 KM/H,7.4 L/100 km,5.5 L/100 km,6.2 L/100 km,Oui,Frontaux | Latéraux | Rideaux,,ESP,Oui,DBC,,Oui,Radar de recul | Caméra de recul,Électrique,,Oui,,,,En aluminium | 18'',,Full LED,4 haut-parleurs | Commandes au volant,USB | Android Auto | Apple Carplay | AUX | Bluetooth | Chargeur de téléphone sans fil,Tactile | 10.25 pouces,Arrière | Avant conducteur,,,Cuir | N-Line,Cuir/Alcantara,Conducteur à réglage électrique | Réglage lombaire,Conducteur et passager,Oui,Parebrise athermique | Lunette et vitres arrières sur-teintées,Cuir | Multi-fonctions | Sport | N-Line,En hauteur et en profondeur,Démarrage mains libres,Automatique,À distance,Oui,,,Électriques,Avant/Arrière,2026-02-08 17:40:43.955846,,,,,Ouvrant,Accès mains libres,,Périmétrique,Oui,,Oui,,,,,,,Oui,,10.25 pouces,,N-Line,Two-tone,,Poches aumônières,,,,,,1 prise 12 V,Normal | Sport | Eco,,,,,,,,,,,Oui,,,,,,,,,,,,,,,,,,,,,,,,,,,,,,,,,,,,,,,,,,,,,,,,,,,,,,,,,
Hyundai,Hyundai Tucson,https://www.automobile.tn/fr/neuf/hyundai/tucson/1.6-l-t-gdi-7-dct-4wd-top-grade,Hyundai Tucson,https://www.automobile.tn/fr/neuf/hyundai/tucson/1.6-l-t-gdi-7-dct-4wd-top-grade,,Disponible,SUV,5 ans,5,5,4,Essence,10 CV,180 CH,265 nm 1500 tr/min,1598 CM³,Automatique,7,Intégrale,4500 mm,1865 mm,1650 mm,539 L,9 s,201 KM/H,7.9 L/100 km,5.4 L/100 km,6.3 L/100 km,Oui,Frontaux | Latéraux | Rideaux | Centraux,,ESP,Oui,EBD | DBC |  Freinage automatique anti-collision (AEB) | FCA,,Oui,Radar de recul | Radar avant | Système de caméras 360,Électrique,Oui,Adaptatif (ACC),LED,Rétroviseurs,Feux de jour | Avant | Arrières,En aluminium | 19'',,Full LED,6 haut-parleurs | Haut-parleurs Bose | Commandes au volant,USB | Android Auto | Apple Carplay | AUX | Bluetooth | Commande vocale | Chargeur de téléphone sans fil,Tactile | 10.25 pouces,Arrière | Avant conducteur,,,Cuir,Cuir,Électriques | Ventilés | Réglage lombaire | Fonction mémoire,Conducteur et passager,Oui,Parebrise athermique | Lunette et vitres arrières sur-teintées,Cuir | Multi-fonctions | Avec palettes,En hauteur et en profondeur,Démarrage mains libres,Automatique | Bizone | Ventilation arrière,À distance,Oui,,Anti-éblouissement,Électriques | Rabattables | Dégivrants | Avec clignotants intégrés,Avant/Arrière,2026-02-08 17:40:47.128697,LKA | LFA,DBC,,GPS,Ouvrant | Panoramique,Accès mains libres,,Périmétrique,Oui,,HAC,Oui,Chrome,,,Oui,Baguettes dans les baies de porte,Oui,Éléctrique,10.25 pouces,,,,,Poches aumônières | Porte-lunettes,,Ouverture et fermeture motorisées,Noire,,,1 prise 12 V,Confort | Sport | Eco,,,,,,,,,,Cuir,,,,,,Oui,,,,,,,,,Oui,,,Oui,,,,,,,,,,,,,,,,,,Chromées,,,,,,,,,,,,,,,,,,,,,,
Hyundai,Hyundai Tucson Hybride,https://www.automobile.tn/fr/neuf/hyundai/tucson-hybride,1.6 l T-GDI 2WD Intuitive BVA 6,https://www.automobile.tn/fr/neuf/hyundai/tucson-hybride/1.6-l-t-gdi-bva-6-2wd-intuitive,169 950 DT,Disponible,SUV,5 ans ou 100000 km | Batterie garantie 8 ans ou 160.000 KM,5,5,4,Essence | Hybride,9 CV,230 CH,350 nm 1500 tr/min,1598 CM³,Automatique,6,Traction,4500 mm,1865 mm,1650 mm,539 L,8 s,193 KM/H,4.8 L/100 km,4.6 L/100 km,4.7 L/100 km,Oui,Frontaux | Latéraux | Rideaux | Centraux,Oui,ESP,Oui,DBC,,Oui,Radar de recul | Radar avant | Caméra de recul,Électrique,,Oui,LED,Rétroviseurs,Feux de jour | Avant | Arrières,En aluminium | 18'',,Full LED,Commandes au volant,USB | Android Auto | Apple Carplay | AUX | Bluetooth | Commande vocale | Chargeur de téléphone sans fil,Tactile | 12.3 pouces,Avant | Arrière,3,,Cuir,Cuir,Électriques | Ventilés | Réglage lombaire | Fonction mémoire,Conducteur et passager,Oui,Athermiques,Cuir | Multi-fonctions | Avec palettes,En hauteur et en profondeur,Démarrage mains libres,Automatique | Bizone | Ventilation arrière,À distance,Oui,,Anti-éblouissement,Électriques | Rabattables | Dégivrants | Avec clignotants intégrés,Avant/Arrière,2026-02-08 17:40:50.172451,Oui,,,GPS,Ouvrant | Panoramique,Accès mains libres,,Périmétrique,Oui,,HAC,,Chrome,,Oui,Oui,Baguettes dans les baies de porte,,Éléctrique,12.3 pouces,,,,,Pack vide-poches et coffre à bagages | Poches aumônières,,Ouverture et fermeture motorisées,Noire,,,2 prises 12 V,Sport | Eco,,,,,,,,,,Cuir,,,,,,Oui,,,,,,,,,Oui,,,,,,,,,,,,,,,,,,,,,Chromées,,,,,,,,,,,,,,,,,,,,,,
Hyundai,Hyundai Tucson Hybride,https://www.automobile.tn/fr/neuf/hyundai/tucson-hybride,1.6 l T-GDI 2WD Top Grade BVA 6,https://www.automobile.tn/fr/neuf/hyundai/tucson-hybride/1.6-l-t-gdi-bva-6-2wd-top-grade,185 000 DT,Disponible,SUV,5 ans ou 100000 km | Batterie garantie 8 ans ou 160.000 KM,5,5,4,Essence | Hybride,9 CV,230 CH,350 nm 1500 tr/min,1598 CM³,Automatique,6,Traction,4500 mm,1865 mm,1650 mm,539 L,8 s,193 KM/H,4.8 L/100 km,4.6 L/100 km,4.7 L/100 km,Oui,Frontaux | Latéraux | Rideaux | Centraux,Oui,ESP,Oui,EBD | DBC |  Freinage automatique anti-collision (AEB) | FCA,,Oui,Radar de recul | Radar avant | Système de caméras 360,Électrique,Oui,Adaptatif (ACC),LED,Rétroviseurs,Feux de jour | Avant | Arrières,En aluminium | 19'',,Full LED,Haut-parleurs Bose | Commandes au volant,USB | Android Auto | Apple Carplay | AUX | Bluetooth | Commande vocale | Chargeur de téléphone sans fil,Tactile | 12.3 pouces,Avant | Arrière,3,,Cuir,Cuir,Électriques | Ventilés | Réglage lombaire | Fonction mémoire,Conducteur et passager,Oui,Athermiques,Cuir | Multi-fonctions | Sport | Avec palettes,En hauteur et en profondeur,Démarrage mains libres,Automatique | Bizone | Ventilation arrière,À distance,Oui,,Anti-éblouissement,Électriques | Rabattables | Dégivrants | Avec clignotants intégrés,Avant/Arrière,2026-02-08 17:40:52.231989,LKA | LFA,Oui,,GPS,Ouvrant | Panoramique,Accès mains libres,,Périmétrique,Oui,,HAC,Oui,Chrome,,Oui,Oui,Baguettes dans les baies de porte,,Éléctrique,12.3 pouces,,,,,Pack vide-poches et coffre à bagages | Poches aumônières,,Ouverture et fermeture motorisées,Noire,,,2 prises 12 V,Confort | Sport | Eco,,,,,,,,,,Cuir,,,,,,Oui,,,,,,,,,Oui,,,Oui,,,,,,,,,,,,,,,,Oui,,Chromées,,,,,,,,,,,,,,,,,,,,,,
Hyundai,Hyundai Ioniq 5,https://www.automobile.tn/fr/neuf/hyundai/ioniq-5,58 kWh 2WD HG,https://www.automobile.tn/fr/neuf/hyundai/ioniq-5/58-kwh-2wd-hg,168 950 DT,Indisponible,SUV,5 ans ou 100000 km | Batterie garantie 8 ans ou 160.000 KM,5,5,,Electrique,3 CV,166 CH,350 nm 0 tr/min,,Automatique,,Propulsion,4635 mm,1890 mm,1605 mm,527 L,8.5 s,185 KM/H,,,,Oui,Frontaux | Latéraux | Rideaux | Centraux,Oui,ESP,Oui,EBD | Système anti-collision avec détection des piétons | Freinage multi-collision,Oui,Oui,Radar de recul | Radar avant | Système de caméras 360 | Détection du trafic en marche arrière,Électrique,Intelligent,Adaptatif (ACC),,,Feux de jour | Avant | Arrières | Pixel LED,En aluminium | 19'' | Bi-ton,,Pixel LED | Bi-LED,7 haut-parleurs | Haut-parleurs Bose | Commandes au volant | Subwoofer | Radio numérique DAB,USB | Android Auto | Apple Carplay | AUX | Bluetooth | Commande vocale | Chargeur de téléphone sans fil,Tactile | 10.25 pouces,Avant | Arrière,3,,,Cuir,Électriques | Chauffants | Fonction mémoire,Conducteur et passager,Oui,Parebrise athermique | Lunette et vitres arrières sur-teintées,Chauffant | Multi-fonctions | Avec palettes,En hauteur et en profondeur,Démarrage mains libres,Automatique | Bizone | Ventilation arrière,À distance,Oui,,Anti-éblouissement,Électriques | Rabattables | Dégivrants | Avec clignotants intégrés,Avant/Arrière,2026-02-08 17:40:55.136171,LKA | LFA,,,Cartographie Tunisienne,Panoramique | En verre,Accès mains libres,1587 L,Périmétrique,Oui,,Oui,DAW,,,,LED,,Oui,Éléctrique,12.3 pouces,,,,,,,Ouverture et fermeture motorisées | Ouverture mains libres,,0 g/km,,2 prises 12 V | Chargeur inversé (V2L),Normal | Sport | Eco | Neige,Oui,1,,58 kWh,384 km,16.7 kWh/100 km,5 heures,18 minutes,,,,,,,57 L,,,,,,,,,,AHBA,,,BCA,,Oui,,,,,,TSR | Avec régulation de la vitesse,,,,Niveau 2,,,,,,Escamotables,,,,,,,,,,,,,,,,,,,,,,
Hyundai,Hyundai Ioniq 5,https://www.automobile.tn/fr/neuf/hyundai/ioniq-5,77 kWh 4WD HG,https://www.automobile.tn/fr/neuf/hyundai/ioniq-5/77-kwh-4wd-hg,210 715 DT,Disponible,SUV,5 ans ou 100000 km | Batterie garantie 8 ans ou 160.000 KM,5,5,,Electrique,6 CV,325 CH,605 nm 0 tr/min,,Automatique,,Intégrale,4635 mm,1890 mm,1605 mm,527 L,5.2 s,185 KM/H,,,,Oui,Frontaux | Latéraux | Rideaux | Centraux,Oui,ESP,Oui,EBD | Système anti-collision avec détection des piétons | Freinage multi-collision,Oui,Oui,Radar de recul | Radar avant | Système de caméras 360 | Détection du trafic en marche arrière,Électrique,Intelligent,Adaptatif (ACC),,,Feux de jour | Avant | Arrières | Pixel LED,En aluminium | 20'' | Bi-ton,,Pixel LED | Bi-LED,7 haut-parleurs | Haut-parleurs Bose | Commandes au volant | Subwoofer | Radio numérique DAB,USB | Android Auto | Apple Carplay | AUX | Bluetooth | Commande vocale | Chargeur de téléphone sans fil,Tactile | 12.3 pouces,Avant | Arrière,3,,,Cuir,Électriques | Chauffants | Ventilés | Fonction mémoire,Conducteur et passager,Oui,Parebrise athermique | Lunette et vitres arrières sur-teintées,Chauffant | Multi-fonctions | Avec palettes,En hauteur et en profondeur,Démarrage mains libres,Automatique | Bizone | Ventilation arrière,À distance,Oui,,Anti-éblouissement,Électriques | Rabattables | Dégivrants | Avec clignotants intégrés,Avant/Arrière,2026-02-08 17:40:57.143672,LKA | LFA,,,,Panoramique | En verre,Accès mains libres,1587 L,Périmétrique,Oui,,Oui,DAW,,,,LED,,Oui,Éléctrique,12.3 pouces,,,,,,Aluminium,Ouverture et fermeture motorisées | Ouverture mains libres,,0 g/km,,2 prises 12 V | Chargeur inversé (V2L),Normal | Sport | Eco | Neige,Oui,2,,77.4 kWh,476 km,19.1 kWh/100 km,7.4 heures,18 minutes,,,,,,,24 L,,,,,,,,,,AHBA,,,BCA,,Oui,,,,,,TSR | Avec régulation de la vitesse,,,,Niveau 2,,,,,,Escamotables,,,,,,,,,,,,,,,,,,,,,,
Hyundai,Hyundai Ioniq 5 N,https://www.automobile.tn/fr/neuf/hyundai/ioniq-5-n/84-kwh-4wd,Hyundai Ioniq 5 N,https://www.automobile.tn/fr/neuf/hyundai/ioniq-5-n/84-kwh-4wd,,Disponible,SUV,5 ans ou 100000 km | Batterie garantie 8 ans ou 160.000 KM,5,5,,Electrique,12 CV,650 CH,770 nm 0 tr/min,,Automatique,,Intégrale,4715 mm,1940 mm,1605 mm,527 L,3.4 s,260 KM/H,,,,Oui,Frontaux | Latéraux | Rideaux | Centraux,Oui,ESP,Oui,EBD | Système anti-collision avec détection des piétons | Freinage multi-collision,Oui,Oui,Radar de recul | Radar avant | Système de caméras 360 | Détection du trafic en marche arrière,Électrique,Intelligent,Adaptatif (ACC),,,Feux de jour | Avant | Arrières | Pixel LED,En aluminium | 21'' | Bi-ton,,Pixel LED | Bi-LED,Haut-parleurs Bose | Commandes au volant | Subwoofer | Radio numérique DAB,USB | Android Auto | Apple Carplay | AUX | Bluetooth | Commande vocale | Chargeur de téléphone sans fil,Tactile | 12.3 pouces,Avant conducteur,3,,,Cuir/Tissu,Électriques | Chauffants | Fonction mémoire | Baquets,Conducteur et passager,Oui,Parebrise athermique | Lunette et vitres arrières sur-teintées | Acoustiques,Chauffant | Multi-fonctions | Avec palettes | N-Line,En hauteur et en profondeur,Démarrage mains libres,Automatique | Bizone | Ventilation arrière,À distance,Oui,,Anti-éblouissement  | Avec caméra arrière,Électriques | Rabattables | Dégivrants | Avec clignotants intégrés,Avant/Arrière,2026-02-08 17:41:00.062985,LKA | LFA,,,,,Accès mains libres,1587 L,Périmétrique,Oui,,Oui,DAW,,,,LED,,Oui,Éléctrique,12.3 pouces,,N-Line,,,,Aluminium,Ouverture et fermeture motorisées | Ouverture mains libres,,0 g/km,,2 prises 12 V | Chargeur inversé (V2L),Normal | Sport | Eco | Neige,Oui,2,,84 kWh,589 km,21.2 kWh/100 km,6.8 heures,18 minutes,,,,,,,24 L,,,,eLSD,,,,,,AHBA,,,BCA,,Oui,,,,,,TSR | Avec régulation de la vitesse,,,,Niveau 2,,,,Oui,,Escamotables,,,,,,,,,,,,,,,,,,,,,,
Hyundai,Hyundai Ioniq 6,https://www.automobile.tn/fr/neuf/hyundai/ioniq-6,77 kWh 2WD Large Range,https://www.automobile.tn/fr/neuf/hyundai/ioniq-6/77-kwh-2wd,199 950 DT,Disponible,Berline,5 ans ou 100000 km | Batterie garantie 8 ans ou 160.000 KM,5,5,,Electrique,4 CV,227 CH,350 nm 0 tr/min,,Automatique,,Propulsion,4855 mm,1880 mm,1495 mm,401 L,7.4 s,185 KM/H,,,,Oui,Frontaux | Latéraux | Rideaux | Centraux,Oui,ESP,Oui,EBD | Système anti-collision avec détection des piétons | Freinage multi-collision | FCA,Oui,Oui,Radar de recul | Radar avant | Système de caméras 360 | Détection du trafic en marche arrière | Stationnement intelligent à distance,Électrique,Intelligent,Adaptatif (ACC),,,Feux de jour | Avant | Arrières | Pixel LED,En aluminium | 20'',,Pixel LED | Bi-LED,Haut-parleurs Bose | Commandes au volant,USB | Android Auto | Apple Carplay | AUX | Bluetooth | Commande vocale | Chargeur de téléphone sans fil,Tactile | 12.3 pouces,Avant,3,,,Cuir,Électriques | Chauffants | Ventilés | Fonction mémoire,Conducteur et passager,Oui,Parebrise athermique,Multi-fonctions | Avec palettes,En hauteur et en profondeur,Démarrage mains libres,Automatique | Bizone,À distance,Oui,,Anti-éblouissement,Virtuels,Avant/Arrière,2026-02-08 17:41:02.945928,LKA | LFA,,,Cartographie Tunisienne,Panoramique | En verre,Accès mains libres,,Périmétrique,Oui,,HAC,DAW,,,Oui,LED,,Oui,Éléctrique,12.3 pouces,,,,,,Aluminium,Ouverture et fermeture motorisées,,0 g/km,,2 prises 12 V,Normal | Sport | Eco | Neige,Oui,1,,77.4 kWh,614 km,14.3 kWh/100 km,7.2 heures,18 minutes,,,,,,,45 L,,,,,,,,,,HBA,,,BCA,,Oui,,,,,,Avec régulation de la vitesse,,,,Niveau 2,,,,Oui,,Escamotables,,,,,,,,,,,,,,,,,,,,,,
Hyundai,Hyundai Ioniq 6,https://www.automobile.tn/fr/neuf/hyundai/ioniq-6,77 kWh 4WD Large Range,https://www.automobile.tn/fr/neuf/hyundai/ioniq-6/77-kwh-4wd,209 950 DT,Disponible,Berline,5 ans ou 100000 km | Batterie garantie 8 ans ou 160.000 KM,5,5,,Electrique,6 CV,325 CH,605 nm 0 tr/min,,Automatique,,Intégrale,4855 mm,1880 mm,1495 mm,401 L,5.1 s,185 KM/H,,,,Oui,Frontaux | Latéraux | Rideaux | Centraux,Oui,ESP,Oui,EBD | Système anti-collision avec détection des piétons | Freinage multi-collision | FCA,Oui,Oui,Radar de recul | Radar avant | Système de caméras 360 | Détection du trafic en marche arrière | Stationnement intelligent à distance,Électrique,Intelligent,Adaptatif (ACC),,,Feux de jour | Avant | Arrières | Pixel LED,En aluminium | 20'',,Pixel LED | Bi-LED,Haut-parleurs Bose | Commandes au volant,USB | Android Auto | Apple Carplay | AUX | Bluetooth | Commande vocale | Chargeur de téléphone sans fil,Tactile | 12.3 pouces,Avant,3,,,Cuir,Électriques | Chauffants | Ventilés | Fonction mémoire,Conducteur et passager,Oui,Parebrise athermique,Multi-fonctions | Avec palettes,En hauteur et en profondeur,Démarrage mains libres,Automatique | Bizone,À distance,Oui,,Anti-éblouissement,Virtuels,Avant/Arrière,2026-02-08 17:41:04.996624,LKA | LFA,,,Cartographie Tunisienne,Panoramique | En verre,Accès mains libres,,Périmétrique,Oui,,HAC,DAW,,,Oui,LED,,Oui,Éléctrique,12.3 pouces,,,,,,Aluminium,Ouverture et fermeture motorisées,,0 g/km,,2 prises 12 V,Normal | Sport | Eco | Neige,Oui,2,,77.4 kWh,583 km,15.1 kWh/100 km,7.2 heures,18 minutes,,,,,,,45 L,,,,,,,,,,HBA,,,BCA,,Oui,,,,,,Avec régulation de la vitesse,,,,Niveau 2,,,,Oui,,Escamotables,,,,,,,,,,,,,,,,,,,,,,
Hyundai,Hyundai Palisade Calligraphy,https://www.automobile.tn/fr/neuf/hyundai/palisade-calligraphy,2.2 L TCi 4x4 BVA,https://www.automobile.tn/fr/neuf/hyundai/palisade-calligraphy/2.2-l-tci-bva-4x4,350 000 DT,Sur arrivage,SUV,5 ans,7,5,4,Diesel,12 CV,193 CH,441 nm 1750 tr/min,2199 CM³,Automatique,8,Intégrale,4980 mm,1975 mm,1750 mm,509 L,10.5 s,190 KM/H,9.6 L/100 km,6.3 L/100 km,7.5 L/100 km,Oui,Frontaux | Latéraux | Rideaux,,ESP,Oui,FCA,,,Radar de recul | Caméra de recul,Oui,,Adaptatif (ACC),Oui,,Avant | Arrières,En aluminium | 20'',,LED,Commandes au volant,USB | Bluetooth | Chargeur de téléphone sans fil,Tactile | 10.25 pouces,,,,,Cuir,Conducteur à réglage électrique | 6 directions | Chauffants | Ventilés | Réglage lombaire,Conducteur et passager,Oui,,Multi-fonctions | Avec palettes,En hauteur et en profondeur,Démarrage mains libres,Automatique | 3 zones,À distance,Oui,,Anti-éblouissement,Électriques | Rabattables | Dégivrants,Avant/Arrière,2026-02-08 17:41:08.081503,LFA,Oui,,GPS,Ouvrant | Panoramique,Accès mains libres,,Oui,Oui,,Oui,,Chrome,,,,,Oui,Éléctrique,,,,,,,,,,,,,,,,,,,,,,,,,,,,,Oui,,,,,,,,,,,,BCA,,,,,,,,,,,,,,,,,,,,,,,,,,,,,,,,,,,,,,,,
Hyundai,Hyundai Palisade Calligraphy,https://www.automobile.tn/fr/neuf/hyundai/palisade-calligraphy,3.5 L GDI 4x4 BVA,https://www.automobile.tn/fr/neuf/hyundai/palisade-calligraphy/3.5-l-gdi-bva-4x4,350 100 DT,Sur arrivage,SUV,5 ans,8,5,6,Essence,19 CV,277 CH,335 nm 5000 tr/min,3470 CM³,Automatique,8,Intégrale,4980 mm,1975 mm,1750 mm,509 L,8.2 s,210 KM/H,14.2 L/100 km,7.3 L/100 km,9.9 L/100 km,Oui,Frontaux | Latéraux | Rideaux,,ESP,Oui,FCA,,,Radar de recul | Caméra de recul,Oui,,Adaptatif (ACC),Oui,,Avant | Arrières,En aluminium | 20'',,LED,Commandes au volant,USB | Bluetooth | Chargeur de téléphone sans fil,Tactile | 10.25 pouces,,,,,Cuir,Conducteur à réglage électrique | 6 directions | Chauffants | Ventilés | Réglage lombaire,Conducteur et passager,Oui,,Multi-fonctions | Avec palettes,En hauteur et en profondeur,Démarrage mains libres,Automatique | 3 zones,À distance,Oui,,Anti-éblouissement,Électriques | Rabattables | Dégivrants,Avant/Arrière,2026-02-08 17:41:10.024349,LFA,Oui,,GPS,Ouvrant | Panoramique,Accès mains libres,,Oui,Oui,,Oui,,Chrome,,,,,Oui,Éléctrique,,,,,,,,,,,,,,,,,,,,,,,,,,,,,Oui,,,,,,,,,,,,BCA,,,,,,,,,,,,,,,,,,,,,,,,,,,,,,,,,,,,,,,,
Hyundai,Hyundai Staria 11 places,https://www.automobile.tn/fr/neuf/hyundai/staria/2.2-crdi,Hyundai Staria 11 places,https://www.automobile.tn/fr/neuf/hyundai/staria/2.2-crdi,,Disponible,Monospace,5 ans ou 100000 km,11,5,4,Diesel,8 CV,177 CH,430 nm 1500 tr/min,2199 CM³,Manuelle,6,Traction,5253 mm,1997 mm,1990 mm,,12.4 s,185 KM/H,,,8.7 L/100 km,Oui,Frontaux | Latéraux,,,,,,,Radar de recul,Oui,,,,,,,,,Oui,2 USB | Bluetooth,,,,,,Tissu,,,,,Multi-fonctions,En hauteur et en profondeur,,Manuelle,À distance,Oui,,,Électriques | Rabattables,Avant,2026-02-08 17:41:12.872105,,,,,,,,Oui,Oui,,,,,,,,,,,Oui,,,,,,,,,,,1 prise 12 V,Normal | Sport | Eco,,,,,,,,,,,,,,,,,,,,,,,,,,,,,,,,,,,,,,,,,,,,,,,,,,,,,,,,,,,,,,,,,,,,
Hyundai,Hyundai Staria 9 places,https://www.automobile.tn/fr/neuf/hyundai/staria-9-places,2.2 CRDI,https://www.automobile.tn/fr/neuf/hyundai/staria-9-places/2.2-crdi-9-places,199 950 DT,Disponible,Monospace,5 ans ou 100000 km,9,5,4,Diesel,11 CV,177 CH,430 nm 1500 tr/min,2199 CM³,Manuelle,6,Traction,5253 mm,1997 mm,1990 mm,,12.4 s,185 KM/H,,,8.7 L/100 km,Oui,Frontaux | Latéraux,,,,,,,,Oui,,,,,,,,,Oui,2 USB | Bluetooth,,,,,,Tissu,,,,,Multi-fonctions,En hauteur et en profondeur,,Manuelle,À distance,Oui,,,Électriques | Rabattables,Avant,2026-02-08 17:41:15.793552,,,,,,,,Oui,Oui,,,,,,,,,,,Oui,,,,,,,,,,,,Normal | Sport | Eco,,,,,,,,,,,,,,,,,,,,,,,,,,,,,,,,,,,,,,,,,,,,,,,,,,,,,,,,,,,,,,,,,,,,
Hyundai,Hyundai Staria 9 places,https://www.automobile.tn/fr/neuf/hyundai/staria-9-places,2.2 CRDI 4WD BVA,https://www.automobile.tn/fr/neuf/hyundai/staria-9-places/2.2-crdi-bva-4wd,210 100 DT,Disponible,Monospace,5 ans ou 100000 km,9,5,4,Diesel,11 CV,177 CH,430 nm 1500 tr/min,2199 CM³,Automatique,8,Intégrale,5253 mm,1997 mm,1990 mm,,12.4 s,185 KM/H,,,8.7 L/100 km,Oui,Frontaux,,,,,,,,Oui,,,,,,,,,Oui,USB | AUX | Bluetooth,,,,,,Tissu,,,,,Multi-fonctions,En hauteur et en profondeur,,Manuelle,À distance,Oui,,,Électriques | Rabattables,Avant,2026-02-08 17:41:17.657689,,,,,,,,Oui,Oui,,,,,,,,,,,Oui,,,,,,,,,,,,Normal | Sport | Eco,,,,,,,,,,,,,,,,,,,,,,,,,,,,,,,,,,,,,,,,,,,,,,,,,,,,,,,,,,,,,,,,,,,,
Hyundai,Hyundai Staria 9 places,https://www.automobile.tn/fr/neuf/hyundai/staria-9-places,2.2 CRDI 4WD Luxe BVA,https://www.automobile.tn/fr/neuf/hyundai/staria-9-places/2.2-crdi-bva-4wd-luxe,280 000 DT,Disponible,Monospace,5 ans ou 100000 km,9,5,4,Diesel,11 CV,177 CH,430 nm 1500 tr/min,2199 CM³,Automatique,8,Intégrale,5253 mm,1997 mm,1990 mm,,12.4 s,185 KM/H,,,8.7 L/100 km,Oui,Frontaux | Latéraux | Rideaux,,ESP,,,,,,Oui,,Oui,,,,En aluminium | 18'',,,Haut-parleurs Bose,USB | AUX | Bluetooth | Chargeur de téléphone sans fil,Tactile | 8 pouces,,,,,Cuir | Nappa,,,,,Cuir | Multi-fonctions,En hauteur et en profondeur,Démarrage mains libres,Automatique,À distance,Oui,,,Électriques | Rabattables,Avant,2026-02-08 17:41:19.553475,,DBC,,,,Accès mains libres,,Oui,Oui,,,,,,,,,,,10.25 pouces | Virtual Cockpit,,,,,,,,,,,,Normal | Sport | Eco,,,,,,,,,,,,,,,,,,,Électronique,,,,,,,,,Oui,,,,,,,,,,,,,,,,,,,,,,,,,,,,,,,,,,,,,,,,
Im-Motors,IM Motors IM5,https://www.automobile.tn/fr/neuf/im-motors/im5,Standard 75 kwh RWD,https://www.automobile.tn/fr/neuf/im-motors/im5/standard-75-kwh-rwd,136 900 DT,Disponible,Berline,5 ans ou 150000 km | Batterie garantie 8 ans,5,5,,Electrique,11 CV,295 CH,450 nm 0 tr/min,,Automatique,2,Propulsion,4931 mm,1960 mm,1474 mm,457 L,5.6 s,200 KM/H,,,,Oui,Frontaux | Latéraux | Rideaux | Genoux,,ASR | PSM,Oui,Active City Brake | Système anti-collision avec détection des piétons |  Freinage automatique anti-collision (AEB),TPMS,Oui,Radar de recul | Radar avant | Parkassist | Caméra panoramique 3D | Stationnement intelligent à distance,Oui,,Adaptatif (ACC),,Pare-chocs | Poignées de portes | Rétroviseurs,Feux de jour | Avant | Arrières,En aluminium | 19'' | Noires,,Matrix LED,Commandes au volant | 20 haut-parleurs,2 USB-C | Android Auto | Apple Carplay | Bluetooth | Commande vocale | Wifi | Chargeur de téléphone sans fil,Tactile | 10.5 pouces,Avant | Arrière,,,,Cuir végétal,Électriques | 12 directions | Chauffants | Ventilés | Réglage lombaire | Fonction mémoire,Conducteur et passager,Oui,Double vitrage à l’avant,Cuir | Chauffant | Multi-fonctions,En hauteur et en profondeur,,Automatique | Bizone,À distance,Oui,,Anti-éblouissement,Électriques | Rabattables | Dégivrants | Photosensibles | Éclairage d'accueil à LED,Avant/Arrière,2026-02-08 17:41:23.675698,LCA,,,,Panoramique | Electrochrome,,1290 L,Oui,Oui,,Oui,Oui,Noir Brillant,Oui,,256 Couleurs,,Oui,Éléctrique,26.3 pouces,,Design Sport,Métallisée,,,Aluminium,,,,,2 prises 12 V,Confort | Sport | Eco | Neige | Personal,,1,,75 kWh,490 km,17.5 kWh/100 km,8.5 heures,25 minutes,,,,,,,18 L,,,,,,,,,FCW,,,,,,,,,,,,,,,,,,11 kwh,,,,,,,,,,,,,,,,,,,,,,,,,,
Im-Motors,IM Motors IM5,https://www.automobile.tn/fr/neuf/im-motors/im5,Autonomie 100 kwh RWD,https://www.automobile.tn/fr/neuf/im-motors/im5/autonomie-100-kwh-rwd,162 900 DT,Disponible,Berline,5 ans ou 150000 km | Batterie garantie 8 ans,5,5,,Electrique,12 CV,408 CH,500 nm 0 tr/min,,Automatique,2,Propulsion,4931 mm,1960 mm,1474 mm,457 L,4.6 s,220 KM/H,,,,Oui,Frontaux | Latéraux | Rideaux | Genoux,,ASR | PSM,Oui,Active City Brake | Système anti-collision avec détection des piétons |  Freinage automatique anti-collision (AEB),TPMS,Oui,Radar de recul | Radar avant | Parkassist | Caméra panoramique 3D | Stationnement intelligent à distance,Oui,,Adaptatif (ACC),,Pare-chocs | Poignées de portes | Rétroviseurs,Feux de jour | Avant | Arrières,En aluminium | 19'' | Noires,,Matrix LED,Commandes au volant | 20 haut-parleurs,2 USB-C | Android Auto | Apple Carplay | Bluetooth | Commande vocale | Wifi | Chargeur de téléphone sans fil,Tactile | 10.5 pouces,Avant | Arrière,,,,Cuir végétal,Électriques | 12 directions | Chauffants | Ventilés | Réglage lombaire | Fonction mémoire,Conducteur et passager,Oui,Double vitrage à l’avant,Cuir | Chauffant | Multi-fonctions,En hauteur et en profondeur,,Automatique | Bizone,À distance,Oui,,Anti-éblouissement,Électriques | Rabattables | Dégivrants | Photosensibles | Éclairage d'accueil à LED,Avant/Arrière,2026-02-08 17:41:25.681754,LCA,,,,Panoramique | Electrochrome,,1290 L,Oui,Oui,,Oui,Oui,Noir Brillant,Oui,,256 Couleurs,,Oui,Éléctrique,26.3 pouces,,Design Sport,Métallisée,,,Aluminium,,,,,2 prises 12 V,Confort | Sport | Eco | Neige | Personal,,1,,100 kWh,655 km,17.3 kWh/100 km,11.5 heures,17 minutes,,,,,,,18 L,,,,,,,,,FCW,,,,,,,,,,,,,,,,,,11 kwh,,,,,,,,,,,,,,,,,,,,,,,,,,
Im-Motors,IM Motors IM5,https://www.automobile.tn/fr/neuf/im-motors/im5,Performance 100 kwh AWD,https://www.automobile.tn/fr/neuf/im-motors/im5/performance-100-kwh-awd,182 900 DT,Disponible,Berline,5 ans ou 150000 km | Batterie garantie 8 ans,5,5,,Electrique,26 CV,778 CH,802 nm 0 tr/min,,Automatique,2,Intégrale,4931 mm,1960 mm,1474 mm,457 L,2.7 s,268 KM/H,,,,Oui,Frontaux | Latéraux | Rideaux | Genoux,,ASR | PSM,Oui,Active City Brake | Système anti-collision avec détection des piétons |  Freinage automatique anti-collision (AEB),TPMS,Oui,Radar de recul | Radar avant | Parkassist | Caméra panoramique 3D | Stationnement intelligent à distance,Oui,,Adaptatif (ACC),,Pare-chocs | Poignées de portes | Rétroviseurs,Feux de jour | Avant | Arrières,En aluminium | 20'' | Noires,,Matrix LED,Commandes au volant | 20 haut-parleurs,2 USB-C | Android Auto | Apple Carplay | Bluetooth | Commande vocale | Wifi | Chargeur de téléphone sans fil,Tactile | 10.5 pouces,Avant | Arrière,,,,Cuir végétal,Électriques | 12 directions | Chauffants | Ventilés | Réglage lombaire | Fonction mémoire,Conducteur et passager,Oui,Double vitrage à l’avant,Cuir | Chauffant | Multi-fonctions,En hauteur et en profondeur,,Automatique | Bizone,À distance,Oui,,Anti-éblouissement,Électriques | Rabattables | Dégivrants | Photosensibles | Éclairage d'accueil à LED,Avant/Arrière,2026-02-08 17:41:27.786350,LCA,,,,Panoramique | Electrochrome,,1290 L,Oui,Oui,,Oui,Oui,Noir Brillant,Oui,,256 Couleurs,,Oui,Éléctrique,26.3 pouces,,Design Sport,Métallisée,,,Aluminium,,,,,2 prises 12 V,Confort | Sport | Eco | Neige | Personal,,2,,100 kWh,575 km,19.7 kWh/100 km,11.5 heures,17 minutes,,,,,,,18 L,,,,,,,,,FCW,,,,,,,,,,,,,,,,,,11 kwh,,,,,,,,,,,,,,,,,,,,,,,,,,
Im-Motors,IM Motors IM6,https://www.automobile.tn/fr/neuf/im-motors/im6,Standard 75 kwh RWD,https://www.automobile.tn/fr/neuf/im-motors/im6/standard-75-kwh-rwd,147 900 DT,Disponible,SUV,5 ans ou 150000 km | Batterie garantie 8 ans,5,5,,Electrique,11 CV,295 CH,450 nm 0 tr/min,,Automatique,2,Propulsion,4904 mm,1988 mm,1669 mm,665 L,6.4 s,210 KM/H,,,,Oui,Frontaux | Latéraux | Rideaux | Genoux,,ASR | PSM,Oui,Active City Brake | Système anti-collision avec détection des piétons |  Freinage automatique anti-collision (AEB),TPMS,Oui,Radar de recul | Radar avant | Parkassist | Caméra panoramique 3D | Stationnement intelligent à distance,Oui,,Adaptatif (ACC),,Pare-chocs | Poignées de portes | Rétroviseurs,Feux de jour | Avant | Arrières,En aluminium | 19'' | Noires,,Matrix LED,Commandes au volant | 20 haut-parleurs,2 USB-C | Android Auto | Apple Carplay | Bluetooth | Commande vocale | Wifi | Chargeur de téléphone sans fil,Tactile | 10.5 pouces,Avant | Arrière,,,,Cuir végétal,Électriques | 12 directions | Chauffants | Ventilés | Réglage lombaire | Fonction mémoire,Conducteur et passager,Oui,Double vitrage à l’avant,Cuir | Chauffant | Multi-fonctions,En hauteur et en profondeur,,Automatique | Bizone,À distance,Oui,,Anti-éblouissement,Électriques | Rabattables | Dégivrants | Photosensibles | Éclairage d'accueil à LED,Avant/Arrière,2026-02-08 17:41:30.793554,LCA,,,,Panoramique | Electrochrome,,1640 L,Oui,Oui,,Oui,Oui,Noir Brillant,Oui,,256 Couleurs,,Oui,Éléctrique,26.3 pouces,,Design Sport,Métallisée,,,Aluminium,,,,,2 prises 12 V,Confort | Sport | Eco | Neige | Personal,,1,,75 kWh,450 km,19.1 kWh/100 km,8.5 heures,20 minutes,,,,,,,32 L,,,,,,,,,FCW,,,,,,,,,,,,,,,,,,11 kwh,,,,,,,,,,,,,,,,,,,,,,,,,,
Im-Motors,IM Motors IM6,https://www.automobile.tn/fr/neuf/im-motors/im6,Autonomie 100 kwh RWD,https://www.automobile.tn/fr/neuf/im-motors/im6/autonomie-100-kwh-rwd,167 900 DT,Disponible,SUV,5 ans ou 150000 km | Batterie garantie 8 ans,5,5,,Electrique,12 CV,408 CH,500 nm 0 tr/min,,Automatique,2,Propulsion,4904 mm,1988 mm,1669 mm,665 L,5.4 s,235 KM/H,,,,Oui,Frontaux | Latéraux | Rideaux | Genoux,,ASR | PSM,Oui,Active City Brake | Système anti-collision avec détection des piétons |  Freinage automatique anti-collision (AEB),TPMS,Oui,Radar de recul | Radar avant | Parkassist | Caméra panoramique 3D | Stationnement intelligent à distance,Oui,,Adaptatif (ACC),,Pare-chocs | Poignées de portes | Rétroviseurs,Feux de jour | Avant | Arrières,En aluminium | 19'' | Noires,,Matrix LED,Commandes au volant | 20 haut-parleurs,2 USB-C | Android Auto | Apple Carplay | Bluetooth | Commande vocale | Wifi | Chargeur de téléphone sans fil,Tactile | 10.5 pouces,Avant | Arrière,,,,Cuir végétal,Électriques | 12 directions | Chauffants | Ventilés | Réglage lombaire | Fonction mémoire,Conducteur et passager,Oui,Double vitrage à l’avant,Cuir | Chauffant | Multi-fonctions,En hauteur et en profondeur,,Automatique | Bizone,À distance,Oui,,Anti-éblouissement,Électriques | Rabattables | Dégivrants | Photosensibles | Éclairage d'accueil à LED,Avant/Arrière,2026-02-08 17:41:33.190600,LCA,,,,Panoramique | Electrochrome,,1640 L,Oui,Oui,,Oui,Oui,Noir Brillant,Oui,,256 Couleurs,,Oui,Éléctrique,26.3 pouces,,Design Sport,Métallisée,,,Aluminium,,,,,2 prises 12 V,Confort | Sport | Eco | Neige | Personal,,1,,100 kWh,555 km,20.7 kWh/100 km,11.5 heures,17 minutes,,,,,,,32 L,,,,,,,,,FCW,,,,,,,,,,,,,,,,,,11 kwh,,,,,,,,,,,,,,,,,,,,,,,,,,
Im-Motors,IM Motors IM6,https://www.automobile.tn/fr/neuf/im-motors/im6,Performance 100 kwh AWD,https://www.automobile.tn/fr/neuf/im-motors/im6/performance-100-kwh-awd,187 900 DT,Disponible,SUV,5 ans ou 150000 km | Batterie garantie 8 ans,5,5,,Electrique,26 CV,778 CH,802 nm 0 tr/min,,Automatique,2,Intégrale,4904 mm,1988 mm,1669 mm,665 L,3.4 s,240 KM/H,,,,Oui,Frontaux | Latéraux | Rideaux | Genoux,,ASR | PSM,Oui,Active City Brake | Système anti-collision avec détection des piétons |  Freinage automatique anti-collision (AEB),TPMS,Oui,Radar de recul | Radar avant | Parkassist | Caméra panoramique 3D | Stationnement intelligent à distance,Oui,,Adaptatif (ACC),,Pare-chocs | Poignées de portes | Rétroviseurs,Feux de jour | Avant | Arrières,En aluminium | 19'' | Noires,,Matrix LED,Commandes au volant | 20 haut-parleurs,2 USB-C | Android Auto | Apple Carplay | Bluetooth | Commande vocale | Wifi | Chargeur de téléphone sans fil,Tactile | 10.5 pouces,Avant | Arrière,,,,Cuir végétal,Électriques | 12 directions | Chauffants | Ventilés | Réglage lombaire | Fonction mémoire,Conducteur et passager,Oui,Double vitrage à l’avant,Cuir | Chauffant | Multi-fonctions,En hauteur et en profondeur,,Automatique | Bizone,À distance,Oui,,Anti-éblouissement,Électriques | Rabattables | Dégivrants | Photosensibles | Éclairage d'accueil à LED,Avant/Arrière,2026-02-08 17:41:35.169497,LCA,,,,Panoramique | Electrochrome,,1640 L,Oui,Oui,,Oui,Oui,Noir Brillant,Oui,,256 Couleurs,,Oui,Éléctrique,26.3 pouces,,Design Sport,Métallisée,,,Aluminium,,,,,2 prises 12 V,Confort | Sport | Eco | Neige | Personal,,2,,100 kWh,505 km,23.4 kWh/100 km,11.5 heures,17 minutes,,,,,,,32 L,,,,,,,,,FCW,,,,,,,,,,,,,,,,,,11 kwh,,,,,,,,,,,,,,,,,,,,,,,,,,
Jac,JAC T8 Pro Double Cabine,https://www.automobile.tn/fr/neuf/jac/t8-dc/2.0-l-cti-diesel-4x4,JAC T8 Pro Double Cabine,https://www.automobile.tn/fr/neuf/jac/t8-dc/2.0-l-cti-diesel-4x4,,Disponible,Pick up,3 ans ou 100.000 km,5,4,4,Diesel,7 CV,137 CH,320 nm 1600 tr/min,1999 CM³,Manuelle,6,Intégrale,5325 mm,1880 mm,1830 mm,,13.7 s,160 KM/H,,,7.9 L/100 km,Oui,Frontaux,,ESC | TCS,Oui,EBD | HBA | VDC,Oui,Oui,Radar de recul | Radar avant | Système de caméras 360,Oui,,Oui,Oui,Pare-chocs | Rétroviseurs,Feux de jour,En aluminium | 18'',,LED,6 haut-parleurs,2 USB | Android Auto | Apple Carplay | Bluetooth,Tactile | 10.4 pouces,Avant | Arrière,3,,Cuir,Similicuir,,Conducteur,Oui,Lunette et vitres arrières sur-teintées,Cuir | Multi-fonctions,En hauteur,Démarrage mains libres,Automatique,À distance,Oui,,,Électriques | Rabattables | Dégivrants | Avec clignotants intégrés,Avant/Arrière,2026-02-08 17:41:39.460098,,,,,Ouvrant,Accès mains libres,,Oui,Oui,,HHC,,,,,,,,Éléctrique,7 pouces,,,Métallisée,,Oui,,,Chromée | Noire mat,,,1 prise 12 V,,,,,,,,,,,Similicuir,,,,,,,,,,,920 KG,,,,,,,,,,,,,,,,,,,,,,,Oui,Oui,Chromées,,,RMI,,,,Oui,,,,,,,,,,,,,,,
Jaguar,Jaguar E-Pace,https://www.automobile.tn/fr/neuf/jaguar/e-pace/2.0-d-163-2025-r-dynamic-s,Jaguar E-Pace,https://www.automobile.tn/fr/neuf/jaguar/e-pace/2.0-d-163-2025-r-dynamic-s,,Disponible,SUV,5 ans ou 150000 km,5,5,4,Diesel,9 CV,163 CH,380 nm 1250 tr/min,1998 CM³,Automatique,8,Intégrale,4395 mm,1984 mm,1648 mm,577 L,10 s,206 KM/H,6.1 L/100 km,4.7 L/100 km,5.2 L/100 km,Oui,Frontaux | Latéraux | Rideaux,,Oui,Oui,Freinage automatique anti-collision (AEB),TPMS,,Radar de recul | Radar avant | Caméra de recul,Oui,Oui,Adaptatif (ACC),,Oui,Feux de jour | Avant | Arrières | Clignotants à défilement,En aluminium | 20'',,Full LED | Signature LED,6 haut-parleurs,Android Auto | Apple Carplay | Bluetooth | Chargeur de téléphone sans fil | Pivi Pro,10.1 pouces,Avant | Arrière,,,,Cuir,Électriques | 12 directions | Fonction mémoire | Sport,Conducteur et passager,Oui,Lunette et vitres arrières sur-teintées,Cuir | Multi-fonctions | Avec palettes,En hauteur et en profondeur,Démarrage mains libres,Automatique | Bizone,À distance,Oui,,Anti-éblouissement,Électriques | Rabattables | Dégivrants | Photosensibles | Éclairage d'accueil à LED,Avant/Arrière,2026-02-08 17:41:43.671961,Oui,,,,Panoramique,Accès mains libres,,Périmétrique,Oui,,,Oui,Noir Brillant,,,LED,Acier inoxydable,Oui,Éléctrique,Oui,,,Métallisée,Morzine,,Métal,Ouverture et fermeture motorisées | Seuil de chargement en métal,,139 g/km,,,,,,,,,,,,,,,,,,,,,Étriers rouges,,,,,,,,,,,,,,,,,,,,,,,,,,,,,,,,,,,,,,,,,,,,,,,,,,
Jaguar,Jaguar F-Pace,https://www.automobile.tn/fr/neuf/jaguar/f-pace/2.0-t-250-2025-r-dynamic-s,Jaguar F-Pace,https://www.automobile.tn/fr/neuf/jaguar/f-pace/2.0-t-250-2025-r-dynamic-s,,Disponible,SUV,5 ans ou 150000 km,5,5,4,Essence,15 CV,250 CH,365 nm 1200 tr/min,1997 CM³,Automatique,8,Intégrale,4730 mm,1940 mm,1670 mm,650 L,6.8 s,217 KM/H,9.1 L/100 km,6.6 L/100 km,7.4 L/100 km,Oui,Frontaux | Latéraux | Rideaux,,Oui,Oui,Freinage automatique anti-collision (AEB),Oui,,Radar de recul | Radar avant | Caméra de recul,Oui,Oui,Adaptatif (ACC),,Oui,Feux de jour | Avant | Arrières | Clignotants à défilement,En aluminium | 20'',,Full LED | Signature LED,6 haut-parleurs,USB | Android Auto | Apple Carplay | Bluetooth | Chargeur de téléphone sans fil | Pivi Pro,11.4 pouces,Avant | Arrière,,Engine Spin Aluminium,,Cuir perforé,Électriques | 12 directions | Fonction mémoire | Sport,Conducteur et passager,Oui,Lunette et vitres arrières sur-teintées,Cuir | Multi-fonctions | Avec palettes,En hauteur et en profondeur,Démarrage mains libres,Automatique | 4 zones | Purificateur d'air,À distance,Oui,,Anti-éblouissement,Électriques | Rabattables | Dégivrants | Photosensibles | Mémoire de position | Éclairage d'accueil à LED,Avant/Arrière,2026-02-08 17:41:46.508236,Oui,,,,Ouvrant | Panoramique,Accès mains libres,,,Oui,,,Oui,Noir Mat,,,LED,Métal,Oui,Éléctrique,Oui,,,Métallisée,Morzine,,,Ouverture et fermeture motorisées,Chromée | Noire,,,,,,,,,,,,,,Cuir,,,,,,,,Étriers rouges,Oui,,,,,,AHBA,,,,,,,,,,,,,,,,,,,,,,,,,,,Oui,,,,,,,,,,,,,,,,
Jeep,Jeep Renegade,https://www.automobile.tn/fr/neuf/jeep/renegade/1.4-turbo-limited-bva-4x2,Jeep Renegade,https://www.automobile.tn/fr/neuf/jeep/renegade/1.4-turbo-limited-bva-4x2,,Indisponible,SUV,3 ans ou 100.000 km,5,5,4,Essence,8 CV,140 CH,230 nm 1750 tr/min,1368 CM³,Automatique,6,Traction,4255 mm,1805 mm,1697 mm,351 L,10.9 s,181 KM/H,7.6 L/100 km,5.1 L/100 km,6 L/100 km,Oui,Frontaux | Latéraux | Rideaux,Oui,ESP,Oui,,Oui,Oui,Caméra de recul,Oui,,Oui,Oui,,,En aluminium | 17'',,,6 haut-parleurs | Commandes au volant | Uconnect,USB | Android Auto | Apple Carplay | AUX | Bluetooth | Commande vocale,Tactile | 7 pouces,Avant,3,,,Tissu,,Conducteur,Oui,Lunette et vitres arrières sur-teintées,Cuir | Multi-fonctions,En hauteur et en profondeur,Démarrage mains libres,Automatique | Bizone,À distance,Ecran TFT 7'',Oui,,Électriques | Chromés,Avant/Arrière,2026-02-08 17:41:50.764886,,,,,Ouvrant | Panoramique | +6000 DT,,,,Oui,,Oui,,,,,,,Oui,Éléctrique,,,,,,,,,Chromée,,Oui,,,,,,,,,,,,,,,,,,Oui,,,,,,,,,,,,,,,,,,,,,,,,,,,,,,,,,,,,,,,,,,,,,,,,,,,,
Jeep,Jeep Wrangler,https://www.automobile.tn/fr/neuf/jeep/wrangler-2021/2.0-l-rubicon,Jeep Wrangler,https://www.automobile.tn/fr/neuf/jeep/wrangler-2021/2.0-l-rubicon,,Sur commande,SUV,3 ans ou 100.000 km,5,3,4,Essence,18 CV,272 CH,400 nm 3000 tr/min,2000 CM³,Automatique,8,Intégrale,4334 mm,1894 mm,1839 mm,203 L,7.5 s,177 KM/H,,,9 L/100 km,Oui,Frontaux | Latéraux,,ESP,Oui,,Oui,Oui,Radar de recul | Radar avant | Caméra de recul,Électrique,,Oui,Oui,Elargisseurs d'ailes,Feux de jour,En aluminium | 17'',,Full LED,6 haut-parleurs | Uconnect,USB | Android Auto | Apple Carplay | AUX | Bluetooth | Commande vocale,Tactile | 8.4 pouces,Avant | Arrière,3,,Cuir,Cuir,,Conducteur et passager,Oui,Lunette et vitres arrières sur-teintées,Cuir | Multi-fonctions,En hauteur,Démarrage mains libres,Automatique,À distance,Oui,Oui,,Électriques,Avant,2026-02-08 17:41:53.858074,,Oui,,,,,,,Oui,,,,,,,,,,,,,,,,Oui,,,,,,1 prise 12 V,,,,,,,,,,,,,,,,,,,,Avant et arrière Tru-Lock,,,,,,,,,,,,,,,,,,,,,,,,,,Oui,,,,,,,,,,,,,,,,,,,,,,,
Jeep,Jeep Wrangler Unlimited,https://www.automobile.tn/fr/neuf/jeep/wrangler-unlimited,2.0 L Rubicon,https://www.automobile.tn/fr/neuf/jeep/wrangler-unlimited/2.0-l-rubicon,375 000 DT,Sur commande,SUV,3 ans ou 100.000 km,5,5,4,Essence,18 CV,272 CH,400 nm 3000 tr/min,2000 CM³,Automatique,8,Intégrale,4882 mm,1894 mm,1839 mm,548 L,7.5 s,177 KM/H,,,9 L/100 km,Oui,Frontaux | Latéraux,,ESP,Oui,,Oui,Oui,Radar de recul | Radar avant | Caméra de recul | Caméra avant,Électrique,,Oui,LED,Elargisseurs d'ailes,Feux de jour,En aluminium | 17'',,Full LED,6 haut-parleurs | Uconnect,USB | Android Auto | Apple Carplay | AUX | Bluetooth | Commande vocale,Tactile | 8.4 pouces,Avant | Arrière,3,,Cuir,Cuir,,Conducteur et passager,Oui,Lunette et vitres arrières sur-teintées,Cuir | Multi-fonctions,En hauteur,Démarrage mains libres,Automatique | Bizone,À distance,Oui,Oui,,Électriques,Avant/Arrière,2026-02-08 17:41:56.731505,,Oui,,GPS | Cartographie Tunisienne,,Accès mains libres,,,Oui,,,,,,,,,,,,,,,,Oui,,,,,,1 prise 12 V,,Rear Cross Traffic Monitor,,,,,,,,,,,,,,,,,,Avant et arrière Tru-Lock,,,,,,,,,Oui,,,,,,,,,,,,,,,,,Oui,,,,,,,,,,,,,,,,,,,,,,,
Jeep,Jeep Wrangler Unlimited,https://www.automobile.tn/fr/neuf/jeep/wrangler-unlimited,3.6 L V6 Rubicon,https://www.automobile.tn/fr/neuf/jeep/wrangler-unlimited/3.6-l-v6-rubicon,405 000 DT,Sur commande,SUV,3 ans ou 100.000 km,5,5,6,Essence,19 CV,284 CH,347 nm 4300 tr/min,3604 CM³,Automatique,8,Intégrale,4882 mm,1894 mm,1828 mm,498 L,9.8 s,181 KM/H,16 L/100 km,9.1 L/100 km,11.6 L/100 km,Oui,Frontaux | Latéraux,,ESP,Oui,,Oui,Oui,Radar de recul | Radar avant | Caméra de recul | Caméra avant,Électrique,,Oui,LED,Elargisseurs d'ailes,Feux de jour,En aluminium | 17'',,Full LED,6 haut-parleurs | Uconnect,USB | Android Auto | Apple Carplay | AUX | Bluetooth | Commande vocale,Tactile | 8.4 pouces,Avant | Arrière,3,,Cuir,Cuir,,Conducteur et passager,Oui,Lunette et vitres arrières sur-teintées,Cuir | Multi-fonctions,En hauteur,Démarrage mains libres,Automatique | Bizone,À distance,Oui,Oui,,Électriques,Avant/Arrière,2026-02-08 17:41:58.656756,,Oui,,GPS | Cartographie Tunisienne,,Accès mains libres,,,Oui,,,,,,,,,,,,,,,,Oui,,,,,,1 prise 12 V,,Rear Cross Traffic Monitor,,,,,,,,,,,,,,,,,,Avant et arrière Tru-Lock,,,,,,,,,Oui,,,,,,,,,,,,,,,,,Oui,,,,,,Avant à désengagement électronique,,,,,,,,,,,,,,,,,
Jetour,Jetour Dashing,https://www.automobile.tn/fr/neuf/jetour/dashing/1.5-turbo-bva,Jetour Dashing,https://www.automobile.tn/fr/neuf/jetour/dashing/1.5-turbo-bva,,Disponible,SUV,5 ans ou 100000 km,5,5,4,Essence,8 CV,156 CH,230 nm 1750 tr/min,1498 CM³,Automatique,6,Traction,4590 mm,1900 mm,1685 mm,490 L,8.5 s,190 KM/H,,,7.8 L/100 km,Oui,Frontaux | Latéraux,,ESP | TCS,Oui,BAS | EBA | EBD | BDW,TPMS,Oui,Système de caméras 360,Oui,,Oui,Oui,,Feux de jour | Avant | Arrières,En aluminium | 19'',,Full LED,Commandes au volant,USB | USB-C | Bluetooth | Commande vocale | Wifi | Chargeur de téléphone sans fil | Mirrorlink,Tactile | 12.8 pouces,Avant | Réfrigéré | Arrière,,,,Cuir,Électriques | Chauffants | Ventilés,,Oui,,Cuir | Multi-fonctions,En hauteur et en profondeur,Démarrage mains libres,Automatique | Ventilation arrière,À distance,Oui,,,Électriques | Rabattables | Avec clignotants intégrés,Avant/Arrière,2026-02-08 17:42:03.035302,,HDC,,,Ouvrant | Panoramique,Démarrage à distance | Accès mains libres,,Oui,Oui,,Autohold | HHC,,Chrome,,Oui,,,,Éléctrique,,,,Métallisée,,,,Ouverture et fermeture motorisées,,,,,Sport | Eco,,,,,,,,,,,,,,,,Chromées,,,,,,,,,,,,,,,,,,,,,,,,,,,,,,,,,,,,,,,,,,,,,,,,,,,,
Jetour,Jetour X70 Plus,https://www.automobile.tn/fr/neuf/jetour/x70-plus/1.5-turbo,Jetour X70 Plus,https://www.automobile.tn/fr/neuf/jetour/x70-plus/1.5-turbo,,Disponible,SUV,5 ans ou 150000 km,7,5,4,Essence,9 CV,147 CH,230 nm 1750 tr/min,1498 CM³,Automatique,6,Traction,4727 mm,1900 mm,1720 mm,890 L,9.2 s,195 KM/H,,,7.8 L/100 km,Oui,Frontaux | Latéraux,Oui,ESP | TCS,Oui,BAS | EBD,TPMS,Oui,Radar de recul | Radar avant | Système de caméras 360,Oui,,Oui,Oui,,Feux de jour | Avant | Arrières,En aluminium | 20'',,,Commandes au volant,USB | Bluetooth | Wifi,Tactile | 10.25 pouces,Avant,,,,Cuir perforé,Conducteur à réglage électrique,,Oui,,Cuir | Multi-fonctions,En hauteur et en profondeur,Démarrage mains libres,Automatique | Ventilation arrière,À distance,Oui,,,Électriques | Rabattables | Avec clignotants intégrés,Avant/Arrière,2026-02-08 17:42:06.048846,,HDC,,,Ouvrant | Panoramique,Accès mains libres,,Oui,Oui,,Oui,,Chrome,,Oui,,,,,,,,Métallisée,,,,Ouverture et fermeture motorisées,Chromée,,,,Sport | Eco,,,,,,,,,,,,,,,,Chromées,,,,,,,,,,,,,,,,,,,,,,,,,,,,,,,,,,,,,,,,,,,,,,,,,,,,
Jetour,Jetour T2,https://www.automobile.tn/fr/neuf/jetour/t2/2.0-turbo,Jetour T2,https://www.automobile.tn/fr/neuf/jetour/t2/2.0-turbo,,Disponible,SUV,5 ans ou 100000 km,5,5,4,Essence,14 CV,254 CH,390 nm 1750 tr/min,1998 CM³,Automatique,7,Intégrale,4785 mm,2006 mm,1880 mm,580 L,8.7 s,180 KM/H,,,8.8 L/100 km,Oui,Frontaux | Latéraux,,ESP | TCS,Oui,BAS | EBD,TPMS,Oui,Radar de recul | Radar avant | Système de caméras 360,EPS | Électrique,,Oui,Oui,,Feux de jour | Avant | Arrières,En aluminium | 20'',,Full LED,12 haut-parleurs | Commandes au volant,2 USB | 2 USB-C | Android Auto | Apple Carplay | Bluetooth | Wifi | Chargeur de téléphone sans fil | Mirrorlink,Tactile | 15.6 pouces,Avant | Arrière,3,,,Cuir,Électriques | Chauffants | Ventilés,Conducteur et passager,Oui,,Cuir | Multi-fonctions,En hauteur et en profondeur,Démarrage mains libres,Automatique | Ventilation arrière,À distance,Oui,,Anti-éblouissement,Électriques | Rabattables,Avant/Arrière,2026-02-08 17:42:09.090744,,HDC,,,Ouvrant | Panoramique,Accès mains libres | Démarrage à distance,1494 L,Oui,Oui,,Oui,,,,,LED,,,Éléctrique,Oui,,,Métallisée,,,,Soft close,,,,2 prises 12 V,Normal | Sport | Eco | X Smart | Tout-terrain,,,,,,,,,,,,,,,,Aluminium,,,,,,,,,,,,BSD,,,,,,,,,,,,,Oui,,,,,,,,,,,Oui,,,,,,,,,,,,,,,,
Jmc,JMC Vigus Simple Cabine,https://www.automobile.tn/fr/neuf/jmc/vigus-simple-cabine/2.5-l-diesel-4x2,JMC Vigus Simple Cabine,https://www.automobile.tn/fr/neuf/jmc/vigus-simple-cabine/2.5-l-diesel-4x2,,Sur arrivage,Pick up,3 ans ou 100.000 km,2,2,4,Diesel,7 CV,127 CH,310 nm 1800 tr/min,2498 CM³,Manuelle,5,Propulsion,5301 mm,1905 mm,1765 mm,,14.7 s,160 KM/H,,,7.3 L/100 km,Oui,Frontaux,,Oui,Oui,EBD,,,,Oui,,,Oui,,,En aluminium | 16'',,,Commandes au volant,USB | Bluetooth,,,,,,Tissu,,,Oui,,Multi-fonctions,,,Manuelle,À distance,,,,Électriques,Avant,2026-02-08 17:42:13.117269,,,,,,,,,,,,,,,,,,,,,,,,,,,,,,,1 prise 12 V,,,,,,,,,,,,,,,,,,,,,,910 KG,,,,,,,,,,,,,,,,,,,,,,,,,,,,,,,,,,,,,,,,,,,,,,,
Jmc,JMC Vigus Double Cabine,https://www.automobile.tn/fr/neuf/jmc/vigus-double-cabine,2.5 l Diesel 4x2,https://www.automobile.tn/fr/neuf/jmc/vigus-double-cabine/2.5-l-diesel-4x2,82 900 DT,Sur arrivage,Pick up,3 ans ou 100.000 km,5,4,4,Diesel,7 CV,127 CH,310 nm 1800 tr/min,2498 CM³,Manuelle,5,Propulsion,5301 mm,1828 mm,1782 mm,,14.7 s,160 KM/H,,,7.3 L/100 km,Oui,Frontaux,,Oui,Oui,EBD,Oui,Oui,Radar de recul,Oui,,,Oui,,,En aluminium | 16'',,,Commandes au volant,USB | Bluetooth,,Avant,,,,Tissu,,Conducteur et passager,Oui,,Multi-fonctions,En hauteur,,Manuelle,À distance,,,,Électriques,Avant/Arrière,2026-02-08 17:42:16.043463,,,,,,,,,,,,,,,,,,,,,,,,,,,,,,,1 prise 12 V,,,,,,,,,,,,,,,,,,,,,,970 KG,,,,,,,,,,,,,,,,,,,,,,,,,,,,,,,,Oui,,,,,,,,,,,,,,,
Jmc,JMC Vigus Double Cabine,https://www.automobile.tn/fr/neuf/jmc/vigus-double-cabine,2.5 l Diesel 4x4,https://www.automobile.tn/fr/neuf/jmc/vigus-double-cabine/2.5-l-diesel-4x4,93 900 DT,Sur arrivage,Pick up,3 ans ou 100.000 km,5,4,4,Diesel,7 CV,127 CH,310 nm 1800 tr/min,2498 CM³,Manuelle,5,Intégrale,5301 mm,1828 mm,1782 mm,,14.7 s,160 KM/H,,,8 L/100 km,Oui,Frontaux,,ESP,Oui,,Oui,Oui,Radar de recul,Oui,,,Oui,,,En aluminium | 16'',,,Commandes au volant,USB | Bluetooth,,Avant,,,,Tissu,,Conducteur et passager,Oui,,Multi-fonctions,En hauteur et en profondeur,,Manuelle,À distance,,,,Électriques,Avant/Arrière,2026-02-08 17:42:18.067007,,,,,,,,,,,,,,,,,,,,,,,,,,,,,,,1 prise 12 V,,,,,,,,,,,,,,,,,,,,,,880 KG,,,,,,,,,,,,,,,,,,,,,,,,Oui,,,,,,,,Oui,,,,,,,,,,,,,,,
Jmev,JMEV EV3,https://www.automobile.tn/fr/neuf/jmev/ev3/31-kwh,JMEV EV3,https://www.automobile.tn/fr/neuf/jmev/ev3/31-kwh,,En pré-commande,Citadine,3 ans ou 100.000 km | Batterie garantie 8 ans ou 150000 km,4,5,,Electrique,2 CV,68 CH,125 nm 0 tr/min,,Automatique,,Traction,3720 mm,1640 mm,1505 mm,,"7,5 s",125 KM/H,,,,Oui,Frontaux,,ESC,Oui,,TPMS,Oui,Radar de recul | Système de caméras 360,Oui,,,LED,Pare-chocs | Poignées de portes | Rétroviseurs,Feux de jour | Avant | Arrières,En aluminium | 15'' | Bi-ton,,Full LED,2 haut-parleurs | Commandes au volant,USB | Commande vocale | Mirrorlink,Tactile | 10.1 pouces,,,,,Tissu | Bi-ton,,,Oui,,Multi-fonctions,En hauteur,,Automatique,À distance,Oui,,,Électriques,Avant/Arrière,2026-02-08 17:42:21.875851,,HDC,,,,,,,Oui,,Autohold,,,,,,,,Éléctrique | EPB,,,,,,,,,,,,,Normal | Sport | Eco | i-Pedal,,,,31.2 kWh,300 km,"10,4 kWh/100 km",9 heures,30 minutes,,,,,,,,,,,,,,,LFP,,,,,,,,,,,,,,,,,,,,,,,,,,,,,,,,,,,,,,,,,,,,,
Jmev,JMEV Elight,https://www.automobile.tn/fr/neuf/jmev/elight/63-kwh-comfort,JMEV Elight,https://www.automobile.tn/fr/neuf/jmev/elight/63-kwh-comfort,,En pré-commande,Berline,5 ans ou 150000 km | Batterie garantie 8 ans ou 150000 km,5,4,,Electrique,3 CV,160 CH,225 nm 0 tr/min,,Automatique,,Traction,4675 mm,1835 mm,1480 mm,,"7,5 s",140 KM/H,,,,Oui,Frontaux | Latéraux,LDW,ESC | ASR,Oui,Active City Brake | EBA | EBD,TPMS,Oui,Radar de recul | Système de caméras 360,EPS,,Adaptatif (ACC) | HDA,LED,Pare-chocs | Poignées de portes | Rétroviseurs,Feux de jour | Avant | Arrières,En aluminium | 17'',,Matrix LED,6 haut-parleurs | Commandes au volant,Android Auto | 4 USB | Apple Carplay | Commande vocale | Chargeur de téléphone sans fil | Mirrorlink,Tactile | 12.3 pouces,Arrière,,,,Cuir,Conducteur à réglage électrique | 8 directions,Conducteur et passager,Oui,,Multi-fonctions,En hauteur,,Automatique,À distance,Oui,,Anti-éblouissement,Électriques | Rabattables | Dégivrants | Avec clignotants intégrés,Avant/Arrière,2026-02-08 17:42:24.851551,LKA,HDC,,,,Accès mains libres,,,Oui,,Autohold | HSA,,,,,Oui,,Oui,Éléctrique | EPB,10.25 pouces,,,,,,,,,,,1 prise 12 V,Normal | Sport | Eco | i-Pedal,,,,63 kWh,460 km,"16,2 kWh/100 km",9 heures,30 minutes,,,,,,,,,,,,,,,,FCW,HBA,,,BSD,,,,,,,,TSR,,,,,,,500 km,,,Escamotables,,,,,,,,,,,,,,,,,,,,,,
Kia,KIA Picanto Populaire,https://www.automobile.tn/fr/neuf/kia/picanto-populaire/1.0-l,KIA Picanto Populaire,https://www.automobile.tn/fr/neuf/kia/picanto-populaire/1.0-l,,Disponible | Sous réserve d'acceptation du dossier par le ministère du commerce,Citadine,5 ans,5,5,3,Essence,4 CV,67 CH,95.2 nm 3700 tr/min,998 CM³,Manuelle,5,Traction,3595 mm,1595 mm,1485 mm,255 L,14.3 s,161 KM/H,6.0 L/100 km,4.1 L/100 km,4.8 L/100 km,Oui,Frontaux,,ESC,Oui,,,Oui,Radar de recul | Caméra de recul,Électrique,,,,Pare-chocs | Poignées de portes | Rétroviseurs,,14'',,,4 haut-parleurs | Commandes au volant,USB | Android Auto | Apple Carplay | Bluetooth | Commande vocale,Tactile | 8 pouces,,,,,Tissu,,Conducteur,Oui,Teintées,Multi-fonctions,En hauteur,,Manuelle,À distance,Oui,,,Électriques,Avant/Arrière,2026-02-08 17:42:29.179953,,,,,,,,,Oui,,HAC,,,,,,,,,,,,,,,,,Chromée,,,,,,,,,,,,,,,,,,,,,,,,,,,,,,,,,,,,,,,,,,,,,,,,,,,Oui,,,,,,,,,,,,,,,,,,,,,
Kia,KIA Picanto,https://www.automobile.tn/fr/neuf/kia/picanto,1.2 L Smart BVM,https://www.automobile.tn/fr/neuf/kia/picanto/1.2-l-bvm-smart,53 480 DT,Disponible,Citadine,5 ans,5,5,4,Essence,5 CV,84 CH,115 nm 4200 tr/min,1197 CM³,Manuelle,5,Traction,3595 mm,1595 mm,1485 mm,255 L,12 s,173 KM/H,6.5 L/100 km,4.3 L/100 km,5.1 L/100 km,Oui,Frontaux,,ESC,Oui,,,Oui,Radar de recul | Caméra de recul,Oui,,,Oui,Pare-chocs | Poignées de portes | Rétroviseurs,,En aluminium | 15'',,,4 haut-parleurs | Commandes au volant,USB | USB-C | Android Auto | Apple Carplay | Bluetooth | Commande vocale,Tactile | 8 pouces,Avant,,,,Tissu,,Conducteur,,,Multi-fonctions,En hauteur,,Manuelle,À distance,Ecran TFT 4.2'',,,Électriques | Rabattables,Avant/Arrière,2026-02-08 17:42:32.230898,,,,,,,,,Oui,,HAC,,,,Oui,,,,,Supervision,,,,,,,,,,,,,,,,,,,,,,,,,,,,,,,,,,,,,,,,,,,,,,,,,,,,,,,,,,,,,,,,,,,,,,,,,,,,,,,,
Kia,KIA Picanto,https://www.automobile.tn/fr/neuf/kia/picanto,1.2 L Smart BVA,https://www.automobile.tn/fr/neuf/kia/picanto/1.2-l-bva-smart,56 980 DT,Disponible,Citadine,5 ans,5,5,4,Essence,4 CV,84 CH,115 nm 4200 tr/min,1197 CM³,Automatique,5,Traction,3595 mm,1595 mm,1485 mm,255 L,12 s,173 KM/H,6.0 L/100 km,4.1 L/100 km,4.8 L/100 km,Oui,Frontaux,,ESC,Oui,,,Oui,Radar de recul | Caméra de recul,Oui,,,Oui,Pare-chocs | Poignées de portes | Rétroviseurs,,En aluminium | 15'',,,4 haut-parleurs | Commandes au volant,USB | USB-C | Android Auto | Apple Carplay | Bluetooth | Commande vocale,Tactile | 8 pouces,Avant,,,,Tissu,,Conducteur,,,Multi-fonctions,En hauteur,,Manuelle,À distance,Ecran TFT 4.2'',,,Électriques | Rabattables,Avant/Arrière,2026-02-08 17:42:34.293743,,,,,,,,,Oui,,HAC,,,,Oui,,,,,Supervision,,,,,,,,,,,,,,,,,,,,,,,,,,,,,,,,,,,,,,,,,,,,,,,,,,,,,,,,,,,,,,,,,,,,,,,,,,,,,,,,
Kia,KIA Picanto,https://www.automobile.tn/fr/neuf/kia/picanto,1.2 L GT-Line BVA,https://www.automobile.tn/fr/neuf/kia/picanto/1.2-l-bva-gt-line,63 480 DT,Disponible,Citadine,5 ans,5,5,4,Essence,4 CV,84 CH,115 nm 4200 tr/min,1197 CM³,Automatique,5,Traction,3595 mm,1595 mm,1485 mm,255 L,12 s,173 KM/H,6.0 L/100 km,4.1 L/100 km,4.8 L/100 km,Oui,Frontaux,,ESC,Oui,,,Oui,Radar de recul | Caméra de recul,Oui,,,LED,Pare-chocs | Poignées de portes | Rétroviseurs,Feux de jour | Avant | Arrières,En aluminium | 16'',,Full LED,4 haut-parleurs | Commandes au volant,USB | USB-C | Android Auto | Apple Carplay | Bluetooth | Commande vocale,Tactile | 8 pouces,Avant,,,,Cuir artificiel,,Conducteur,,,Multi-fonctions,En hauteur,,Manuelle,À distance,Ecran TFT 4.2'',,,Électriques | Rabattables,Avant/Arrière,2026-02-08 17:42:36.291122,,,,,,,,,Oui,,HAC,,,,Oui,,,,,Supervision,,GT-Line,,,,,,,,Oui,,,,,,,,,,,,,,,,,,,,,,,,,,,,,,,,,,,,,,,,,,,,,,,,,,,,,,,,,,,,,,,,,,,,,,
Kia,KIA Picanto,https://www.automobile.tn/fr/neuf/kia/picanto,1.2 L GT-Line + BVA,https://www.automobile.tn/fr/neuf/kia/picanto/1.2-l-bva-gt-line-plus,66 480 DT,Disponible,Citadine,5 ans,5,5,4,Essence,4 CV,84 CH,115 nm 4200 tr/min,1197 CM³,Automatique,5,Traction,3595 mm,1595 mm,1485 mm,255 L,12 s,173 KM/H,6.0 L/100 km,4.1 L/100 km,4.8 L/100 km,Oui,Frontaux,,ESC,Oui,,,Oui,Radar de recul | Caméra de recul,Oui,,,LED,Pare-chocs | Poignées de portes | Rétroviseurs,Feux de jour | Avant | Arrières,En aluminium | 16'',,Full LED,4 haut-parleurs | Commandes au volant,USB | USB-C | Android Auto | Apple Carplay | Bluetooth | Commande vocale,Tactile | 8 pouces,Avant,,,,Cuir artificiel,,Conducteur,,,Multi-fonctions,En hauteur,Démarrage mains libres,Automatique,À distance,Ecran TFT 4.2'',,,Électriques | Rabattables,Avant/Arrière,2026-02-08 17:42:38.497553,,,,,,Accès mains libres,,,Oui,,HAC,,,,Oui,,,,,Supervision,,GT-Line,,,,,,,,Oui,,,,,,,,,,,,,,,,,,,,,,,,,,,,,,,,,,,,,,,,,,,,,,,,,,,,,,,,,,,,,,,,,,,,,,
Kia,KIA Sonet,https://www.automobile.tn/fr/neuf/kia/sonet,1.5 L EX BVM,https://www.automobile.tn/fr/neuf/kia/sonet/1.2-l-bvm-ex,89 480 DT,Disponible,SUV,5 ans,5,5,4,Essence,6 CV,115 CH,144 nm 4500 tr/min,1497 CM³,Manuelle,6,Traction,4110 mm,1790 mm,1610 mm,385 L,10.5 s,175 KM/H,8.8 L/100 km,5.5 L/100 km,6.7 L/100 km,Oui,Frontaux,,ESC,Oui,DBC | Freinage multi-collision,Oui,Oui,Radar de recul | Caméra de recul,Électrique,,Oui,LED,,Feux de jour | Avant,En aluminium | 16'',,LED,Commandes au volant,USB | Android Auto | Apple Carplay | Bluetooth | Commande vocale,Tactile | 8 pouces,Avant,,,Cuir,Tissu | Cuir artificiel,,Conducteur,Oui,Teintées,Cuir | Multi-fonctions,En hauteur et en profondeur,Démarrage mains libres,Automatique,À distance,Oui,,,Électriques | Rabattables,Avant/Arrière,2026-02-08 17:42:41.817806,,,,,,Accès mains libres,,,Oui,,HAC,,,,,,,,,10.25 pouces,,,,,,,,,,Oui,,,,,,,,,,,,,,,,,,Oui,,,,,,,,,,,,,,,,,,,,,,,,,,,,,,,,,,,,,,,,,,,,,,,,,,,,
Kia,KIA Sonet,https://www.automobile.tn/fr/neuf/kia/sonet,1.5 L CVT EX Plus,https://www.automobile.tn/fr/neuf/kia/sonet/1.5-l-cvt-ex-plus,95 480 DT,Disponible,SUV,5 ans,5,5,4,Essence,6 CV,115 CH,144 nm 4500 tr/min,1497 CM³,Automatique,,Traction,4110 mm,1790 mm,1610 mm,385 L,10.3 s,175 KM/H,7.6 L/100 km,5.3 L/100 km,6.2 L/100 km,Oui,Frontaux,,ESC,Oui,DBC | Freinage multi-collision,Oui,Oui,Radar de recul | Radar avant | Caméra de recul,Électrique,,Oui,LED,,Feux de jour | Avant,En aluminium | 16'',,LED,Commandes au volant,USB | Android Auto | Apple Carplay | Bluetooth | Commande vocale,Tactile | 8 pouces,Avant,,,Cuir,Tissu | Cuir artificiel,,Conducteur,Oui,Teintées,Cuir | Multi-fonctions,En hauteur et en profondeur,Démarrage mains libres,Automatique,À distance,Oui,,,Électriques | Rabattables,Avant/Arrière,2026-02-08 17:42:44.165171,,,,,,Accès mains libres,,,Oui,,HAC,,,,,,,,,10.25 pouces,,,,,,,,,,Oui,,Confort | Sport | Eco,,,,,,,,,,,,,,,,Oui,,,,,,,,,,,,,,,,,,,,,,,,,,,,,,,,,,,,,,,,,,,,,,,,,,,,
Kia,KIA Sonet,https://www.automobile.tn/fr/neuf/kia/sonet,1.5 L CVT SX,https://www.automobile.tn/fr/neuf/kia/sonet/1.5-l-cvt-sx,101 480 DT,Disponible,SUV,5 ans,5,5,4,Essence,6 CV,115 CH,144 nm 4500 tr/min,1497 CM³,Automatique,,Traction,4110 mm,1790 mm,1610 mm,385 L,10.3 s,175 KM/H,7.6 L/100 km,5.3 L/100 km,6.2 L/100 km,Oui,Frontaux | Latéraux | Rideaux,,ESC,Oui,DBC | Freinage multi-collision,Oui,Oui,Radar de recul | Radar avant | Caméra de recul,Électrique,,Oui,LED,,Feux de jour | Avant | Arrières,En aluminium | 16'',,Full LED,Commandes au volant,USB | Android Auto | Apple Carplay | Bluetooth | Commande vocale | Chargeur de téléphone sans fil,Tactile | 8 pouces,Avant,,,Cuir,Tissu | Cuir artificiel,,Conducteur,Oui,Teintées,Cuir | Multi-fonctions,En hauteur et en profondeur,Démarrage mains libres,Automatique,À distance,Oui,,Anti-éblouissement,Électriques | Rabattables,Avant/Arrière,2026-02-08 17:42:46.414464,,,,,,Accès mains libres,,,Oui,,HAC,,,,,,,,,10.25 pouces,,,,,,Métal Brillant,,,,Oui,,Confort | Sport | Eco,,,,,,,,,,,,,,,,Oui,,,,,,,,,,,,,,,,,,,,,,,,,,,,,,,,,,,,,,,,,,,,,,,,,,,,
Kia,KIA Seltos,https://www.automobile.tn/fr/neuf/kia/seltos/1.4-t-gdi-top-grade,KIA Seltos,https://www.automobile.tn/fr/neuf/kia/seltos/1.4-t-gdi-top-grade,,Disponible,SUV,5 ans,5,5,4,Essence,8 CV,140 CH,242 nm 1500 tr/min,1353 CM³,Automatique,7,Traction,4385 mm,1800 mm,1630 mm,433 L,10.8 s,185 KM/H,7.5 L/100 km,5.3 L/100 km,6.1 L/100 km,Oui,Frontaux | Latéraux | Rideaux,,ESC,Oui,,,Oui,Radar de recul | Radar avant | Caméra de recul,Électrique,,Oui,LED,,Feux de jour | Avant | Arrières,En aluminium | 17'',,Full LED,Oui,USB | Android Auto | Apple Carplay | Bluetooth | Commande vocale | Chargeur de téléphone sans fil,Tactile | 10.25 pouces,Avant,,,Cuir,Cuir artificiel,Conducteur à réglage électrique | Ventilés,Conducteur,Oui,Teintées,Cuir | Multi-fonctions | Avec palettes,En hauteur et en profondeur,Démarrage mains libres,Automatique | Bizone,À distance,Oui,,Anti-éblouissement,Électriques | Rabattables,Avant/Arrière,2026-02-08 17:42:50.996568,,,,,Ouvrant | Panoramique,Accès mains libres,,Périmétrique,Oui,,HAC,,Chrome,,,Oui,,,Éléctrique,10.25 pouces,,,,,,Métal Brillant,,Chromée,,,,Confort | Sport | Eco,,,,,,,,,,,,,,,,Oui,,,,,,,,,,,,,,,,,,,,,,,,,,,,,,,,,,,,,,,,,,,,,,,,,,,,
Kia,KIA Niro Hybride,https://www.automobile.tn/fr/neuf/kia/niro,1.6 L EX,https://www.automobile.tn/fr/neuf/kia/niro/1.6-l-ex,129 980 DT,Disponible,SUV,5 ans,5,5,4,Essence | Hybride,5 CV,141 CH,265 nm 1000 tr/min,1580 CM³,Automatique,6,Traction,4420 mm,1825 mm,1560 mm,401 L,10.8 s,165 KM/H,,,4 L/100 km,Oui,Frontaux | Latéraux | Rideaux | Genoux conducteur,,ESC,Oui,Système anti-collision avec détection des piétons |  Freinage automatique anti-collision (AEB) | Freinage multi-collision,Oui,Oui,Radar de recul | Radar avant | Caméra de recul,Électrique,Oui,Oui,LED,,Feux de jour | Avant | Arrières,En aluminium | 18'',,Full LED,Commandes au volant,USB | Android Auto | Apple Carplay | Bluetooth | Commande vocale | Chargeur de téléphone sans fil,Tactile | 8 pouces,Avant | Arrière,,Noir brillant,Cuir,Cuir/Tissu,Conducteur à réglage électrique | Réglage lombaire,Conducteur,Oui,Teintées | Lunette et vitres arrières sur-teintées,Cuir | Multi-fonctions | Avec palettes,En hauteur et en profondeur,Démarrage mains libres,Automatique | Bizone | Ventilation arrière,À distance,Ecran TFT 4.2'',,Anti-éblouissement,Électriques | Dégivrants,Avant/Arrière,2026-02-08 17:42:55.434732,LKA | LFA,,,,,Accès mains libres,,,Oui,,HAC,,,,,LED,Aluminium,Oui,Éléctrique,,,,,,Porte-lunettes,Aluminium,,,,,1 prise 12 V,Sport | Eco,,,,,,,,,,,,,,,,Oui,,,,,,,,,,,,Oui,,,,,,,,,,,,,,,,,,Chromées,,,,,,,,,,,,,,,,,,,,,,
Kia,KIA Niro Hybride,https://www.automobile.tn/fr/neuf/kia/niro,1.6 L SX,https://www.automobile.tn/fr/neuf/kia/niro/1.6-l-sx,139 980 DT,Disponible,SUV,5 ans,5,5,4,Essence | Hybride,5 CV,141 CH,265 nm 1000 tr/min,1580 CM³,Automatique,6,Traction,4420 mm,1825 mm,1560 mm,401 L,10.8 s,165 KM/H,,,4 L/100 km,Oui,Frontaux | Latéraux | Rideaux | Genoux conducteur,,ESC,Oui,Système anti-collision avec détection des piétons |  Freinage automatique anti-collision (AEB) | Freinage multi-collision,Oui,Oui,Radar de recul | Radar avant | Caméra de recul,Électrique,Oui,Oui,LED,,Feux de jour | Avant | Arrières,En aluminium | 18'',,Full LED,Commandes au volant,USB | Android Auto | Apple Carplay | Bluetooth | Commande vocale | Chargeur de téléphone sans fil,Tactile | 8 pouces,Avant | Arrière,,Noir brillant,Cuir,Cuir artificiel,Électriques | Réglage lombaire,Conducteur et passager,Oui,Teintées | Lunette et vitres arrières sur-teintées,Multi-fonctions | Avec palettes | Cuir artificiel,En hauteur et en profondeur,Démarrage mains libres,Automatique | Bizone | Ventilation arrière,À distance,Ecran TFT 4.2'',,Anti-éblouissement,Électriques | Dégivrants,Avant/Arrière,2026-02-08 17:42:58.115604,LKA | LFA,,,,Ouvrant,Accès mains libres,,,Oui,,HAC,,,,,LED,Aluminium,Oui,Éléctrique,,,,,,Porte-lunettes,Aluminium,,,,,1 prise 12 V,Sport | Eco,,,,,,,,,,,,,,,,Oui,,,,,,,,,,,,Oui,,,,,,,,,,,,,,,,,,Chromées,,,,,,,,,,,,,,,,,,,,,,
Kia,KIA Sportage,https://www.automobile.tn/fr/neuf/kia/sportage,1.6 l T-GDI 7-DCT EX,https://www.automobile.tn/fr/neuf/kia/sportage/1.6-l-t-gdi-7-dct-ex,140 980 DT,Disponible,SUV,5 ans,5,5,4,Essence,10 CV,180 CH,265 nm 1500 tr/min,1598 CM³,Automatique,7,Traction,4515 mm,1865 mm,1650 mm,591 L,8.8 s,201 KM/H,7.6 L/100 km,5.6 L/100 km,6.3 L/100 km,Oui,Frontaux | Latéraux | Rideaux,,ESC,Oui,FCA,,Oui,Radar de recul | Radar avant | Caméra de recul,Oui,Oui,Oui,,Oui,Feux de jour | Avant,En aluminium | 17'',,Full LED | Adaptatifs,4 haut-parleurs | Commandes au volant,USB | Android Auto | Apple Carplay | Bluetooth | Commande vocale | Chargeur de téléphone sans fil,Tactile | 8 pouces,Avant | Arrière,,,,Cuir/Tissu,Conducteur à réglage électrique | Chauffants,Conducteur et passager,Oui,Teintées | Lunette et vitres arrières sur-teintées,Cuir | Chauffant | Multi-fonctions,En hauteur et en profondeur,Démarrage mains libres,Automatique | Bizone | Ventilation arrière,À distance,Oui,,Anti-éblouissement,Électriques | Dégivrants | Avec clignotants intégrés,Avant/Arrière,2026-02-08 17:43:02.311378,LKA | LFA,DBC,,,Ouvrant | Panoramique,Accès mains libres,,,Oui,,HAC,,,,,,,Oui,Éléctrique,,,,,,,,,,,,,Confort | Sport | Eco,,,,,,,,,,,,,,,,Oui,,,,,,,,,,,,,,,,,,,TSA,,,,,,,,,,,,,,,,,Oui,,,,,,,,,,,,,,,,
Kia,KIA Sportage,https://www.automobile.tn/fr/neuf/kia/sportage,1.6 l T-GDI 7-DCT SX,https://www.automobile.tn/fr/neuf/kia/sportage/1.6-l-t-gdi-7-dct-sx,152 980 DT,Disponible,SUV,5 ans,5,5,4,Essence,10 CV,180 CH,265 nm 1500 tr/min,1598 CM³,Automatique,7,Traction,4515 mm,1865 mm,1650 mm,591 L,8.8 s,201 KM/H,7.6 L/100 km,5.6 L/100 km,6.3 L/100 km,Oui,Frontaux | Latéraux | Rideaux,,ESC,Oui,FCA,,Oui,Radar de recul | Radar avant | Caméra de recul,Oui,Oui,Oui,LED,Oui,Feux de jour | Avant | Arrières,En aluminium | 19'',,Full LED | Adaptatifs,4 haut-parleurs | Commandes au volant,USB | Android Auto | Apple Carplay | Bluetooth | Commande vocale | Chargeur de téléphone sans fil,Tactile | 8 pouces,Avant | Arrière,,,,Cuir,Électriques | Chauffants | Ventilés,Conducteur et passager,Oui,Teintées | Lunette et vitres arrières sur-teintées,Cuir | Chauffant | Multi-fonctions,En hauteur et en profondeur,Démarrage mains libres,Automatique | Bizone | Ventilation arrière,À distance,Oui,,Anti-éblouissement,Électriques | Dégivrants | Avec clignotants intégrés,Avant/Arrière,2026-02-08 17:43:04.940788,LKA | LFA,DBC,,,Ouvrant | Panoramique,Accès mains libres,,,Oui,,HAC,,,,,,,Oui,Éléctrique,,,,,,,,Ouverture et fermeture motorisées,,,,,Confort | Sport | Eco,,,,,,,,,,,,,,,,Oui,,,,,,,,,,,,,,,,,,,TSA,,,,,,,,,,,,,,,,,Oui,,,,,,,,,,,,,,,,
Kia,KIA Sportage Hybride,https://www.automobile.tn/fr/neuf/kia/sportage-hybride,1.6 l T-GDI 4x2 GT-Line,https://www.automobile.tn/fr/neuf/kia/sportage-hybride/1.6-l-t-gdi-4x2-gt-line,174 980 DT,Disponible,SUV,5 ans,5,5,4,Essence | Hybride,10 CV,230 CH,350 nm 1500 tr/min,1598 CM³,Automatique,6,Traction,4515 mm,1865 mm,1645 mm,587 L,8 s,193 KM/H,,,5.5 L/100 km,Oui,Frontaux | Latéraux | Rideaux | Centraux,,ESC,Oui,EBD |  Freinage automatique anti-collision (AEB) | FCA,,Oui,Radar de recul | Radar avant | Caméra de recul | Détection du trafic en marche arrière,Oui,Oui,Adaptatif (ACC),LED,Oui,Feux de jour | Avant | Arrières,En aluminium | 18'',,Adaptatifs | Matrix LED,Commandes au volant,USB | Android Auto | Apple Carplay | Bluetooth | Commande vocale | Chargeur de téléphone sans fil,Tactile | 12.3 pouces,Avant | Arrière,,,,Cuir | Suède,Électriques | Chauffants | Ventilés,Conducteur et passager,Oui,Lunette et vitres arrières sur-teintées,Cuir | Chauffant | Multi-fonctions | Sport | Avec palettes,En hauteur et en profondeur,Démarrage mains libres,Automatique | Bizone,À distance,Oui,,Anti-éblouissement,Électriques | Dégivrants | Avec clignotants intégrés,Avant/Arrière,2026-02-08 17:43:08.426198,LKA | LFA,DBC,,,Ouvrant | Panoramique,Accès mains libres,,,Oui,,HAC,DAW,,,,LED | 64 couleurs,,Oui,Éléctrique,12.3 pouces,,GT-Line,,,,,Ouverture et fermeture motorisées,,,,,Sport | Eco,,,,,,,,,,,,,,,,Oui,,,,,,,,,,,,Oui,,,,,,,TSA,TSR,,,,,,,,,,,,,,,,,,,,,,,,,,,,,,,,
Kia,KIA Sportage Hybride,https://www.automobile.tn/fr/neuf/kia/sportage-hybride,1.6 l T-GDI 4x4 GT-Line,https://www.automobile.tn/fr/neuf/kia/sportage-hybride/1.6-l-t-gdi-4x4-gt-line,189 980 DT,Disponible,SUV,5 ans,5,5,4,Essence | Hybride,10 CV,230 CH,350 nm 1500 tr/min,1598 CM³,Automatique,6,Intégrale,4515 mm,1865 mm,1645 mm,587 L,8.3 s,193 KM/H,,,6.2 L/100 km,Oui,Frontaux | Latéraux | Rideaux | Centraux,,ESC,Oui,EBD |  Freinage automatique anti-collision (AEB) | FCA,,Oui,Radar de recul | Radar avant | Caméra de recul | Détection du trafic en marche arrière,Oui,Oui,Adaptatif (ACC),LED,Oui,Feux de jour | Avant | Arrières,En aluminium | 18'',,Adaptatifs | Matrix LED,Commandes au volant,USB | Android Auto | Apple Carplay | Bluetooth | Commande vocale | Chargeur de téléphone sans fil,Tactile | 12.3 pouces,Avant | Arrière,,,,Cuir | Suède,Électriques | Chauffants | Ventilés | Fonction mémoire,Conducteur et passager,Oui,Lunette et vitres arrières sur-teintées,Cuir | Chauffant | Multi-fonctions | Sport | Avec palettes,En hauteur et en profondeur,Démarrage mains libres,Automatique | Bizone,À distance,Oui,,Anti-éblouissement,Électriques | Dégivrants | Avec clignotants intégrés,Avant/Arrière,2026-02-08 17:43:10.972929,LKA | LFA,DBC,,,Ouvrant | Panoramique,Accès mains libres,,,Oui,,HAC,DAW,,,,LED | 64 couleurs,,Oui,Éléctrique,12.3 pouces,,GT-Line,Bi-ton,,,,Ouverture et fermeture motorisées,,,,,Sport | Eco,,,,,,,,,,,,,ECS,,,Oui,,,,,,,,,,,,Oui,,,,,,,TSA,TSR,,,,,,,,,,,,,,,,,,,,,,,,,,,,,,,,
Kia,KIA EV3,https://www.automobile.tn/fr/neuf/kia/ev3,58.3 kWh Air,https://www.automobile.tn/fr/neuf/kia/ev3/58.3-kwh-air,104 980 DT,Disponible,SUV,5 ans | Batterie garantie 8 ans,5,5,,Electrique,4 CV,204 CH,283 nm 0 tr/min,,Automatique,,Traction,4300 mm,1850 mm,1560 mm,460 L,7.5 s,170 KM/H,,,,Oui,Frontaux | Latéraux | Rideaux | Centraux,,ESC,Oui,EBD | Freinage multi-collision | FCA,TPMS,Oui,Radar de recul | Radar avant | Caméra de recul,Électrique,,Adaptatif (ACC) | SCC,,,Feux de jour | Avant | Arrières,En aluminium | 17'',,Full LED,6 haut-parleurs | Commandes au volant,USB-C | Android Auto | Apple Carplay | AUX | Bluetooth | Commande vocale | Chargeur de téléphone sans fil,Tactile | 12.3 pouces,Avant | Arrière,,,,Tissu,,Conducteur et passager,Oui,Parebrise athermique | Lunette et vitres arrières sur-teintées,Multi-fonctions | Avec palettes | Cuir artificiel,En hauteur et en profondeur,Démarrage mains libres,Automatique | Bizone | Ventilation arrière,À distance,Oui,,,Électriques | Rabattables | Dégivrants | Avec clignotants intégrés,Avant/Arrière,2026-02-08 17:43:13.736191,LKA,,,Cartographie Tunisienne | Service Kia,,Accès mains libres,,,Oui,,HAC,ICC,,,,LED,,Oui,Éléctrique | EPB,12.3 pouces,,,Métallisée,,Poches aumônières,,,,0 g/km,,1 prise 12 V,Normal | Sport | Eco,,1,,58.3 kWh,436 km,11.2 kWh/100 km,5 heures,35 minutes,,,,,,,25 L,Oui,,,,,,,,,,,,BCA,,,,,,,,TSR | Avec régulation de la vitesse,,,,,,,,,,Escamotables,,,,,,,,,,,,,,,,,,,,,,
Kia,KIA EV3,https://www.automobile.tn/fr/neuf/kia/ev3,81.4 kWh Earth,https://www.automobile.tn/fr/neuf/kia/ev3/81.4-kwh-earth,129 980 DT,Disponible,SUV,5 ans | Batterie garantie 8 ans,5,5,,Electrique,4 CV,204 CH,283 nm 0 tr/min,,Automatique,,Traction,4300 mm,1850 mm,1560 mm,460 L,7.5 s,170 KM/H,,,,Oui,Frontaux | Latéraux | Rideaux | Centraux,,ESC,Oui,EBD | Système anti-collision avec détection des piétons | Freinage multi-collision | FCA,TPMS,Oui,Radar de recul | Radar avant | Caméra de recul,Électrique,,Adaptatif (ACC) | HDA | SCC,,,Feux de jour | Avant | Arrières,En aluminium | 17'',,Full LED,6 haut-parleurs | Commandes au volant,USB-C | Android Auto | Apple Carplay | AUX | Bluetooth | Commande vocale | Chargeur de téléphone sans fil,Tactile | 12.3 pouces,Avant | Arrière,,,,Cuir artificiel,Conducteur à réglage électrique | Réglage lombaire,Conducteur et passager,Oui,Parebrise athermique | Lunette et vitres arrières sur-teintées,Multi-fonctions | Avec palettes | Cuir artificiel,En hauteur et en profondeur,Démarrage mains libres,Automatique | Bizone | Ventilation arrière,À distance,Oui,,Anti-éblouissement,Électriques | Rabattables | Dégivrants | Avec clignotants intégrés,Avant/Arrière,2026-02-08 17:43:15.555188,LKA | LFA,,,Cartographie Tunisienne | Service Kia,Ouvrant | Panoramique,Accès mains libres,,,Oui,,HAC,ICC,,,,LED,,Oui,Éléctrique | EPB,12.3 pouces,,,Métallisée,,Poches aumônières,,,,0 g/km,,1 prise 12 V,Normal | Sport | Eco,,1,,81.4 kWh,605 km,11.7 kWh/100 km,7 heures,49 minutes,,,,,,,25 L,Oui,,,,,,,,,,,,BCA,,,,,,,,TSR | Avec régulation de la vitesse,,,,,,,,,,Escamotables,,,,,,,,,,,,,,,,,,,,,,
Kia,KIA EV3,https://www.automobile.tn/fr/neuf/kia/ev3,81.4 kWh Earth Plus,https://www.automobile.tn/fr/neuf/kia/ev3/81.4-kwh-earth-plus,139 980 DT,Disponible,SUV,5 ans | Batterie garantie 8 ans,5,5,,Electrique,4 CV,204 CH,283 nm 0 tr/min,,Automatique,,Traction,4300 mm,1850 mm,1560 mm,460 L,7.5 s,170 KM/H,,,,Oui,Frontaux | Latéraux | Rideaux | Centraux,,ESC,Oui,EBD | Système anti-collision avec détection des piétons | Freinage multi-collision | FCA,TPMS,Oui,Radar de recul | Radar avant | Système de caméras 360 | Stationnement intelligent à distance,Électrique,,Adaptatif (ACC) | HDA | SCC,,,Feux de jour | Avant | Arrières,En aluminium | 19'',,Matrix LED | Small Cube Projection,8 haut-parleurs | Harman/Kardon | Commandes au volant | Subwoofer,USB-C | Android Auto | Apple Carplay | AUX | Bluetooth | Commande vocale | Chargeur de téléphone sans fil,Tactile | 12.3 pouces,Avant | Arrière,,,,Cuir artificiel,Conducteur à réglage électrique | Chauffants | Réglage lombaire,Conducteur et passager,Oui,Parebrise athermique | Lunette et vitres arrières sur-teintées,Chauffant | Multi-fonctions | Avec palettes | Cuir artificiel,En hauteur et en profondeur,Démarrage mains libres,Automatique | Bizone | Ventilation arrière,À distance,Oui,,Anti-éblouissement,Électriques | Rabattables | Dégivrants | Avec clignotants intégrés | Éclairage d'accueil à LED,Avant/Arrière,2026-02-08 17:43:17.644964,LKA | LFA,,,Cartographie Tunisienne | Service Kia,Ouvrant | Panoramique,Accès mains libres,,,Oui,,HAC,ICC,,,,LED,,Oui,Éléctrique | EPB,12.3 pouces,,,Métallisée,,Poches aumônières,,,,0 g/km,,1 prise 12 V,Normal | Sport | Eco,PCA,1,,81.4 kWh,563 km,12.4 kWh/100 km,7 heures,49 minutes,,,,,,,25 L,Oui,,,,,,,,,,,,BCA | BVM,,,,,,,,TSR | Avec régulation de la vitesse,,,,,,,,,,Escamotables,,,,,,,,,,,,,,,,,,,,,,
Kia,KIA EV3,https://www.automobile.tn/fr/neuf/kia/ev3,81.4 kWh GT-Line,https://www.automobile.tn/fr/neuf/kia/ev3/81.4-kwh-gt-line,149 980 DT,Disponible,SUV,5 ans | Batterie garantie 8 ans,5,5,,Electrique,4 CV,204 CH,283 nm 0 tr/min,,Automatique,,Traction,4310 mm,1850 mm,1570 mm,460 L,7.5 s,170 KM/H,,,,Oui,Frontaux | Latéraux | Rideaux | Centraux,,ESC,Oui,EBD | Système anti-collision avec détection des piétons | Freinage multi-collision | FCA,TPMS,Oui,Radar de recul | Radar avant | Système de caméras 360 | Stationnement intelligent à distance,Électrique,,Adaptatif (ACC) | HDA | SCC,,,Feux de jour | Avant | Arrières,En aluminium | 19'',,Matrix LED | Small Cube Projection,8 haut-parleurs | Harman/Kardon | Commandes au volant | Subwoofer,USB-C | Android Auto | Apple Carplay | AUX | Bluetooth | Commande vocale | Chargeur de téléphone sans fil,Tactile | 12.3 pouces,Avant | Arrière,,,,Cuir artificiel,Électriques | Chauffants | Ventilés | Réglage lombaire,Conducteur et passager,Oui,Parebrise athermique | Lunette et vitres arrières sur-teintées,Chauffant | Multi-fonctions | Avec palettes | Cuir artificiel,En hauteur et en profondeur,Démarrage mains libres,Automatique | Bizone | Ventilation arrière,À distance,Oui,,Anti-éblouissement,Électriques | Rabattables | Dégivrants | Avec clignotants intégrés | Éclairage d'accueil à LED,Avant/Arrière,2026-02-08 17:43:19.545799,LKA | LFA,,,Cartographie Tunisienne | Service Kia,Ouvrant | Panoramique,Accès mains libres,,,Oui,,HAC,ICC,,,,LED,,Oui,Éléctrique | EPB,12.3 pouces,,GT-Line,Métallisée,,Poches aumônières,,Ouverture et fermeture motorisées | Ouverture mains libres,,0 g/km,,1 prise 12 V,Normal | Sport | Eco,PCA,1,,81.4 kWh,563 km,12.4 kWh/100 km,7 heures,49 minutes,,,,,,,25 L,Oui,,,,,,,,,,,,BCA | BVM,,,,,,,,TSR | Avec régulation de la vitesse,,,,,,,,,,Escamotables,,,,,,,,,,,,,,,,,,,,,,
Kia,KIA EV6,https://www.automobile.tn/fr/neuf/kia/ev6,Standard Range GT-Line,https://www.automobile.tn/fr/neuf/kia/ev6/gt-line-125kw-standard-range-58-kwh2wd,179 980 DT,Disponible,SUV,5 ans | Batterie garantie 8 ans,5,5,,Electrique,3 CV,170 CH,350 nm 0 tr/min,,Automatique,,Propulsion,4695 mm,1890 mm,1550 mm,480 L,8.5 s,185 KM/H,,,,Oui,Frontaux | Latéraux | Rideaux | Centraux,Oui,ESC,Oui,EBD | Système anti-collision avec détection des piétons | Freinage multi-collision | FCA,TPMS,Oui,Radar de recul | Radar avant | Système de caméras 360 | Détection du trafic en marche arrière | Stationnement intelligent à distance,Électrique,Oui,Adaptatif (ACC) | HDA,,,Feux de jour | Avant | Arrières | Clignotants à défilement,En aluminium | 19'' | Bi-ton,,Full LED | Matrix LED,14 haut-parleurs | Commandes au volant | Meridian | Amplificateur externe,USB | Android Auto | Apple Carplay | AUX | Bluetooth | Commande vocale | Chargeur de téléphone sans fil,Tactile | 12.3 pouces,Avant | Arrière,3,,,Suédine | Cuir artificiel,Électriques | Chauffants | Ventilés | Fonction mémoire,Conducteur et passager,Oui,Lunette et vitres arrières sur-teintées,Chauffant | Multi-fonctions | Avec palettes | Cuir artificiel,En hauteur et en profondeur,Démarrage mains libres,Automatique | Bizone | Ventilation arrière,À distance,Oui,,Anti-éblouissement,Électriques | Rabattables | Dégivrants | Noirs | Avec clignotants intégrés,Avant/Arrière,2026-02-08 17:43:24.122388,LKA | LFA,,,Cartographie Tunisienne | Service Kia,Ouvrant | En verre,Accès mains libres,,Périmétrique,Oui,,HAC,DAW,,,,LED,Aluminium,Oui,Éléctrique | EPB,12.3 pouces,,GT-Line,,,,Aluminium,Ouverture et fermeture motorisées | Ouverture mains libres,,0 g/km,,2 prises 12 V | 230 V | Chargeur inversé (V2L),Normal | Sport | Eco,Oui,1,,58 kWh,394 km,16.6 kWh/100 km,6 heures,18 minutes,,,,,,,52 L,,,,,,,,,,HBA,,,BCA,,Oui,,,,,,TSR | Avec régulation de la vitesse,,,,Niveau 2,,,,,,Escamotables,,,,,,,,,,,,,,,,,,,,,,
Kia,KIA EV6,https://www.automobile.tn/fr/neuf/kia/ev6,Long Range GT-Line,https://www.automobile.tn/fr/neuf/kia/ev6/gt-line-168kw-long-range-77.4-kwh-2wd,199 980 DT,Disponible,SUV,5 ans | Batterie garantie 8 ans,5,5,,Electrique,4 CV,229 CH,350 nm 0 tr/min,,Automatique,,Propulsion,4695 mm,1890 mm,1550 mm,480 L,7.3 s,185 KM/H,,,,Oui,Frontaux | Latéraux | Rideaux | Centraux,Oui,ESC,Oui,EBD | Système anti-collision avec détection des piétons | Freinage multi-collision | FCA,TPMS,Oui,Radar de recul | Radar avant | Système de caméras 360 | Détection du trafic en marche arrière | Stationnement intelligent à distance,Électrique,Oui,Adaptatif (ACC) | HDA,,,Feux de jour | Avant | Arrières | Clignotants à défilement,En aluminium | 20'' | Bi-ton,,Full LED | Matrix LED,14 haut-parleurs | Commandes au volant | Meridian | Amplificateur externe,USB | Android Auto | Apple Carplay | AUX | Bluetooth | Commande vocale | Chargeur de téléphone sans fil,Tactile | 12.3 pouces,Avant | Arrière,3,,,Suédine | Cuir artificiel,Électriques | Chauffants | Ventilés | Fonction mémoire,Conducteur et passager,Oui,Lunette et vitres arrières sur-teintées,Chauffant | Multi-fonctions | Avec palettes | Cuir artificiel,En hauteur et en profondeur,Démarrage mains libres,Automatique | Bizone | Ventilation arrière,À distance,Oui,,Anti-éblouissement,Électriques | Rabattables | Dégivrants | Noirs | Avec clignotants intégrés,Avant/Arrière,2026-02-08 17:43:26.021567,LKA | LFA,,,Cartographie Tunisienne | Service Kia,Ouvrant | En verre,Accès mains libres,,Périmétrique,Oui,,HAC,DAW,,,,LED,Aluminium,Oui,Éléctrique | EPB,12.3 pouces,,GT-Line,,,,Aluminium,Ouverture et fermeture motorisées | Ouverture mains libres,,0 g/km,,2 prises 12 V | 230 V | Chargeur inversé (V2L),Normal | Sport | Eco,Oui,1,,77.4 kWh,504 km,17.2 kWh/100 km,7.4 heures,18 minutes,,,,,,,52 L,,,,,,,,,,HBA,,,BCA,,Oui,,,,,,TSR | Avec régulation de la vitesse,,,,Niveau 2,,,,,,Escamotables,,,,,,,,,,,,,,,,,,,,,,
Kia,KIA EV6,https://www.automobile.tn/fr/neuf/kia/ev6,Dual Power 4WD GT-Line,https://www.automobile.tn/fr/neuf/kia/ev6/gt-line-239kw-long-range-77.4-kwh-4wd,239 980 DT,Disponible,SUV,5 ans | Batterie garantie 8 ans,5,5,,Electrique,6 CV,325 CH,605 nm 0 tr/min,,Automatique,,Intégrale,4695 mm,1890 mm,1550 mm,480 L,5.2 s,188 KM/H,,,,Oui,Frontaux | Latéraux | Rideaux | Centraux,Oui,ESC,Oui,EBD | Système anti-collision avec détection des piétons | Freinage multi-collision | FCA,TPMS,Oui,Radar de recul | Radar avant | Système de caméras 360 | Détection du trafic en marche arrière | Stationnement intelligent à distance,Électrique,Oui,Adaptatif (ACC) | HDA,,,Feux de jour | Avant | Arrières | Clignotants à défilement,En aluminium | 20'' | Bi-ton,,Full LED | Matrix LED,14 haut-parleurs | Commandes au volant | Meridian | Amplificateur externe,USB | Android Auto | Apple Carplay | AUX | Bluetooth | Commande vocale | Chargeur de téléphone sans fil,Tactile | 12.3 pouces,Avant | Arrière,3,,,Suédine | Cuir artificiel,Électriques | Chauffants | Ventilés | Fonction mémoire,Conducteur et passager,Oui,Lunette et vitres arrières sur-teintées,Chauffant | Multi-fonctions | Avec palettes | Cuir artificiel,En hauteur et en profondeur,Démarrage mains libres,Automatique | Bizone | Ventilation arrière,À distance,Oui,,Anti-éblouissement,Électriques | Rabattables | Dégivrants | Noirs | Avec clignotants intégrés,Avant/Arrière,2026-02-08 17:43:27.895977,LKA | LFA,,,Cartographie Tunisienne | Service Kia,Ouvrant | En verre,Accès mains libres,,Périmétrique,Oui,,HAC,DAW,,,,LED,Aluminium,Oui,Éléctrique | EPB,12.3 pouces,,GT-Line,,,,Aluminium,Ouverture et fermeture motorisées | Ouverture mains libres,,0 g/km,,2 prises 12 V | 230 V | Chargeur inversé (V2L),Normal | Sport | Eco,Oui,2,,77.4 kWh,484 km,18 kWh/100 km,7.4 heures,18 minutes,,,,,,,20 L,,,,,,,,,,HBA,,,BCA,,Oui,,,,,,TSR | Avec régulation de la vitesse,,,,Niveau 2,,,,,,Escamotables,,,,,,,,,,,,,,,,,,,,,,
Kia,KIA EV6 GT,https://www.automobile.tn/fr/neuf/kia/ev6-gt/awd,KIA EV6 GT,https://www.automobile.tn/fr/neuf/kia/ev6-gt/awd,,En pré-commande,SUV,5 ans | Batterie garantie 8 ans,5,5,,Electrique,11 CV,585 CH,740 nm 0 tr/min,,Automatique,,Intégrale,4695 mm,1890 mm,1545 mm,480 L,3.5 s,260 KM/H,,,,Oui,Frontaux | Latéraux | Rideaux | Centraux,Oui,ESC,Oui,EBD | Système anti-collision avec détection des piétons | Freinage multi-collision | FCA,TPMS,Oui,Radar de recul | Radar avant | Système de caméras 360 | Détection du trafic en marche arrière | Stationnement intelligent à distance,Électrique,Oui,Adaptatif (ACC) | HDA,,,Feux de jour | Avant | Arrières | Clignotants à défilement,En aluminium | 21'' | Bi-ton,,Full LED | Adaptatifs | Matrix LED,14 haut-parleurs | Commandes au volant | Meridian | Amplificateur externe,USB | Android Auto | Apple Carplay | AUX | Bluetooth | Commande vocale | Chargeur de téléphone sans fil,Tactile | 12.3 pouces,Avant | Arrière,3,,,Suédine | Cuir artificiel,Électriques | Chauffants | Ventilés | Réglage lombaire | Baquets | GT,Conducteur et passager,Oui,Lunette et vitres arrières sur-teintées,Chauffant | Multi-fonctions | Avec palettes | Cuir artificiel,En hauteur et en profondeur,Démarrage mains libres,Automatique | Bizone | Ventilation arrière,À distance,Oui,,Anti-éblouissement,Électriques | Rabattables | Dégivrants | Noirs | Avec clignotants intégrés,Avant/Arrière,2026-02-08 17:43:30.581463,LKA | LFA,,,Cartographie Tunisienne | Service Kia,Ouvrant | En verre,Accès mains libres,,Périmétrique,Oui,,Autohold | HAC,DAW,,,,LED,Aluminium,Oui,Éléctrique | EPB,12.3 pouces,,GT,,,,Aluminium,Ouverture et fermeture motorisées | Ouverture mains libres,,0 g/km,,2 prises 12 V | 230 V | Chargeur inversé (V2L),Normal | Eco | GT,Oui,2,,77.4 kWh,424 km,20.6 kWh/100 km,7.3 heures,18 minutes,,,,,ECS,,20 L,,,Étriers verts,eLSD,,,,,,HBA,,,BCA,,Oui,,,,,,TSR | Avec régulation de la vitesse,,,,Niveau 2,,,,,,Escamotables,,,,,,,,,,,,,,,,,,,,,,
Kia,KIA EV9,https://www.automobile.tn/fr/neuf/kia/ev9,99.8 kWh GT-Line 7 places,https://www.automobile.tn/fr/neuf/kia/ev9/99.8-kwh-gt-line-7-places,299 980 DT,Disponible,SUV,5 ans | Batterie garantie 8 ans,7,5,,Electrique,7 CV,385 CH,700 nm 0 tr/min,,Automatique,,Intégrale,5010 mm,1980 mm,1780 mm,312 L,5.3 s,200 KM/H,,,,Oui,Frontaux | Latéraux | Rideaux | Centraux,,ESC,Oui,EBD | Système anti-collision avec détection des piétons |  Freinage automatique anti-collision (AEB) | Freinage multi-collision | FCA,,Oui,Radar de recul | Radar avant | Système de caméras 360 | Détection du trafic en marche arrière | Stationnement intelligent à distance,Oui,,Adaptatif (ACC) | HDA,,,Feux de jour | Avant | Arrières,En aluminium | 21'',,Adaptatifs | Matrix LED,14 haut-parleurs | Commandes au volant | Meridian | Amplificateur externe,2 USB | Android Auto | 4 USB-C | Apple Carplay | Bluetooth | Commande vocale | Chargeur de téléphone sans fil,Tactile | 12.3 pouces,,,,,Cuir artificiel,Électriques | Chauffants | Massants | Ventilés | Réglage lombaire | Fonction mémoire,Conducteur et passager,Oui,Lunette et vitres arrières sur-teintées,Chauffant | Multi-fonctions | Réglage électrique | Avec palettes | Cuir artificiel,En hauteur et en profondeur,Démarrage mains libres,Automatique | 3 zones | Ventilation arrière,À distance,Oui,,Anti-éblouissement,Électriques | Rabattables | Dégivrants | Photosensibles,Avant/Arrière,2026-02-08 17:43:33.831157,LKA | LFA,,,GPS | Cartographie Tunisienne,Ouvrant | Panoramique,Accès mains libres,2318 L,,Oui,,HAC,Alerte Attention Conducteur par caméra,Alu satiné,,,LED,,Oui,Éléctrique | EPB,12.3 pouces,,GT-Line,Métallisée,Suédine,Poches aumônières,Aluminium,Ouverture et fermeture motorisées | Ouverture mains libres,,,,1 prise 12 V | 220 V,Normal | Sport | Eco,,2,,99.8 kWh,485 km,22.8 kWh/100 km,7.4 heures,18 minutes,,,Oui,,Amortissement piloté | ECS,,52 L,Oui,,,,,,,,,,,,BCA,,,,,,,TSA,TSR | Avec régulation de la vitesse,,,,,,,,Oui,,Escamotables | Ouverture à l'approche,,,,,,,,,,,,,,,,,,,,,,
Kia,KIA EV9,https://www.automobile.tn/fr/neuf/kia/ev9,99.8 kWh GT-Line 6 places,https://www.automobile.tn/fr/neuf/kia/ev9/99.8-kwh-gt-line-6-places,304 980 DT,Disponible,SUV,5 ans | Batterie garantie 8 ans,6,5,,Electrique,7 CV,385 CH,700 nm 0 tr/min,,Automatique,,Intégrale,5010 mm,1980 mm,1780 mm,312 L,5.3 s,200 KM/H,,,,Oui,Frontaux | Latéraux | Rideaux | Centraux,,ESC,Oui,EBD | Système anti-collision avec détection des piétons |  Freinage automatique anti-collision (AEB) | Freinage multi-collision | FCA,Oui,Oui,Radar de recul | Radar avant | Système de caméras 360 | Détection du trafic en marche arrière | Stationnement intelligent à distance,Oui,,Adaptatif (ACC) | HDA,,,Feux de jour | Avant | Arrières,En aluminium | 21'',,Adaptatifs | Matrix LED,14 haut-parleurs | Commandes au volant | Meridian | Amplificateur externe,2 USB | Android Auto | 4 USB-C | Apple Carplay | Bluetooth | Commande vocale | Chargeur de téléphone sans fil,Tactile | 12.3 pouces,,,,,Cuir artificiel,Électriques | Chauffants | Massants | Ventilés | Réglage lombaire | Fonction mémoire,Conducteur et passager,Oui,Lunette et vitres arrières sur-teintées,Chauffant | Multi-fonctions | Réglage électrique | Avec palettes | Cuir artificiel,En hauteur et en profondeur,Démarrage mains libres,Automatique | 3 zones | Ventilation arrière,À distance,Oui,,Anti-éblouissement,Électriques | Rabattables | Dégivrants | Photosensibles,Avant/Arrière,2026-02-08 17:43:35.966318,LKA | LFA,,,GPS | Cartographie Tunisienne,Ouvrant | Panoramique,Accès mains libres,2393 L,,Oui,,HAC,Alerte Attention Conducteur par caméra,Alu satiné,,,LED,,Oui,Éléctrique | EPB,12.3 pouces,,GT-Line,Métallisée,Suédine,Poches aumônières,Aluminium,Ouverture et fermeture motorisées | Ouverture mains libres,,,,1 prise 12 V | 220 V,Normal | Sport | Eco,,2,,99.8 kWh,485 km,22.8 kWh/100 km,7.4 heures,18 minutes,,,Oui,,Amortissement piloté | ECS,,52 L,Oui,,,,,,,,,,,,BCA,,,,,,,TSA,TSR | Avec régulation de la vitesse,,,,,,,,Oui,,Escamotables | Ouverture à l'approche,,,,,,,,,,,,,,,,,,,,,,
Kia,KIA Sorento Hybride,https://www.automobile.tn/fr/neuf/kia/sorento-hybride/1.6-t-gdi-hev,KIA Sorento Hybride,https://www.automobile.tn/fr/neuf/kia/sorento-hybride/1.6-t-gdi-hev,,Sur arrivage,SUV,5 ans,7,5,4,Essence | Hybride,10 CV,235 CH,367 nm 1500 tr/min,1598 CM³,Automatique,6,Intégrale,4815 mm,1900 mm,1700 mm,179 L,8.9 s,193 KM/H,,,6.1 L/100 km,Oui,Frontaux | Latéraux | Rideaux | Centraux,,ESC,Oui,EBD | Système anti-collision avec détection des piétons,TPMS,Oui,Radar de recul | Radar avant | Système de caméras 360 | Détection du trafic en marche arrière | Stationnement intelligent à distance,Oui,,Adaptatif (ACC) | HDA,LED,,Feux de jour | Avant | Arrières | Clignotants à défilement,En aluminium | 19'',,Full LED | Adaptatifs,12 haut-parleurs | Haut-parleurs Bose | Commandes au volant | Amplificateur externe,USB | Android Auto | Apple Carplay | Bluetooth | Commande vocale | Chargeur de téléphone sans fil,Tactile | 12.3 pouces,Avant | Arrière,,,,Cuir | Nappa,Électriques | Chauffants | Ventilés | Réglage lombaire | Fonction mémoire,Conducteur et passager,Oui,Lunette et vitres arrières sur-teintées,Cuir | Chauffant | Multi-fonctions | Réglage électrique | Avec palettes,En hauteur et en profondeur,Démarrage mains libres,Automatique | Bizone | Ventilation arrière,À distance,Oui,,Avec caméra arrière,Électriques | Dégivrants | Avec clignotants intégrés | Éclairage d'accueil à LED,Avant/Arrière,2026-02-08 17:43:39.061679,LKA | LFA,,,Cartographie Tunisienne,Ouvrant | Panoramique | En verre,Accès mains libres,813 L,,Oui,,HAC,,Alu satiné,,,LED,,Oui,Éléctrique | EPB,12.3 pouces,,,,,,Métal,,Maillage 3D,,,,Sport | Eco | Smart | Boue | Sable | Neige,,,,,,,,,,,,,,,,Oui,,,,,,,,,HBA,,,BCA,,,,180 CH,60 CH,264 nm,,Avec régulation de la vitesse,Oui,,,Niveau 2,,,,Oui,,,,,,,,,,,,,,,,,,,,,,,,
Land-Rover,Discovery Sport,https://www.automobile.tn/fr/neuf/land-rover/discovery-sport/1.5-l-p300e-phev-dynamic-se,Discovery Sport,https://www.automobile.tn/fr/neuf/land-rover/discovery-sport/1.5-l-p300e-phev-dynamic-se,,Disponible,SUV,5 ans ou 150000 km,5,5,3,Essence | Hybride rechargeable,11 CV,309 CH,540 nm 2000 tr/min,1498 CM³,Automatique,8,Intégrale,4597 mm,2069 mm,1727 mm,780 L,6.6 s,190 KM/H,,,1.6 L/100 km,Oui,Frontaux | Latéraux | Rideaux,,Oui,Oui,Freinage automatique anti-collision (AEB),TPMS,,Caméra de recul,Oui,Oui,Adaptatif (ACC),,,Feux de jour | Avant,En aluminium | 19'',,Signature LED | LED,12 haut-parleurs | 400W | Commandes au volant | Meridian,3 USB | Android Auto | Apple Carplay | Bluetooth | Chargeur de téléphone sans fil | Pivi Pro,Tactile | 13.1 pouces,Avant | Arrière,,Shadow Aluminium,,Cuir | Ebony,Électriques | 12 directions | Fonction mémoire,Conducteur et passager,Oui,Parebrise athermique | Lunette et vitres arrières sur-teintées,Multi-fonctions | Réglage électrique,En hauteur et en profondeur,Démarrage mains libres,Automatique | Bizone | Ventilation arrière,À distance,Oui,,Anti-éblouissement,Électriques | Rabattables | Dégivrants | Photosensibles | Éclairage d'accueil à LED,Avant/Arrière,2026-02-08 17:43:44.061302,Oui,,,,,Accès mains libres,1574 L,Périmétrique,Oui,,,,,,,Oui,Métal,Oui,Éléctrique,12.3 pouces,,,Métallisée,Morzine | Ebony,,Métal,Ouverture et fermeture motorisées,,,Oui,,,,,,15 kWh,62 km,,2.1 heures,,,,,,,,,,,,,,,,,,AHBA,,,,,,,200 CH,109 CH,260 nm,,,,,,,,,,,,,,,,,,,,,,,,,,,,,,,,,,
Land-Rover,Defender 110,https://www.automobile.tn/fr/neuf/land-rover/defender,2.0 L P400e PHEV S,https://www.automobile.tn/fr/neuf/land-rover/defender/2.0-l-p400e-phev-s,299 000 DT,Sur commande,SUV,5 ans ou 150000 km,5,5,4,Essence | Hybride rechargeable,19 CV,404 CH,640 nm 1500 tr/min,1997 CM³,Automatique,8,Intégrale,4758 mm,2008 mm,1972 mm,786 L,5.6 s,191 KM/H,,,3.1 L/100 km,Oui,Frontaux | Latéraux | Rideaux,,Oui,Oui,Freinage automatique anti-collision (AEB),TPMS,,,Oui,Oui,Adaptatif (ACC),,,Feux de jour | Avant,En aluminium | 19'',,Signature LED | LED,Commandes au volant,Android Auto | Apple Carplay | Bluetooth | Chargeur de téléphone sans fil | Pivi Pro,Tactile | 13.1 pouces,Avant | Arrière,,Light Cloud Powder,,Ebony | Resist,Électriques | 12 directions,Conducteur et passager,Oui,Parebrise athermique | Lunette et vitres arrières sur-teintées,Multi-fonctions | Dinamica,En hauteur et en profondeur,Démarrage mains libres,Automatique | 3 zones | Ventilation arrière | Purificateur d'air,À distance,Oui,,Anti-éblouissement,Électriques | Rabattables | Dégivrants | Photosensibles | Éclairage d'accueil à LED,Avant/Arrière,2026-02-08 17:43:47.062304,Oui,,,,,,1875 L,Périmétrique,Oui,,,Oui,,,,Oui,,Oui,Éléctrique,Oui,,,,Light Cloud,,,Cache Bagages,,,Oui,,,,,,19.2 kWh,44 km,,2 heures,,,,,,Pneumatique | Adaptative,,,Noires,,,,,,,,,AHBA,,,,,,,300 CH,142 CH,,,,,,,,,,,,,,,,,,,,,,,,,Oui,,,,,,,,,,
Land-Rover,Defender 110,https://www.automobile.tn/fr/neuf/land-rover/defender,2.0 L P400e PHEV X-Dynamic SE,https://www.automobile.tn/fr/neuf/land-rover/defender/2.0-l-p400e-phev-x-dynamic-se,319 800 DT,Sur commande,SUV,5 ans ou 150000 km,5,5,4,Essence | Hybride rechargeable,19 CV,404 CH,640 nm 1500 tr/min,1997 CM³,Automatique,8,Intégrale,4758 mm,2008 mm,1972 mm,786 L,5.6 s,191 KM/H,,,3.1 L/100 km,Oui,Frontaux | Latéraux | Rideaux,,Oui,Oui,Freinage automatique anti-collision (AEB),TPMS,,,Oui,Oui,Adaptatif (ACC),,,Feux de jour | Avant,En aluminium | 20'',,Signature LED | LED,Commandes au volant | Meridian,Android Auto | Apple Carplay | Bluetooth | Chargeur de téléphone sans fil | Pivi Pro,Tactile | 13.1 pouces,Avant | Arrière,,Light Cloud Powder,,Ebony | Resist,Électriques | 12 directions | Fonction mémoire,Conducteur et passager,Oui,Parebrise athermique | Lunette et vitres arrières sur-teintées,Multi-fonctions | Dinamica,En hauteur et en profondeur,Démarrage mains libres,Automatique | 3 zones | Ventilation arrière | Purificateur d'air,À distance,Oui,,Anti-éblouissement,Électriques | Rabattables | Dégivrants | Photosensibles | Éclairage d'accueil à LED,Avant/Arrière,2026-02-08 17:43:49.056314,Oui,,,,,,1875 L,Périmétrique,Oui,,,Oui,,,,Oui,,Oui,Éléctrique,Oui,,,,Morzine | Ebony,,,Cache Bagages,,,Oui,,,,,,19.2 kWh,44 km,,2 heures,,,,,,Pneumatique | Adaptative,,,Noires,,,,,,,,,AHBA,,,,,,,300 CH,142 CH,,,,,,,,,,,,,,,,,,,,,,,,,Oui,,,,,,,,,,
Land-Rover,Defender 110,https://www.automobile.tn/fr/neuf/land-rover/defender,2.0 L P400e PHEV X-Dynamic HSE,https://www.automobile.tn/fr/neuf/land-rover/defender/2.0-l-p400e-phev-x-dynamic-hse,339 000 DT,Sur commande,SUV,5 ans ou 150000 km,5,5,4,Essence | Hybride rechargeable,19 CV,404 CH,640 nm 1500 tr/min,1997 CM³,Automatique,8,Intégrale,4758 mm,2008 mm,1972 mm,786 L,5.6 s,191 KM/H,,,3.1 L/100 km,Oui,Frontaux | Latéraux | Rideaux,,Oui,Oui,Freinage automatique anti-collision (AEB),TPMS,,,Oui,Oui,Adaptatif (ACC),,,Feux de jour | Avant,En aluminium | 20'',,Signature LED | Matrix LED,Commandes au volant | Meridian,Android Auto | Apple Carplay | Bluetooth | Chargeur de téléphone sans fil | Pivi Pro,Tactile | 13.1 pouces,Avant | Arrière,,Light Cloud Powder,,Windsor | Ebony | Cuir étendu,Électriques | 14 directions | Chauffants | Ventilés | Fonction mémoire,Conducteur et passager,Oui,Parebrise athermique | Lunette et vitres arrières sur-teintées,Cuir | Multi-fonctions | Réglage électrique,En hauteur et en profondeur,Démarrage mains libres,Automatique | 3 zones | Ventilation arrière | Purificateur d'air,À distance,Oui,,Anti-éblouissement,Électriques | Rabattables | Dégivrants | Photosensibles | Éclairage d'accueil à LED,Avant/Arrière,2026-02-08 17:43:51.035367,Oui,,,,,,1875 L,Périmétrique,Oui,,,Oui,,,,Oui,,Oui,Éléctrique,Oui,,,,Morzine | Ebony,,,Cache Bagages | Soft close,,,Oui,,,,,,19.2 kWh,44 km,,2 heures,,,,,,Pneumatique | Adaptative,,,Noires,,,,,,,,,AHBA,,,,,,,300 CH,142 CH,,,,,,,,,,,,,,,,,,,,,,,,,Oui,,,,,,,,,,
Land-Rover,Defender 110,https://www.automobile.tn/fr/neuf/land-rover/defender,2.0 L P400e PHEV X,https://www.automobile.tn/fr/neuf/land-rover/defender/2.0-l-p400e-phev-x,365 000 DT,Sur commande,SUV,5 ans ou 150000 km,5,5,4,Essence | Hybride rechargeable,19 CV,404 CH,640 nm 1500 tr/min,1997 CM³,Automatique,8,Intégrale,4758 mm,2008 mm,1972 mm,786 L,5.6 s,191 KM/H,,,3.1 L/100 km,Oui,Frontaux | Latéraux | Rideaux,,Oui,Oui,Freinage automatique anti-collision (AEB),TPMS,,Détection du trafic en marche arrière,Oui,Oui,Adaptatif (ACC),,,Feux de jour | Avant,"En aluminium | 22""",,Signature LED | Matrix LED,Commandes au volant | Meridian,Android Auto | Apple Carplay | Bluetooth | Chargeur de téléphone sans fil | Pivi Pro,Tactile | 13.1 pouces,Avant | Arrière,,Metallic Grey Powder,Cuir,Cuir | Windsor | Ebony | Kvadrat,Électriques | 14 directions | Chauffants | Ventilés | Fonction mémoire,Conducteur et passager,Oui,Parebrise athermique | Lunette et vitres arrières sur-teintées,Cuir | Multi-fonctions | Réglage électrique,En hauteur et en profondeur,Démarrage mains libres,Automatique | 3 zones | Ventilation arrière | Purificateur d'air,À distance,Oui,,Anti-éblouissement  | ClearSight,Électriques | Rabattables | Dégivrants | Photosensibles | Éclairage d'accueil à LED,Avant/Arrière,2026-02-08 17:43:53.066030,Oui,,,,Ouvrant | Panoramique,,1875 L,Périmétrique,Oui,,,Oui,,,,Oui,,Oui,Éléctrique,Oui,,Starlight Satin Chrome,Métallisée,Ebony | Suédine,,Métal Brillant,Cache Bagages | Soft close,,,Oui,,,,,,19.2 kWh,44 km,,2 heures,,,,Oui,,Pneumatique | Adaptative,,,Noires,,Etriers oranges,Arrière,,,,,RCW,AHBA,,,Oui,,,,300 CH,142 CH,,,,,,,,,,,,,,,,,,,,,,,,,Configurable,,,,,,,,,,
Land-Rover,Defender 110,https://www.automobile.tn/fr/neuf/land-rover/defender,3.0 L P400 X-Dynamic SE,https://www.automobile.tn/fr/neuf/land-rover/defender/3.0-l-p400-x-dynamic-se,551 000 DT,Disponible,SUV,5 ans ou 150000 km,5,5,4,Essence | Hybride léger,29 CV,400 CH,550 nm 2000 tr/min,2996 CM³,Automatique,8,Intégrale,4758 mm,2008 mm,1972 mm,786 L,6.1 s,191 KM/H,,,10.7 L/100 km,Oui,Frontaux | Latéraux | Rideaux,,Oui,Oui,Freinage automatique anti-collision (AEB),TPMS,,Détection du trafic en marche arrière | Caméra panoramique 3D | Détecteurs d'obstacles à 360°,Oui,Oui,Adaptatif (ACC),Oui,,Feux de jour | Avant | Arrières,En aluminium | 19'',,Signature LED | LED,Commandes au volant | Meridian,Android Auto | Apple Carplay | Bluetooth | Chargeur de téléphone sans fil | Pivi Pro,Tactile | 11.4 pouces,Avant | Arrière,,Dark Grey Powder,,Ebony | Resist,Électriques | 12 directions | Fonction mémoire,Conducteur et passager,Oui,Lunette et vitres arrières sur-teintées,Multi-fonctions | Dinamica,En hauteur et en profondeur,Démarrage mains libres,Automatique | 3 zones | Ventilation arrière | Purificateur d'air,À distance,Oui,,Anti-éblouissement,Électriques | Rabattables | Dégivrants | Photosensibles | Éclairage d'accueil à LED,Avant/Arrière,2026-02-08 17:43:54.996040,Oui,,,,Ouvrant | Panoramique,Accès mains libres,1875 L,Périmétrique,Oui,,,,,,,Oui,,Oui,Éléctrique,Oui,,Black Pack,Métallisée,Morzine | Ebony,,,Cache Bagages,,263 g/km,Oui,,,,,,,,,,,,,,,Pneumatique | Adaptative,,,Noires,,,,,,,,RCW,AHBA,,,Oui,,,,,,,,,,,,,,,,,,,,,,,,,,,,,,Oui,,,,,,,,,,
Land-Rover,Range Rover Evoque,https://www.automobile.tn/fr/neuf/land-rover/range-rover-evoque,1.5 l P300e PHEV S,https://www.automobile.tn/fr/neuf/land-rover/range-rover-evoque/1.5-l-p300e-phev-s,225 000 DT,Sur commande,SUV,5 ans ou 150000 km,5,5,3,Essence | Hybride rechargeable,11 CV,309 CH,540 nm 2000 tr/min,1498 CM³,Automatique,8,Intégrale,4371 mm,1904 mm,1649 mm,472 L,6.4 s,190 KM/H,,,1.4 L/100 km,Oui,Frontaux | Latéraux | Rideaux,,Oui,Oui,Freinage automatique anti-collision (AEB),TPMS,Oui,Radar de recul | Radar avant | Caméra de recul,Oui,,Adaptatif (ACC),,,Avant | Arrières | Clignotants à défilement,En aluminium | 18'',,LED,Commandes au volant,Android Auto | Apple Carplay | Chargeur de téléphone sans fil | Pivi Pro,Tactile | 11.4 pouces,Avant | Arrière,,Dark Anodised,,Ebony | Cuir grainé,Électriques | 12 directions | Fonction mémoire,Conducteur et passager,Oui,,Multi-fonctions | Avec palettes,En hauteur et en profondeur,Démarrage mains libres,Automatique | Bizone,À distance,Oui,,Anti-éblouissement,Électriques | Rabattables | Dégivrants | Photosensibles | Éclairage d'accueil à LED,Avant/Arrière,2026-02-08 17:43:57.928019,Oui,,,,,Accès mains libres,1156 L,Périmétrique,Oui,,,Oui,,Oui,,Oui,,Oui,Éléctrique,Oui,,,,,,,,,,,,,,,,15 kWh,66 km,,2.1 heures,,,,,,,,,,,,,,,,,,,,,,,,,200 CH,109 CH,260 nm,,,,,,,,,,,,,,,,,,,,,,,,Oui,,,,,,,,,,
Land-Rover,Range Rover Evoque,https://www.automobile.tn/fr/neuf/land-rover/range-rover-evoque,1.5 l P300e PHEV Dynamic SE,https://www.automobile.tn/fr/neuf/land-rover/range-rover-evoque/1.5-l-p300e-phev-dynamic-se,239 000 DT,Sur commande,SUV,5 ans ou 150000 km,5,5,3,Essence | Hybride rechargeable,11 CV,309 CH,540 nm 2000 tr/min,1498 CM³,Automatique,8,Intégrale,4371 mm,1904 mm,1649 mm,472 L,6.4 s,190 KM/H,,,1.4 L/100 km,Oui,Frontaux | Latéraux | Rideaux,,Oui,Oui,Freinage automatique anti-collision (AEB),TPMS,Oui,Radar de recul | Radar avant | Détection du trafic en marche arrière | Caméra panoramique 3D,Oui,,Adaptatif (ACC),,,Avant | Arrières | Clignotants à défilement,En aluminium | 19'',,Signature LED | LED,Commandes au volant | Meridian,Android Auto | Apple Carplay | Chargeur de téléphone sans fil | Pivi Pro,Tactile | 11.4 pouces,Avant | Arrière,,Black Brushed Aluminium,,Dynamic | Ebony | Cuir grainé,Électriques | 12 directions | Fonction mémoire,Conducteur et passager,Oui,,Multi-fonctions | Avec palettes,En hauteur et en profondeur,Démarrage mains libres,Automatique | Bizone,À distance,Oui,,Anti-éblouissement,Électriques | Rabattables | Dégivrants | Photosensibles | Éclairage d'accueil à LED,Avant/Arrière,2026-02-08 17:43:59.954753,Oui,,,,,Accès mains libres,1156 L,Périmétrique,Oui,,,Oui,,Oui,,Oui,Chromés,Oui,Éléctrique,12.3 pouces,,,,,,Métal Brillant,Ouverture et fermeture motorisées,,,,,,,,,15 kWh,66 km,,2.1 heures,,,,,,,,,,,,,,,,,RCW,AHBA,,,Oui,,,,200 CH,109 CH,260 nm,,,,,,,,,,,,,,,,,,,,,,,,Oui,,,,,,,,,,
Land-Rover,Range Rover Evoque,https://www.automobile.tn/fr/neuf/land-rover/range-rover-evoque,2.0 l D163 Dynamic SE +,https://www.automobile.tn/fr/neuf/land-rover/range-rover-evoque/2.0-l-d163-dynamic-se-plus,367 000 DT,Sur commande,SUV,5 ans ou 150000 km,5,5,4,Diesel,8 CV,163 CH,380 nm 1750 tr/min,1999 CM³,Automatique,9,Intégrale,4371 mm,1904 mm,1649 mm,591 L,10.5 s,201 KM/H,6.3 L/100 km,4.9 L/100 km,5.4 L/100 km,Oui,Frontaux | Latéraux | Rideaux,,Oui,Oui,Freinage automatique anti-collision (AEB),TPMS,Oui,Radar de recul | Radar avant | Caméra de recul | Détection du trafic en marche arrière,Oui,,Adaptatif (ACC),,,Avant | Arrières | Clignotants à défilement,En aluminium | 19'',,Signature LED | LED,Commandes au volant | Meridian,USB | Android Auto | Apple Carplay | Chargeur de téléphone sans fil | Pivi Pro,Tactile | 11.4 pouces,Avant | Arrière,,Dark Anodised,,Cuir | Ebony,Électriques | 12 directions | Fonction mémoire,Conducteur et passager,Oui,Lunette et vitres arrières sur-teintées,Multi-fonctions | Avec palettes,En hauteur et en profondeur,Démarrage mains libres,Automatique | Bizone,À distance,Oui,,Anti-éblouissement,Électriques | Rabattables | Dégivrants | Photosensibles | Éclairage d'accueil à LED,Avant/Arrière,2026-02-08 17:44:01.958691,Oui,,,,Ouvrant | Panoramique,Accès mains libres,,Périmétrique,Oui,,,Oui,,Oui,,Oui,Chromés,Oui,Éléctrique,12.3 pouces,,R-Dynamic,Métallisée,,,Métal Brillant,Ouverture et fermeture motorisées,,,,,,,,,,,,,,,,,,,,,,,,,,,,,RCW,AHBA,,,Oui,,,,,,,,,,,,,,,,,,,,,,,,,,,,,,,,,,,,,,,,
Land-Rover,Range Rover Velar,https://www.automobile.tn/fr/neuf/land-rover/range-rover-velar/2.0-l-p250-dynamic-se,Range Rover Velar,https://www.automobile.tn/fr/neuf/land-rover/range-rover-velar/2.0-l-p250-dynamic-se,,Sur commande,SUV,5 ans ou 150000 km,5,5,4,Essence,15 CV,250 CH,365 nm 1200 tr/min,1998 CM³,Automatique,8,Intégrale,4797 mm,2041 mm,1683 mm,673 L,7.5 s,217 KM/H,9.4 L/100 km,6.7 L/100 km,7.7 L/100 km,Oui,Frontaux | Latéraux | Rideaux,,Oui,Oui,AFU |  Freinage automatique anti-collision (AEB),TPMS,,Radar de recul | Radar avant | Détection du trafic en marche arrière | Caméra panoramique 3D,Oui,,Adaptatif (ACC),,,Feux de jour | Avant | Arrières | Clignotants à défilement,En aluminium | 20'',,Signature LED | LED,12 haut-parleurs | 400W | Meridian,Android Auto | Apple Carplay | Bluetooth | Chargeur de téléphone sans fil | Pivi Pro,Tactile,,,Fine Brushed Aluminium,,Cuir | Ebony,Électriques | 14 directions | Réglage lombaire | Fonction mémoire,Conducteur et passager,Oui,Parebrise athermique,Multi-fonctions,En hauteur et en profondeur,,Automatique | 4 zones,À distance,Oui,,Anti-éblouissement,Électriques | Rabattables | Dégivrants | Photosensibles | Éclairage d'accueil à LED,Avant/Arrière,2026-02-08 17:44:04.784277,Oui,,,,Panoramique,,,Périmétrique,Oui,,,Oui,,,,Oui,Métal,Oui,Éléctrique,,,,Métallisée,Morzine | Light Oyster,,Métal Brillant,Ouverture et fermeture motorisées,,,,,,,,,,,,,,,,,,,,,,,,,,,,,,AHBA,,,Oui,,,,,,,,,,,,,Déclenchement électrique,,,,,,,,,,,Oui,,,,,,Oui,,,,,,,,,,
Land-Rover,Range Rover Sport,https://www.automobile.tn/fr/neuf/land-rover/range-rover-sport,3.0 L P460 PHEV S,https://www.automobile.tn/fr/neuf/land-rover/range-rover-sport/3.0-l-p460-phev-s,399 000 DT,Sur commande,SUV,5 ans ou 150000 km,5,5,6,Essence | Hybride rechargeable,25 CV,460 CH,660 nm 2000 tr/min,2997 CM³,Automatique,8,Intégrale,4946 mm,2047 mm,1820 mm,647 L,5.5 s,225 KM/H,,,0.8 L/100 km,Oui,Frontaux | Latéraux | Rideaux,Oui,Oui,Oui,AFU,TPMS,,Radar de recul | Radar avant | Détection du trafic en marche arrière | Caméra panoramique 3D,Oui,Oui,Oui,,Oui,Feux de jour | Avant | Arrières | Clignotants à défilement,En aluminium | 20'',Oui,Full LED | Signature LED,Commandes au volant | Meridian,Android Auto | Apple Carplay | AUX | Bluetooth | Pivi Pro,Tactile | 13.1 pouces,Avant | Réfrigéré | Arrière,2,Fine Brushed Aluminium,Cuir,Ebony | Cuir grainé,Électriques | 12 directions | Chauffants | Fonction mémoire,Conducteur et passager,Oui,Teintées | Parebrise athermique,Cuir | Multi-fonctions | Avec palettes,En hauteur et en profondeur,Démarrage mains libres,Automatique | 4 zones | Ventilation arrière | Purificateur d'air,À distance,Oui,,Anti-éblouissement,Électriques | Rabattables | Dégivrants | Mémoire de position,Avant/Arrière,2026-02-08 17:44:07.456949,Oui,,,GPS,,Accès mains libres,,Périmétrique,Oui,,,Oui,,,,Oui,Aluminium | Eclairés,Oui,Éléctrique,,,,Métallisée,Ebony,,,Ouverture et fermeture motorisées | Seuil de chargement en métal,,,,,,Oui,,,,123 km,,,,,Cuir,,,Pneumatique | Adaptative,,,,,Étriers noirs,,,,,,RCW,AHBA,Oui,,Oui,,,,,218 CH,,,,,,,,,,,,,,,,,,,Oui,,,,,,Oui,,,,,,,,,,
Land-Rover,Range Rover Sport,https://www.automobile.tn/fr/neuf/land-rover/range-rover-sport,3.0 L P460 PHEV SE,https://www.automobile.tn/fr/neuf/land-rover/range-rover-sport/3.0-l-p460-phev-se,424 900 DT,Sur commande,SUV,5 ans ou 150000 km,5,5,6,Essence | Hybride rechargeable,25 CV,460 CH,660 nm 2000 tr/min,2997 CM³,Automatique,8,Intégrale,4946 mm,2047 mm,1820 mm,647 L,5.5 s,225 KM/H,,,0.8 L/100 km,Oui,Frontaux | Latéraux | Rideaux,Oui,Oui,Oui,AFU,TPMS,,Radar de recul | Radar avant | Détection du trafic en marche arrière | Caméra panoramique 3D,Oui,Oui,Adaptatif (ACC),,Oui,Feux de jour | Avant | Arrières | Clignotants à défilement,En aluminium | 21'',Oui,Signature LED | Pixel LED,Commandes au volant | Meridian,Android Auto | Apple Carplay | AUX | Bluetooth | Pivi Pro,Tactile | 13.1 pouces,Avant | Réfrigéré | Arrière,2,Fine Brushed Aluminium,Cuir,Cuir perforé | Windsor | Ebony | Cuir étendu,Électriques | 20 directions | Chauffants | Fonction mémoire,Conducteur et passager,Oui,Teintées | Parebrise athermique | Avant et arrière feuilletées,Cuir | Multi-fonctions | Avec palettes,En hauteur et en profondeur,Démarrage mains libres,Automatique | 4 zones | Ventilation arrière | Purificateur d'air,À distance,Oui,,Anti-éblouissement,Électriques | Rabattables | Dégivrants | Mémoire de position,Avant/Arrière,2026-02-08 17:44:09.349101,Oui,,,GPS,,Accès mains libres,,Périmétrique,Oui,,,Oui,,,,Oui,Aluminium | Eclairés,Oui,Éléctrique,,,,Métallisée,Ebony,,,Ouverture et fermeture motorisées | Seuil de chargement en métal,,,,,,Oui,,,,123 km,,,,,Cuir,,,Pneumatique | Adaptative,,,,,Étriers noirs,,,,,,RCW,,Oui,,Oui,,,,,218 CH,,,,,,,,,,,,,,,,,,,Oui,,,,,,Oui,,,,,,,,,,
Land-Rover,Range Rover Sport,https://www.automobile.tn/fr/neuf/land-rover/range-rover-sport,3.0 L P460 PHEV Dynamic SE,https://www.automobile.tn/fr/neuf/land-rover/range-rover-sport/3.0-l-p460-phev-dynamic-se,437 500 DT,Sur commande,SUV,5 ans ou 150000 km,5,5,6,Essence | Hybride rechargeable,25 CV,460 CH,660 nm 2000 tr/min,2997 CM³,Automatique,8,Intégrale,4946 mm,2047 mm,1820 mm,647 L,5.5 s,225 KM/H,,,0.8 L/100 km,Oui,Frontaux | Latéraux | Rideaux,Oui,Oui,Oui,AFU,TPMS,,Radar de recul | Radar avant | Détection du trafic en marche arrière | Caméra panoramique 3D,Oui,Oui,Adaptatif (ACC),,Oui,Feux de jour | Avant | Arrières | Clignotants à défilement,En aluminium | 21'',Oui,Signature LED | Pixel LED,Commandes au volant | Meridian,Android Auto | Apple Carplay | AUX | Bluetooth | Pivi Pro,Tactile | 13.1 pouces,Avant | Réfrigéré | Arrière,2,Fine Brushed Aluminium,Cuir,Cuir perforé | Windsor | Ebony | Cuir étendu,Électriques | 20 directions | Chauffants | Fonction mémoire,Conducteur et passager,Oui,Teintées | Parebrise athermique | Avant et arrière feuilletées,Cuir | Multi-fonctions | Avec palettes,En hauteur et en profondeur,Démarrage mains libres,Automatique | 4 zones | Ventilation arrière | Purificateur d'air,À distance,Oui,,Anti-éblouissement,Électriques | Rabattables | Dégivrants | Photosensibles | Mémoire de position,Avant/Arrière,2026-02-08 17:44:11.162926,Oui,,,GPS,,Accès mains libres,,Périmétrique,Oui,,,Oui,,,,Oui,Aluminium | Eclairés,Oui,Éléctrique,,,,Métallisée,Ebony,,Métal Brillant,Ouverture et fermeture motorisées | Seuil de chargement en métal,,,,,,Oui,,,,123 km,,,,,Cuir,,,Pneumatique | Adaptative,,,,,Étriers noirs,,,,,,RCW,,Oui,,Oui,,,,,218 CH,,,,,,,,,,,,,,,,,,,Oui,,,,,,Configurable,,,,,,,,,,
Land-Rover,Range Rover Sport,https://www.automobile.tn/fr/neuf/land-rover/range-rover-sport,3.0 L P460 PHEV Dynamic HSE,https://www.automobile.tn/fr/neuf/land-rover/range-rover-sport/3.0-l-p460-phev-dynamic-hse,469 900 DT,Sur commande,SUV,5 ans ou 150000 km,5,5,6,Essence | Hybride rechargeable,25 CV,460 CH,660 nm 2000 tr/min,2997 CM³,Automatique,8,Intégrale,4946 mm,2047 mm,1820 mm,647 L,5.5 s,225 KM/H,,,0.8 L/100 km,Oui,Frontaux | Latéraux | Rideaux,Oui,Oui,Oui,AFU,TPMS,,Radar de recul | Radar avant | Parkassist | Détection du trafic en marche arrière | Caméra panoramique 3D,Oui,Oui,Adaptatif (ACC),,Oui,Feux de jour | Avant | Arrières | Clignotants à défilement,"En aluminium | 22""",Oui,Signature LED | Pixel LED,Commandes au volant | Meridian | 3D Surround,Android Auto | Apple Carplay | AUX | Bluetooth | Pivi Pro,Tactile | 13.1 pouces,Avant | Réfrigéré | Arrière,2,Fine Brushed Aluminium,Cuir,Cuir perforé | Semi aniline | Ebony | Cuir étendu,Électriques | 20 directions | Chauffants | Ventilés | Fonction mémoire,Conducteur et passager,Oui,Teintées | Parebrise athermique | Avant et arrière feuilletées,Cuir | Multi-fonctions | Avec palettes,En hauteur et en profondeur,Démarrage mains libres,Automatique | 4 zones | Ventilation arrière | Purificateur d'air,À distance,Oui,,Anti-éblouissement  | ClearSight,Électriques | Rabattables | Dégivrants | Photosensibles | Mémoire de position,Avant/Arrière,2026-02-08 17:44:13.134312,Oui,,,GPS,,Accès mains libres,,Périmétrique,Oui,,,Oui,,,,Oui,Aluminium | Eclairés,Oui,Éléctrique,,,,Métallisée,Ebony,,Métal Brillant,Ouverture et fermeture motorisées | Seuil de chargement en métal,,,,,,Oui,,,,123 km,,,,,Cuir,Oui,Soft close,Pneumatique | Adaptative,,,,,Étriers noirs,,,,,,RCW,,Oui,,Oui,,,,,218 CH,,,,,,,,,,,,,,,,,,,Oui,,,,,,Configurable,,,,,,,,,,
Land-Rover,Range Rover Sport,https://www.automobile.tn/fr/neuf/land-rover/range-rover-sport,3.0 L P460 PHEV Autobiography,https://www.automobile.tn/fr/neuf/land-rover/range-rover-sport/3.0-l-p460-phev-autobiography,501 000 DT,Sur commande,SUV,5 ans ou 150000 km,5,5,6,Essence | Hybride rechargeable,25 CV,460 CH,660 nm 2000 tr/min,2997 CM³,Automatique,8,Intégrale,4946 mm,2047 mm,1820 mm,647 L,5.5 s,225 KM/H,,,0.8 L/100 km,Oui,Frontaux | Latéraux | Rideaux,Oui,Oui,Oui,AFU,TPMS,,Radar de recul | Radar avant | Parkassist | Détection du trafic en marche arrière | Caméra panoramique 3D,Oui,Oui,Adaptatif (ACC),,Oui,Feux de jour | Avant | Arrières | Clignotants à défilement,"En aluminium | 22""",Oui,Signature LED | Digital Light,Commandes au volant | Meridian | 3D Surround,Android Auto | Apple Carplay | AUX | Bluetooth | Pivi Pro,Tactile | 13.1 pouces,Avant | Réfrigéré | Arrière,2,Bois | Natural Black,Cuir,Cuir perforé | Semi aniline | Ebony | Cuir étendu,Électriques | Chauffants | Massants | Ventilés | Fonction mémoire | 22 directions,Conducteur et passager,SV Bespoke,Teintées | Parebrise athermique | Avant et arrière feuilletées,Cuir | Multi-fonctions | Avec palettes,En hauteur et en profondeur,Démarrage mains libres,Automatique | 4 zones | Ventilation arrière | Purificateur d'air,À distance,Oui,,Anti-éblouissement  | ClearSight,Électriques | Rabattables | Dégivrants | Photosensibles | Mémoire de position,Avant/Arrière,2026-02-08 17:44:14.949694,Oui,,,GPS,,Accès mains libres,,Périmétrique,Oui,,,Oui,,,,Oui,Aluminium | Eclairés,Oui,Éléctrique,,,Autobiography,Métallisée,Ebony | Suédine | SV Bespoke,,Métal Brillant,Ouverture et fermeture motorisées | Seuil de chargement en métal,,,,,,Oui,,,,123 km,,,,,Cuir,Oui,Soft close,Pneumatique | Adaptative,,,,,Étriers noirs,,,,,,RCW,,Oui,,Oui,,,,,218 CH,,,,,,,,,,,,,,,,,,,Oui,,,,,,Configurable,,,,,,,,,,
Land-Rover,Range Rover,https://www.automobile.tn/fr/neuf/land-rover/range-rover/3.0-l-p460-phev-2025-se,Range Rover,https://www.automobile.tn/fr/neuf/land-rover/range-rover/3.0-l-p460-phev-2025-se,,Sur commande,SUV,5 ans ou 150000 km,5,5,6,Essence | Hybride rechargeable,28 CV,460 CH,660 nm 2000 tr/min,2997 CM³,Automatique,8,Intégrale,5052 mm,2047 mm,1870 mm,818 L,5.7 s,225 KM/H,,,0.8 L/100 km,Oui,Frontaux | Latéraux | Rideaux,Oui,Oui,Oui,AFU,Oui,,Radar de recul | Radar avant | Parkassist | Détection du trafic en marche arrière | Caméra panoramique 3D,Oui,,Adaptatif (ACC),Oui,Lave Phares | Pare-chocs | Poignées de portes | Rétroviseurs | Revêtement des seuils de portes | Toit,Feux de jour | Avant | Arrières | Clignotants à défilement,En aluminium | 21'',Oui,Signature LED | Pixel LED,14 haut-parleurs | 400W | Commandes au volant | Meridian | Subwoofer,Android Auto | Apple Carplay | Bluetooth | Chargeur à induction avec amplificateur de signal téléphonique | Pivi Pro,Tactile | 13.1 pouces,Avant | Réfrigéré | Arrière,2,Bois | Natural Brown Walnut,Cuir,Cuir perforé | Windsor | Ebony | Cuir étendu,Électriques | 20 directions | Chauffants | Réglage lombaire | Fonction mémoire,Conducteur et passager,Ebony,Parebrise athermique | Vitres latérales en verre feuilleté | Vitres latérales en verre trempé,Multi-fonctions | Cuir pleine fleur,En hauteur et en profondeur,Démarrage mains libres,Automatique | 4 zones | Purificateur d'air,À distance,Oui,,Anti-éblouissement,Électriques | Rabattables | Dégivrants | Photosensibles | Avec clignotants intégrés,Avant/Arrière,2026-02-08 17:44:17.819265,Oui,,,,Panoramique,Accès mains libres,1841 L,Périmétrique,Oui,,Oui,Oui,,,,30 Couleurs,Aluminium,Oui,Éléctrique,,,,Métallisée,Ebony | Perlino,,Métal Brillant,Ouverture et fermeture motorisées | Ouverture mains libres | Cache Bagages,,,,,,Oui,,,,121 km,,,,,,,Soft close,Pneumatique | Adaptative,,,,,,,,,,,RCW,,Oui,,Oui,,,,,218 CH,,,,,,,,,,,,,,,,,,,Oui,,,,,,Oui,Oui,,,,,,,,,
Lynk-Co,Lynk & Co 01,https://www.automobile.tn/fr/neuf/lynk-co/01/1.5-l-more,Lynk & Co 01,https://www.automobile.tn/fr/neuf/lynk-co/01/1.5-l-more,,En pré-commande,SUV,5 ans ou 150000 km | Batterie garantie 8 ans ou 200.000 km,5,5,4,Essence | Hybride rechargeable,7 CV,276 CH,535 nm 2500 tr/min,1499 CM³,Automatique,,Traction,4545 mm,1860 mm,1694 mm,466 L,7.7 s,200 KM/H,,,0.9 L/100 km,Oui,Frontaux | Latéraux | Rideaux | Centraux,LDW,ESC | TCS,Oui,EBD |  Freinage automatique anti-collision (AEB),TPMS,Oui,Radar de recul | Radar avant | Système de caméras 540°,Oui,Oui,Adaptatif (ACC),,,Feux de jour | Avant | Arrières | Clignotants à défilement,En aluminium | 19'',,Full LED | Adaptatifs,10 haut-parleurs | Harman/Kardon | Commandes au volant | Infinity,USB-C | Android Auto | Apple Carplay | Bluetooth | Commande vocale | Chargeur de téléphone sans fil,Tactile | 15.4 pouces,Avant | Arrière,3,,,Similicuir,Conducteur à réglage électrique | 8 directions | Chauffants | Réglage lombaire | Fonction mémoire,Conducteur et passager,Oui,Lunette et vitres arrières sur-teintées,Similicuir | Chauffant | Multi-fonctions,En hauteur et en profondeur,Démarrage mains libres,Automatique | Bizone | Ventilation arrière | Purificateur d'air,À distance,Oui,Oui,Anti-éblouissement  | Sans Cadre,Électriques | Rabattables | Dégivrants | Mémoire de position,Avant/Arrière,2026-02-08 17:44:21.901801,LKA | LCA | ELKA,HDC,,GPS,Ouvrant | Panoramique,Accès mains libres,,Oui,Oui,Triangle de présignalisation,HAC,DMS,,Oui,Oui,Oui,,Oui,Éléctrique | EPB,10.2 pouces,,,Métallisée | Bi-ton,Noir,Poches aumônières,,Ouverture et fermeture motorisées,,,,1 prise 12 V | Chargeur inversé (V2L),Power | Pure | Hybride,RCTA,,,17.72 kWh,75 km,,2.1 heures,,,,,,,,,Oui,,,,,,,,RCW,Oui,,,BSD,,,,137 CH,143 CH,338 nm,,,Oui,,,Niveau 2,,,,,,,,,ARP,,,,,,,,,,,Oui,,,,,,,,
Lynk-Co,Lynk & Co 02,https://www.automobile.tn/fr/neuf/lynk-co/02/66-kwh-more,Lynk & Co 02,https://www.automobile.tn/fr/neuf/lynk-co/02/66-kwh-more,,En pré-commande,SUV,5 ans ou 150000 km | Batterie garantie 8 ans ou 200.000 km,5,5,,Electrique,5 CV,272 CH,343 nm 0 tr/min,,Automatique,,Propulsion,4460 mm,1845 mm,1573 mm,410 L,5.5 s,180 KM/H,,,,Oui,Frontaux | Latéraux | Rideaux | Centraux,LDW,ESC,Oui,Freinage automatique anti-collision (AEB),TPMS,Oui,Radar de recul | Radar avant | Système de caméras 360,Oui,Oui,Adaptatif (ACC),LED,Oui,Feux de jour | Avant | Arrières | Clignotants à défilement,En aluminium | 19'',,Full LED | Adaptatifs,14 haut-parleurs | Harman/Kardon | Commandes au volant,USB | 2 USB-C | Android Auto | Apple Carplay | Bluetooth | Commande vocale | Chargeur de téléphone sans fil,Tactile | 15.4 pouces,Avant | Arrière,3,,,Similicuir,Électriques | 6 directions | Chauffants | Réglage lombaire | Fonction mémoire,Conducteur et passager,Oui,Lunette et vitres arrières sur-teintées,Similicuir | Multi-fonctions,En hauteur et en profondeur,Démarrage mains libres,Automatique | Bizone | Ventilation arrière | Purificateur d'air,À distance,Oui,Oui,Sans Cadre,Électriques | Rabattables | Dégivrants | Mémoire de position,Avant/Arrière,2026-02-08 17:44:24.622363,LKA | ELKA,HDC,,GPS,Panoramique,Accès mains libres,,Oui,Oui,Triangle de présignalisation,HSA,DMS,,Oui,Oui,Oui,,Oui,Éléctrique | EPB,10.2 pouces,,,Métallisée | Bi-ton,Noir,,,Ouverture et fermeture motorisées,,,,1 prise 12 V | Chargeur inversé (V2L),Confort | Sport | Eco,RCTA | FCTA,1,,66 kWh,435 km,17.6 kWh/100 km,4.2 heures,31 minutes,,,,,,,15 L,,,,,,,,,RCW | EMA,Oui,,,BSD,,,,,,,,,Oui,,,Niveau 2 | TJA,,11 kwh,,,,Escamotables,,,ARP,,,,,,,,,,,Oui,,,,,,,,
Lynk-Co,Lynk & Co 08,https://www.automobile.tn/fr/neuf/lynk-co/08/1.5-l-more,Lynk & Co 08,https://www.automobile.tn/fr/neuf/lynk-co/08/1.5-l-more,,En pré-commande,SUV,5 ans ou 150000 km | Batterie garantie 8 ans ou 150000 km,5,5,4,Essence | Hybride rechargeable,7 CV,345 CH,905 nm 2500 tr/min,1499 CM³,Automatique,,Traction,4820 mm,1915 mm,1685 mm,540 L,6.8 s,185 KM/H,,,0.9 L/100 km,Oui,Frontaux | Latéraux | Rideaux | Centraux,LDW,ESC | TCS,Oui,Système anti-collision avec détection des piétons |  Freinage automatique anti-collision (AEB),TPMS,Oui,Radar de recul | Radar avant | Système de caméras 540°,Oui,Oui,Adaptatif (ACC),,,Feux de jour | Avant | Arrières | Clignotants à défilement,En aluminium | 19'',,Adaptatifs | Matrix LED,Harman/Kardon | Commandes au volant | 23 haut-parleurs,USB | Android Auto | Apple Carplay | Bluetooth | Commande vocale | Chargeur de téléphone sans fil | 3 USB-C,Tactile | 15.4 pouces,Avant | Arrière,3,,,Cuir | Nappa,Électriques | 8 directions | Chauffants | Massants | Ventilés | Réglage lombaire | Fonction mémoire,Conducteur et passager,Oui,Lunette et vitres arrières sur-teintées,Similicuir | Chauffant | Multi-fonctions,En hauteur et en profondeur,Démarrage mains libres,Automatique | 3 zones | Ventilation arrière | Purificateur d'air,À distance,Oui,Oui,Anti-éblouissement  | Sans Cadre,Électriques | Rabattables | Dégivrants | Mémoire de position,Avant/Arrière,2026-02-08 17:44:27.391089,LKA | LCA,HDC,,GPS,Ouvrant | Panoramique,Accès mains libres,,Oui,Oui,Triangle de présignalisation,HAC,DMS,Noir Brillant,Oui,Oui,Oui,,Oui,Éléctrique | EPB,10.2 pouces,,,Métallisée | Bi-ton,Beige,Poches aumônières,,Ouverture et fermeture motorisées,,,,2 prises 12 V | Chargeur inversé (V2L),Power | Pure | Hybride,RCTA | FCTA,1,,39.6 kWh,200 km,,2.52 heures,33 minutes,,,,,,,,Oui,,,,,,,,RCW,Oui,,,BSD,,,,137 CH,208 CH,350 nm,,,Oui,,,Niveau 2,,,,,,Escamotables,,,ARP,,,,,,,,,,,Oui,,,,,,,,
Mahindra,Mahindra KUV 100,https://www.automobile.tn/fr/neuf/mahindra/kuv-100/1.2-l-k8,Mahindra KUV 100,https://www.automobile.tn/fr/neuf/mahindra/kuv-100/1.2-l-k8,,Disponible,SUV,3 ans,5,5,3,Essence,5 CV,82 CH,115 nm 3500 tr/min,1198 CM³,Manuelle,5,Traction,3700 mm,1735 mm,1655 mm,243 L,14.5 s,160 KM/H,N.C,N.C,5.4 L/100 km,Oui,Frontaux,,ESP,Oui,,,Oui,Radar de recul,Électrique,,,Oui,Poignées de portes | Rétroviseurs,Feux de jour,En aluminium | 15'',,,4 haut-parleurs | Commandes au volant,USB | AUX | Bluetooth,Tactile | 7 pouces,,,Noir,,Tissu,,Conducteur,Oui,,,En hauteur,Démarrage mains libres,Automatique,À distance,Oui,,,Électriques | Rabattables | Avec clignotants intégrés,Avant/Arrière,2026-02-08 17:44:31.163919,,Oui,,,,Accès mains libres,,Oui,,,,,,,Oui,,,,,,,,,,,,Ouverture à distance,Chromée,,,2 prises 12 V,,,,,,,,,,,,,,,,,Oui,,,,,,,,,,,,,,,,,,,,,,,,,,,,,,,,,,,,Oui,,,,,,,,,,,,,,,,
Mahindra,Mahindra XUV 3XO,https://www.automobile.tn/fr/neuf/mahindra/3xo,1.2 L  Turbo MX3,https://www.automobile.tn/fr/neuf/mahindra/3xo/1.2-l-turbo-mx3,56 800 DT,Disponible,SUV,5 ans ou 150000 km,5,5,3,Essence,6 CV,110 CH,200 nm 1500 tr/min,1197 CM³,Manuelle,6,Traction,3990 mm,1821 mm,1647 mm,364 L,11.5 s,176 KM/H,,,5.9 L/100 km,Oui,Frontaux | Latéraux | Rideaux,,ESC,Oui,,,Oui,Radar de recul | Caméra de recul,Oui,,Oui,Oui,Pare-chocs | Poignées de portes,Feux de jour | Arrières,En aluminium | 16'',,Signature LED,4 haut-parleurs | Commandes au volant,2 USB-C | Bluetooth | Chargeur de téléphone sans fil,Tactile | 10.25 pouces,Avant,3,,,Tissu,,,Oui,,Multi-fonctions,En hauteur,,Manuelle,À distance,Oui,Oui,,Électriques | Avec clignotants intégrés,Avant/Arrière,2026-02-08 17:44:33.955438,,,,,Ouvrant,,,Oui,,,,,,,Oui,,,,,,,,,,,,,,,,1 prise 12 V,Normal | Confort | Sport,,,,,,,,,,,,,,,,,,,,,,,,,,,,,,,,,,,,,,,,,,,,,,,,,,,,,,,,,,,,,,,,,,,,
Mahindra,Mahindra XUV 3XO,https://www.automobile.tn/fr/neuf/mahindra/3xo,1.2 L  Turbo AX5,https://www.automobile.tn/fr/neuf/mahindra/3xo/1.2-l-turbo-ax5,60 800 DT,Disponible,SUV,5 ans ou 150000 km,5,5,3,Essence,6 CV,110 CH,200 nm 1500 tr/min,1197 CM³,Manuelle,6,Traction,3990 mm,1821 mm,1647 mm,364 L,11.5 s,176 KM/H,,,5.9 L/100 km,Oui,Frontaux | Latéraux | Rideaux,,ESC,Oui,,TPMS,Oui,Radar de recul | Caméra de recul,Oui,,Oui,Oui,Pare-chocs | Poignées de portes,Feux de jour | Arrières,En aluminium | 16'',,Signature LED,6 haut-parleurs | Commandes au volant,2 USB-C | Android Auto | Apple Carplay | Bluetooth | Chargeur de téléphone sans fil,Tactile | 10.25 pouces,Avant | Arrière,3,,Cuir,Tissu,,Conducteur,Oui,,Cuir | Multi-fonctions,En hauteur,Démarrage mains libres,Automatique | Bizone,À distance,Oui,Oui,,Électriques | Rabattables | Avec clignotants intégrés,Avant/Arrière,2026-02-08 17:44:35.702486,,,,,Ouvrant,Accès mains libres,,Oui,Oui,,,,,,Oui,,,Oui,,10.25 pouces,,,,,,,,,,,1 prise 12 V,Normal | Confort | Sport,,,,,,,,,,,,,,,,Oui,,,,,,,,,,,,,,,,,,,,,,,,,,,,,,,,,,,,,,,,,,,,,,,,,,,,
Mahindra,Mahindra XUV 3XO,https://www.automobile.tn/fr/neuf/mahindra/3xo,1.2 L  Turbo AX5 BVA,https://www.automobile.tn/fr/neuf/mahindra/3xo/1.2-l-turbo-bva-ax5,65 800 DT,Disponible,SUV,5 ans ou 150000 km,5,5,3,Essence,6 CV,110 CH,200 nm 1500 tr/min,1197 CM³,Automatique,6,Traction,3990 mm,1821 mm,1647 mm,364 L,11.5 s,176 KM/H,,,5.9 L/100 km,Oui,Frontaux | Latéraux | Rideaux,,ESC,Oui,,TPMS,Oui,Radar de recul | Caméra de recul,Oui,,Oui,Oui,Pare-chocs | Poignées de portes,Feux de jour | Arrières,En aluminium | 16'',,Signature LED,6 haut-parleurs | Commandes au volant,2 USB-C | Android Auto | Apple Carplay | Bluetooth | Chargeur de téléphone sans fil,Tactile | 10.25 pouces,Avant | Arrière,3,,Cuir,Tissu,,Conducteur,Oui,,Cuir | Multi-fonctions,En hauteur,Démarrage mains libres,Automatique | Bizone,À distance,Oui,Oui,,Électriques | Rabattables | Avec clignotants intégrés,Avant/Arrière,2026-02-08 17:44:37.488825,,,,,Ouvrant,Accès mains libres,,Oui,Oui,,,,,,Oui,,,Oui,,10.25 pouces,,,,,,,,,,,1 prise 12 V,Normal | Confort | Sport,,,,,,,,,,,,,,,,Oui,,,,,,,,,,,,,,,,,,,,,,,,,,,,,,,,,,,,,,,,,,,,,,,,,,,,
Mahindra,Mahindra XUV 3XO,https://www.automobile.tn/fr/neuf/mahindra/3xo,1.2 L  Turbo AX7 Luxury BVA,https://www.automobile.tn/fr/neuf/mahindra/3xo/1.2-l-turbo-bva-ax7-luxury,73 800 DT,Disponible,SUV,5 ans ou 150000 km,5,5,3,Essence,6 CV,110 CH,200 nm 1500 tr/min,1197 CM³,Automatique,6,Traction,3990 mm,1821 mm,1647 mm,364 L,11.5 s,176 KM/H,,,5.9 L/100 km,Oui,Frontaux | Latéraux | Rideaux,,ESC,Oui,,TPMS,Oui,Radar de recul | Radar avant | Système de caméras 360,Oui,,Adaptatif (ACC),LED,Pare-chocs | Poignées de portes,Feux de jour | Arrières,En aluminium | 17'',,Signature LED,6 haut-parleurs | Harman/Kardon | Commandes au volant,2 USB-C | Android Auto | Apple Carplay | Bluetooth | Chargeur de téléphone sans fil,Tactile | 10.25 pouces,Avant | Arrière,3,,Cuir,Similicuir,,Conducteur,Oui,,Cuir | Multi-fonctions,En hauteur,Démarrage mains libres,Automatique | Bizone,À distance,Oui,Oui,Anti-éblouissement,Électriques | Rabattables | Avec clignotants intégrés,Avant/Arrière,2026-02-08 17:44:39.295911,,,,,Ouvrant | Panoramique,Accès mains libres,,Oui,Oui,,,,,,Oui,,,Oui,Éléctrique,10.25 pouces,,,,,,,,,,,1 prise 12 V,Normal | Confort | Sport,,,,,,,,,,,,,,,,Oui,,,,,,,,,,,,Oui,,,,,,,,,,,,Niveau 2,,,,,,,,,,,,Oui,,,,,,,,,,,,,,,,
Mahindra,Mahindra XUV 300,https://www.automobile.tn/fr/neuf/mahindra/xuv-300,1.2 L W8,https://www.automobile.tn/fr/neuf/mahindra/xuv-300/1.2-l-w8,59 500 DT,Disponible,SUV,3 ans,5,5,3,Essence,6 CV,110 CH,200 nm 2000 tr/min,1197 CM³,Manuelle,6,Traction,3995 mm,1821 mm,1627 mm,259 L,11.5 s,176 KM/H,,,5.9 L/100 km,Oui,Frontaux,,ESC | TCS,Oui,EBA | VDC,Oui,Oui,Radar de recul | Caméra de recul,Oui,,Cruise control,Oui,Pare-chocs | Poignées de portes,Feux de jour | Arrières,En aluminium | 16'',,,4 haut-parleurs | Commandes au volant,USB | AUX | Bluetooth,Tactile | 7 pouces,Avant | Arrière,,,Similicuir,Tissu,,Conducteur,Oui,,Cuir | Multi-fonctions | Sport,En hauteur,Démarrage mains libres,Manuelle,À distance,"Ecran LCD 3.5""",Oui,,Électriques | Rabattables | Avec clignotants intégrés,Avant/Arrière,2026-02-08 17:44:42.057062,,,,,,Accès mains libres,,Oui,Oui,,HHC,,,,Oui,,,Oui,,,,,,,Porte-lunettes,,,Chromée,,,1 prise 12 V,Normal | Confort | Sport,,,,,,,,,,,,,,,,Oui,,,,,,,,,,,,,,,,,,,,,,,,,,,,,,,,,,,,,,,,,,,,,,,,,,,,
Mahindra,Mahindra XUV 300,https://www.automobile.tn/fr/neuf/mahindra/xuv-300,1.2 L W8.0,https://www.automobile.tn/fr/neuf/mahindra/xuv-300/1.2-l-w8.0,64 500 DT,Disponible,SUV,3 ans,5,5,3,Essence,6 CV,110 CH,200 nm 2000 tr/min,1197 CM³,Manuelle,6,Traction,3995 mm,1821 mm,1627 mm,259 L,11.5 s,176 KM/H,,,5.9 L/100 km,Oui,Frontaux | Latéraux | Rideaux,,ESC | TCS,Oui,EBA | VDC,Oui,Oui,Radar de recul | Radar avant | Caméra de recul,Oui,,Cruise control,Oui,Pare-chocs | Poignées de portes,Feux de jour | Arrières,En aluminium | 16'',,,4 haut-parleurs | Commandes au volant,USB | Android Auto | Apple Carplay | AUX | Bluetooth,Tactile | 7 pouces,Avant | Arrière,,,Similicuir,Cuir,,Conducteur,Oui,,Cuir | Multi-fonctions | Sport,En hauteur,Démarrage mains libres,Manuelle,À distance,"Ecran LCD 3.5""",Oui,,Électriques | Rabattables | Avec clignotants intégrés,Avant/Arrière,2026-02-08 17:44:43.933269,,,,,Ouvrant,Accès mains libres,,Oui,Oui,,HHC,,,,Oui,,,Oui,,,,,,,Porte-lunettes,,,Chromée,,,1 prise 12 V,Normal | Confort | Sport,,,,,,,,,,,,,,,,Oui,,,,,,,,,,,,,,,,,,,,,,,,,,,,,,,,,,,,,,,,,,,,,,,,,,,,
Mahindra,Mahindra Pick-up SC,https://www.automobile.tn/fr/neuf/mahindra/pick-up-sc/2.2-l-diesel-4x4-plateau-simple,Mahindra Pick-up SC,https://www.automobile.tn/fr/neuf/mahindra/pick-up-sc/2.2-l-diesel-4x4-plateau-simple,,Disponible,Pick up,5 ans ou 100000 km,2,2,4,Diesel,7 CV,140 CH,320 nm 1500 tr/min,2179 CM³,Manuelle,6,Intégrale,5175 mm,1820 mm,1860 mm,,N.C,165 KM/H,,,7.9 L/100 km,Oui,Frontaux,,,Oui,EBD,,,,Oui,,Oui,Oui,Pare-chocs | Poignées de portes | Rétroviseurs,Feux de jour | Arrières,16'',,,2 haut-parleurs | Commandes au volant,USB | AUX | Bluetooth,,Avant,,,,Tissu,,Conducteur,Oui,,,En hauteur,,Manuelle,À distance,Oui,Oui,,Électriques,Avant,2026-02-08 17:44:46.809422,,,,,,,,Oui,,,,,,,,,,,,,,,,,Porte-lunettes,,,Chromée | Noire,,,2 prises 12 V,,,,,,,,,,,,,,,,,,,,,,1250 KG,,,,,,,,,,,,,,,,,,,,,,,,Oui,,,,,,,,Oui,,,,,,,,,,,,,,,
Mahindra,Mahindra Pick-up DC,https://www.automobile.tn/fr/neuf/mahindra/pick-up-dc,2.2 l Diesel 4x2,https://www.automobile.tn/fr/neuf/mahindra/pick-up-dc/2.2-l-diesel-4x2,69 900 DT,Disponible,Pick up,5 ans,5,4,4,Diesel,7 CV,140 CH,320 nm 1500 tr/min,2179 CM³,Manuelle,6,Propulsion,N.C,N.C,N.C,,N.C,N.C,10.3 L/100 km,7.9 L/100 km,8.8 L/100 km,Oui,Frontaux,,,Oui,,,Oui,,Oui,,Oui,Oui,Pare-chocs | Poignées de portes | Rétroviseurs,Arrières,En aluminium | 16'',,,4 haut-parleurs | Commandes au volant,USB | AUX | Bluetooth,,Arrière,,,,Tissu,,,Oui,,,En hauteur,,Manuelle,À distance,Oui,Oui,,Électriques,Avant/Arrière,2026-02-08 17:44:49.442764,,,,,,,,Oui,,,,,,,,,,,,,,,,,Porte-lunettes,,,Chromée | Noire,,,2 prises 12 V,,,,,,,,,,,,,,,,,,,,,,1180 KG,,,,,,,,,,,,,,,,,,,,,,,,Oui,,,,,,,,Oui,,,,,,,,,,,,,,,
Mahindra,Mahindra Pick-up DC,https://www.automobile.tn/fr/neuf/mahindra/pick-up-dc,2.2 l Diesel 4x4,https://www.automobile.tn/fr/neuf/mahindra/pick-up-dc/2.2-l-diesel-4x4-s6,76 900 DT,Disponible,Pick up,5 ans,5,4,4,Diesel,7 CV,140 CH,320 nm 1500 tr/min,2179 CM³,Manuelle,6,Intégrale,N.C,N.C,N.C,,N.C,N.C,10.3 L/100 km,7.9 L/100 km,8.8 L/100 km,Oui,Frontaux,,,Oui,,,Oui,,Oui,,Oui,Oui,Pare-chocs | Poignées de portes | Rétroviseurs,Arrières,16'' | Enjoliveurs,,,4 haut-parleurs | Commandes au volant,USB | AUX | Bluetooth,,Arrière,,,,Tissu,,,Oui,,,En hauteur,,Manuelle,À distance,Oui,Oui,,Électriques,Avant/Arrière,2026-02-08 17:44:51.360563,,,,,,,,Oui,,,,,,,,,,,,,,,,,Porte-lunettes,,,Chromée | Noire,,,2 prises 12 V,,,,,,,,,,,,,,,,,,,,,,1070 KG,,,,,,,,,,,,,,,,,,,,,,,,Oui,,,,,,,,Oui,,,,,,,,,,,,,,,
Mercedes-Benz,Mercedes-Benz Classe A,https://www.automobile.tn/fr/neuf/mercedes-benz/classe-a,200 Progressive,https://www.automobile.tn/fr/neuf/mercedes-benz/classe-a/200-progressive-sept-23,154 000 DT,Disponible,Compacte,2 ans,5,5,4,Essence,9 CV,163 CH,270 nm 1620 tr/min,1332 CM³,Automatique,7,Traction,4419 mm,1907 mm,1423 mm,370 L,8.2 s,225 KM/H,,,6 L/100 km,Oui,Frontaux | Rideaux | Bassin,,ESP | ASR,Oui,BAS,Oui,Oui,Radar de recul | Radar avant | Caméra de recul | Parktronic,Oui,Oui,TEMPOMAT,,Oui,Feux de jour | Avant | Arrières,En aluminium | 17'',,LED Hautes performances,MBUX | Commandes au volant,USB-C | Bluetooth | Commande vocale,Tactile | 10.25 pouces,Avant,3,Carbone foncé,,Similicuir/Tissu,Confort,Conducteur et passager,Velours,Teintées,Cuir | Multi-fonctions | 4 branches | Avec palettes,En hauteur et en profondeur,Démarrage mains libres,Automatique,À distance,Oui,Oui,Anti-éblouissement  | Sans Cadre,Électriques | Rabattables | Photosensibles | Avec clignotants intégrés,Avant/Arrière,2026-02-08 17:44:55.971160,,,,,,,,,Oui,Triangle de présignalisation | Trousse de premiers secours,Oui,Attention Assist,Chrome,,Oui,,Aluminium,Oui,Éléctrique,7 pouces,Oui,Progressive Line,Métallisée | +5000 DT,,,,,Chromée,,Oui,,Confort | Sport | Eco | Individual,,,,,,,,,,,,,,,,,Confort,,,,,,,,,Oui,,,Oui,Oui,,,,,,,,,,,,,,,,,,,,,,,,,,,,,,,,,,,,,,
Mercedes-Benz,Mercedes-Benz Classe A,https://www.automobile.tn/fr/neuf/mercedes-benz/classe-a,200 Premium,https://www.automobile.tn/fr/neuf/mercedes-benz/classe-a/200-premium-sept-23,167 000 DT,Disponible,Compacte,2 ans,5,5,4,Essence,9 CV,163 CH,270 nm 1620 tr/min,1332 CM³,Automatique,7,Traction,4419 mm,1907 mm,1423 mm,370 L,8.2 s,225 KM/H,,,6 L/100 km,Oui,Frontaux | Rideaux | Bassin,,ESP | ASR,Oui,BAS,Oui,Oui,Radar de recul | Radar avant | Caméra de recul | Parktronic,Oui,Oui,TEMPOMAT,,Oui,Feux de jour | Avant | Arrières,En aluminium | 17'',,LED Hautes performances,MBUX | Commandes au volant,USB-C | Android Auto | Apple Carplay | Bluetooth | Commande vocale | Chargeur de téléphone sans fil,Tactile | 10.25 pouces,Avant,3,Carbone foncé,,Similicuir Artico,Réglage lombaire | Sport,Conducteur et passager,Velours,Teintées,Cuir | Multi-fonctions | 4 branches | Avec palettes,En hauteur et en profondeur,Démarrage mains libres,Automatique,À distance,Oui,Oui,Anti-éblouissement  | Sans Cadre,Électriques | Rabattables | Photosensibles | Avec clignotants intégrés,Avant/Arrière,2026-02-08 17:44:58.003083,,,,,,Accès mains libres,,,Oui,Triangle de présignalisation | Trousse de premiers secours,Oui,Attention Assist,Chrome,,Oui,Oui,Aluminium,Oui,Éléctrique,10.25 pouces,Oui,Progressive Line,Métallisée | +5000 DT,,,,,Chromée,,Oui,,Confort | Sport | Eco | Individual,,,,,,,,,,,,,,,,,Confort,,,,,,,,,Oui,,,Oui,Oui,,,,,,,,,,,,,,,,,,,,,,,,,,,,,,,,,,,,,,
Mercedes-Benz,Mercedes-Benz Classe A,https://www.automobile.tn/fr/neuf/mercedes-benz/classe-a,200 AMG,https://www.automobile.tn/fr/neuf/mercedes-benz/classe-a/200-amg-sept-23,179 000 DT,Disponible,Compacte,2 ans,5,5,4,Essence,9 CV,163 CH,270 nm 1620 tr/min,1332 CM³,Automatique,7,Traction,4419 mm,1907 mm,1423 mm,370 L,8.2 s,225 KM/H,,,6 L/100 km,Oui,Frontaux | Rideaux | Bassin,,ESP | ASR,Oui,BAS,Oui,Oui,Radar de recul | Radar avant | Caméra de recul | Parktronic,Oui,Oui,TEMPOMAT,,Oui,Feux de jour | Avant | Arrières,En aluminium | 18'',,LED Hautes performances,MBUX | Commandes au volant,USB-C | Android Auto | Apple Carplay | Bluetooth | Commande vocale | Chargeur de téléphone sans fil,Tactile | 10.25 pouces,Avant,3,Aluminium clair à stries longitudinales,,Similicuir Artico/Microfibre,Réglage lombaire | Sport | Confort,Conducteur et passager,Velours,Teintées,Cuir | Multi-fonctions | Sport | à méplat | Avec palettes | 6 branches,En hauteur et en profondeur,Démarrage mains libres,Automatique,À distance,Oui,Oui,Anti-éblouissement  | Sans Cadre,Électriques | Rabattables | Photosensibles | Avec clignotants intégrés,Avant/Arrière,2026-02-08 17:44:59.947792,,,,,,Accès mains libres,,,Oui,Triangle de présignalisation | Trousse de premiers secours,Oui,Attention Assist,Chrome,,Oui,Oui,Aluminium,Oui,Éléctrique,10.25 pouces,Oui,Pack Sport AMG,Métallisée | +5000 DT,,,,,Chromée,,Oui,,Confort | Sport | Eco | Individual,,,,,,,,,,,,,,,,,Confort,,,,,,,,,Oui,,,Oui,Oui,,,,,,,,,,,,,,,,,,,,,,,,,,,,,,,,,,,,,,
Mercedes-Benz,Mercedes-Benz Classe A Berline,https://www.automobile.tn/fr/neuf/mercedes-benz/classe-a-berline,200 Premium,https://www.automobile.tn/fr/neuf/mercedes-benz/classe-a-berline/200-premium-sept-23,167 000 DT,Disponible,Berline,2 ans,5,5,4,Essence,9 CV,163 CH,270 nm 1620 tr/min,1332 CM³,Automatique,7,Traction,4560 mm,1800 mm,1430 mm,405 L,8.2 s,225 KM/H,,,6 L/100 km,Oui,Frontaux | Rideaux | Bassin,,ESP | ASR,Oui,BAS,Oui,Oui,Radar de recul | Radar avant | Caméra de recul | Parktronic,Oui,Oui,TEMPOMAT,,Oui,Feux de jour | Avant | Arrières,En aluminium | 17'',,LED Hautes performances,MBUX | Commandes au volant,USB-C | Android Auto | Apple Carplay | Bluetooth | Commande vocale | Chargeur de téléphone sans fil,Tactile | 10.25 pouces,Avant,3,Carbone foncé,,Similicuir Artico,Réglage lombaire | Confort,Conducteur et passager,Velours,Teintées,Cuir | Multi-fonctions | 4 branches | Avec palettes,En hauteur et en profondeur,Démarrage mains libres,Automatique,À distance,Oui,Oui,Anti-éblouissement  | Sans Cadre,Électriques | Rabattables | Photosensibles | Avec clignotants intégrés,Avant/Arrière,2026-02-08 17:45:02.845368,,,,,,Accès mains libres,,,Oui,Triangle de présignalisation | Trousse de premiers secours,Oui,Attention Assist,Chrome,,,Oui,Aluminium,Oui,Éléctrique,10.25 pouces,Oui,Progressive Line,Métallisée | +5000 DT,,,,,Chromée,,,,Confort | Sport | Eco | Individual,,,,,,,,,,,,,,,,,Confort,,,,,,,,,Oui,,,Oui,Oui,,,,,,,,,,,,,,,,,,,,,,,,,,,,,,,,,,,,,,
Mercedes-Benz,Mercedes-Benz Classe A Berline,https://www.automobile.tn/fr/neuf/mercedes-benz/classe-a-berline,200 AMG,https://www.automobile.tn/fr/neuf/mercedes-benz/classe-a-berline/200-amg-sept-23,180 000 DT,Disponible,Berline,2 ans,5,5,4,Essence,9 CV,163 CH,270 nm 1620 tr/min,1332 CM³,Automatique,7,Traction,4560 mm,1800 mm,1430 mm,405 L,8.2 s,225 KM/H,,,6 L/100 km,Oui,Frontaux | Rideaux | Bassin,,ESP | ASR,Oui,BAS,Oui,Oui,Radar de recul | Radar avant | Caméra de recul | Parktronic,Oui,Oui,TEMPOMAT,,Oui,Feux de jour | Avant | Arrières,En aluminium | 18'',,LED Hautes performances,MBUX | Commandes au volant,USB-C | Android Auto | Apple Carplay | Bluetooth | Commande vocale | Chargeur de téléphone sans fil,Tactile | 10.25 pouces,Avant,3,Aluminium clair à stries longitudinales,,Similicuir Artico/Microfibre,Réglage lombaire | Sport | Confort,Conducteur et passager,Velours,Teintées,Cuir | Multi-fonctions | Sport | à méplat | Avec palettes | 6 branches,En hauteur et en profondeur,Démarrage mains libres,Automatique,À distance,Oui,Oui,Anti-éblouissement  | Sans Cadre,Électriques | Rabattables | Photosensibles | Avec clignotants intégrés,Avant/Arrière,2026-02-08 17:45:04.846609,,,,,,Accès mains libres,,,Oui,Triangle de présignalisation | Trousse de premiers secours,Oui,Attention Assist,Chrome,,,Oui,Aluminium,Oui,Éléctrique,10.25 pouces,Oui,Pack Sport AMG,Métallisée | +5000 DT,,,,,Chromée,,,,Confort | Sport | Eco | Individual,,,,,,,,,,,,,,,,,Confort,,,,,,,,,Oui,,,Oui,Oui,,,,,,,,,,,,,,,,,,,,,,,,,,,,,,,,,,,,,,
Mercedes-Benz,Mercedes-Benz CLA,https://www.automobile.tn/fr/neuf/mercedes-benz/cla,200 Progressive,https://www.automobile.tn/fr/neuf/mercedes-benz/cla/200-progressive,186 900 DT,Disponible,Berline,2 ans,5,4,4,Essence,9 CV,163 CH,270 nm 2000 tr/min,1332 CM³,Automatique,7,Traction,4688 mm,1830 mm,1427 mm,440 L,8.4 s,229 KM/H,N.C,N.C,7 L/100 km,Oui,Frontaux | Latéraux | Rideaux | Genoux conducteur,,ESP | ASR,Oui,BAS,Oui,Oui,Radar de recul | Radar avant | Caméra de recul,Oui,Oui,TEMPOMAT,,Oui,Feux de jour | Avant | Arrières,En aluminium | 18'',,LED Hautes performances,MBUX | Commandes au volant,USB-C | Android Auto | Apple Carplay | Bluetooth | Chargeur de téléphone sans fil,Tactile | 10.25 pouces,Avant,3,,,Similicuir Artico,Sport,Conducteur et passager,Velours,,Cuir | Multi-fonctions | Avec palettes,En hauteur et en profondeur,Démarrage mains libres,Automatique,À distance,Oui,Oui,Anti-éblouissement  | Sans Cadre,Électriques | Rabattables | Photosensibles | Avec clignotants intégrés,Avant/Arrière,2026-02-08 17:45:08.302355,,,,,,Accès mains libres,,,Oui,Triangle de présignalisation | Trousse de premiers secours,Oui,Attention Assist,Chrome,,,Oui,,Oui,Éléctrique,10.25 pouces,Oui,Progressive Line,Métallisée | +5000 DT,,Oui,,,,,,,,,,,,,,,,,,,,,,,,Confort,,,,,,,,,,,,Oui,Oui,,,,,,,,,,,,,,,,,,,,,,,,,,,,,,,,,,,,,,
Mercedes-Benz,Mercedes-Benz CLA,https://www.automobile.tn/fr/neuf/mercedes-benz/cla,200 AMG,https://www.automobile.tn/fr/neuf/mercedes-benz/cla/200-amg,204 900 DT,Disponible,Berline,2 ans,5,4,4,Essence,9 CV,163 CH,270 nm 2000 tr/min,1332 CM³,Automatique,7,Traction,4688 mm,1830 mm,1427 mm,440 L,8.4 s,229 KM/H,N.C,N.C,7 L/100 km,Oui,Frontaux | Latéraux | Rideaux | Genoux conducteur,,ESP | ASR,Oui,BAS,Oui,Oui,Radar de recul | Radar avant | Caméra de recul,Oui,Oui,TEMPOMAT,,Oui,Feux de jour | Avant | Arrières,En aluminium | 18'',,LED Hautes performances,MBUX | Commandes au volant,USB-C | Android Auto | Apple Carplay | Bluetooth | Chargeur de téléphone sans fil,Tactile | 10.25 pouces,Avant,3,,,Similicuir Artico/Microfibre,Sport,Conducteur et passager,Velours,,Cuir | Multi-fonctions | Avec palettes,En hauteur et en profondeur,Démarrage mains libres,Automatique,À distance,Oui,Oui,Anti-éblouissement  | Sans Cadre,Électriques | Rabattables | Photosensibles | Avec clignotants intégrés,Avant/Arrière,2026-02-08 17:45:10.182275,,,,,Ouvrant | Panoramique,Accès mains libres,,,Oui,Triangle de présignalisation | Trousse de premiers secours,Oui,Attention Assist,Chrome,,,Oui,,Oui,Éléctrique,10.25 pouces,Oui,Pack Sport AMG,Métallisée | +5000 DT,,Oui,,,,,,,,,,,,,,,,,,,,,,,,Confort | Châssis surbaissé,,,,,,,,,,,,Oui,Oui,,,,,,,,,,,,,,,,,,,,,,,,,,,,,,,,,,,,,,
Mercedes-Benz,Mercedes-Benz Classe C,https://www.automobile.tn/fr/neuf/mercedes-benz/classe-c,180 Avantgarde,https://www.automobile.tn/fr/neuf/mercedes-benz/classe-c/180-eq-boost-9g-tronic-avantgarde,209 900 DT,Disponible,Berline,2 ans,5,4,4,Essence | Hybride léger,9 CV,170 CH,250 nm 1800 tr/min,1496 CM³,Automatique,9,Propulsion,4751 mm,1820 mm,1437 mm,455 L,8.6 s,231 KM/H,8.7 L/100 km,4.7 L/100 km,6.2 L/100 km,Oui,Frontaux | Latéraux | Rideaux | Genoux conducteur,,ESP,Oui,,Oui,Oui,Radar de recul | Radar avant | Caméra de recul | Parkassist,Oui,,TEMPOMAT,,Oui,Feux de jour | Avant | Arrières,En aluminium | 17'',,Full LED | LED Hautes performances,MBUX | Commandes au volant,USB-C | Android Auto | Apple Carplay | Bluetooth | Commande vocale,11.9 pouces | Vertical | Tactile avec retour haptique,Avant,3,Inserts décoratifs aspect losanges en gris argent,,Similicuir/Tissu,Partiellement électriques | Réglage lombaire,Conducteur et passager,Velours,Teintées | Lunette et vitres arrières sur-teintées,Cuir | Multi-fonctions,En hauteur et en profondeur,Démarrage mains libres,Automatique | Bizone,À distance,Oui,Oui,Anti-éblouissement  | Sans Cadre,Électriques | Rabattables | Dégivrants | Éclairage d'accueil à LED,Avant/Arrière,2026-02-08 17:45:13.074336,,,,,,,,Oui,Oui,Triangle de présignalisation | Trousse de premiers secours,Oui,Attention Assist,Chrome,,,Oui,,Oui,Éléctrique,10.25 pouces,Oui,Avantgarde,Métallisée | +7000 DT,,Oui,,Ouverture à distance,,,,,Confort | Sport | Eco | Sport Plus,,,,,,,,,,,,,,,,,Agility Control,,,,,,,,,,,,Oui,Oui,,,23 CH,200 nm,,,,,,,,,,,,,,,,,,,,,,,,,,,,,,,,,,
Mercedes-Benz,Mercedes-Benz Classe C,https://www.automobile.tn/fr/neuf/mercedes-benz/classe-c,180 Premium,https://www.automobile.tn/fr/neuf/mercedes-benz/classe-c/180-eq-boost-9g-tronic-premium,239 900 DT,Disponible,Berline,2 ans,5,4,4,Essence | Hybride léger,9 CV,170 CH,250 nm 1800 tr/min,1496 CM³,Automatique,9,Propulsion,4751 mm,1820 mm,1437 mm,455 L,8.6 s,231 KM/H,8.7 L/100 km,4.7 L/100 km,6.2 L/100 km,Oui,Frontaux | Latéraux | Rideaux | Genoux conducteur,,ESP,Oui,,Oui,Oui,Radar de recul | Radar avant | Système de caméras 360 | Parkassist,Oui,,TEMPOMAT,,Oui,Feux de jour | Avant | Arrières,En aluminium | 17'',,Full LED | LED Hautes performances,MBUX | Commandes au volant,USB-C | Android Auto | Apple Carplay | Bluetooth | Commande vocale | Chargeur de téléphone sans fil,11.9 pouces | Vertical | Tactile avec retour haptique,Avant,3,Inserts décoratifs aspect losanges en gris argent,,Similicuir,Électriques | Réglage lombaire | Fonction mémoire,Conducteur et passager,Velours,Teintées | Lunette et vitres arrières sur-teintées,Cuir | Multi-fonctions | Avec palettes,En hauteur et en profondeur,Démarrage mains libres,Automatique | Bizone,À distance,Oui,Oui,Anti-éblouissement  | Sans Cadre,Électriques | Rabattables | Photosensibles | Mémoire de position | Éclairage d'accueil à LED,Avant/Arrière,2026-02-08 17:45:14.873765,,,,GPS,Ouvrant | Panoramique,Accès mains libres,,Oui,Oui,Triangle de présignalisation | Trousse de premiers secours,Oui,Attention Assist,Chrome,,,Oui,,Oui,Éléctrique,12.3 pouces,Oui,Avantgarde,Métallisée | +7000 DT,,Oui,,Ouverture à distance,,,,,Confort | Sport | Eco | Sport Plus,,,,,,,,,,,,,,,,,Agility Control,,,,,,,,,,,,Oui,Oui,,,23 CH,200 nm,,,,,,,,,,,,,,,,,,,,,,,,,,,,,,,,,,
Mercedes-Benz,Mercedes-Benz Classe C,https://www.automobile.tn/fr/neuf/mercedes-benz/classe-c,180 AMG,https://www.automobile.tn/fr/neuf/mercedes-benz/classe-c/180-eq-boost-9g-tronic-amg,241 900 DT,Disponible,Berline,2 ans,5,4,4,Essence | Hybride léger,9 CV,170 CH,250 nm 1800 tr/min,1496 CM³,Automatique,9,Propulsion,4751 mm,1820 mm,1437 mm,455 L,8.6 s,231 KM/H,8.7 L/100 km,4.7 L/100 km,6.2 L/100 km,Oui,Frontaux | Latéraux | Rideaux | Genoux conducteur,,ESP,Oui,,Oui,Oui,Radar de recul | Radar avant | Caméra de recul | Parkassist,Oui,,TEMPOMAT,,Oui,Feux de jour | Avant | Arrières,En aluminium | 18'',,Full LED | LED Hautes performances,MBUX | Commandes au volant,USB-C | Android Auto | Apple Carplay | Bluetooth | Commande vocale,11.9 pouces | Vertical | Tactile avec retour haptique,Avant,3,Inserts décoratifs en aluminium finition trapèze,,Similicuir,Partiellement électriques | Réglage lombaire | Sport,Conducteur et passager,Velours | AMG,Teintées | Lunette et vitres arrières sur-teintées,Cuir Nappa | Multi-fonctions | Sport | à méplat | Avec palettes,En hauteur et en profondeur,Démarrage mains libres,Automatique | Bizone,À distance,Oui,Oui,Anti-éblouissement  | Sans Cadre,Électriques | Rabattables | Photosensibles | Éclairage d'accueil à LED,Avant/Arrière,2026-02-08 17:45:16.778432,,,,,Ouvrant | Panoramique,,,Oui,Oui,Triangle de présignalisation | Trousse de premiers secours,Oui,Attention Assist,Chrome,,,Oui,,Oui,Éléctrique,10.25 pouces,Oui,Pack Sport AMG,Métallisée | +7000 DT,,Oui,,Ouverture à distance,,,,,Confort | Sport | Eco | Sport Plus,,,,,,,,,,Similicuir,,,,,,,Sport,,,,,,,,,,,,Oui,Oui,,,23 CH,200 nm,,,,,,,,,,,,,,,,,,,,,,,,,,,,,,,,,,
Mercedes-Benz,Mercedes-Benz Classe C,https://www.automobile.tn/fr/neuf/mercedes-benz/classe-c,180 AMG +,https://www.automobile.tn/fr/neuf/mercedes-benz/classe-c/180-eq-boost-9g-tronic-amg-plus,259 900 DT,Disponible,Berline,2 ans,5,4,4,Essence | Hybride léger,9 CV,170 CH,250 nm 1800 tr/min,1496 CM³,Automatique,9,Propulsion,4751 mm,1820 mm,1437 mm,455 L,8.6 s,231 KM/H,8.7 L/100 km,4.7 L/100 km,6.2 L/100 km,Oui,Frontaux | Latéraux | Rideaux | Genoux conducteur,,ESP,Oui,,Oui,Oui,Radar de recul | Radar avant | Système de caméras 360 | Parkassist | Caméra panoramique 3D,Oui,,TEMPOMAT,,Oui,Feux de jour | Avant | Arrières,En aluminium | 19'',,Full LED | LED Hautes performances,MBUX | Commandes au volant,USB-C | Android Auto | Apple Carplay | Bluetooth | Commande vocale | Chargeur de téléphone sans fil,11.9 pouces | Vertical | Tactile avec retour haptique,Avant,3,Inserts décoratifs en aluminium finition trapèze,,Similicuir,Électriques | Réglage lombaire | Fonction mémoire,Conducteur et passager,Velours | AMG,Teintées | Lunette et vitres arrières sur-teintées | Athermiques,Cuir Nappa | Multi-fonctions | Sport | à méplat | Avec palettes,En hauteur et en profondeur,Démarrage mains libres,Automatique | Bizone,À distance,Oui,Oui,Anti-éblouissement  | Sans Cadre,Électriques | Rabattables | Photosensibles | Mémoire de position | Éclairage d'accueil à LED,Avant/Arrière,2026-02-08 17:45:18.711977,,,,GPS,Ouvrant | Panoramique,Accès mains libres,,Périmétrique | Volumétrique | Anti-soulèvement,Oui,Triangle de présignalisation | Trousse de premiers secours,Oui,Attention Assist,Chrome,,,Oui,,Oui,Éléctrique,12.3 pouces,Oui,Pack Sport AMG,Métallisée | +7000 DT,,Oui,,Ouverture à distance,,,,,Confort | Sport | Eco | Sport Plus,,,,,,,,,,Similicuir,,,,,,,Sport,,,,,,,,,,,,Oui,Oui,,,23 CH,200 nm,,,,,,,,,,,,,,,,,,,,,,,,,,,,,,,,,,
Mercedes-Benz,Mercedes-Benz Classe C Plug-in Hybride,https://www.automobile.tn/fr/neuf/mercedes-benz/classe-c-hybride,350e Avantgarde,https://www.automobile.tn/fr/neuf/mercedes-benz/classe-c-hybride/350e-avantgarde,239 900 DT,Disponible,Berline,2 ans,5,4,4,Essence | Hybride rechargeable,12 CV,313 CH,550 nm 1800 tr/min,1999 CM³,Automatique,9,Propulsion,4751 mm,1820 mm,1442 mm,315 L,6.1 s,240 KM/H,,,1.5 L/100 km,Oui,Frontaux | Latéraux | Rideaux,,ESP,Oui,,Oui,Oui,Radar de recul | Radar avant | Système de caméras 360 | Parkassist | Caméra panoramique 3D,Paramétrique,,TEMPOMAT,,Oui,Feux de jour | Avant | Arrières,En aluminium | 17'',,LED Hautes performances,MBUX | Commandes au volant,USB-C | Android Auto | Apple Carplay | Bluetooth | Commande vocale | Chargeur de téléphone sans fil,11.9 pouces | Vertical | Tactile avec retour haptique,Avant,3,Inserts décoratifs aspect losanges en gris argent,,Similicuir,Réglage lombaire,Conducteur et passager,Velours | AMG,Teintées | Lunette et vitres arrières sur-teintées | Athermiques,Cuir | Multi-fonctions | Avec palettes,En hauteur et en profondeur,Démarrage mains libres,Automatique | Bizone,À distance,Oui,Oui,Anti-éblouissement  | Sans Cadre,Électriques | Rabattables | Photosensibles | Éclairage d'accueil à LED,Avant/Arrière,2026-02-08 17:45:21.325513,,,,GPS,,,,Périmétrique | Volumétrique | Anti-soulèvement,Oui,Triangle de présignalisation | Trousse de premiers secours,Autohold,Attention Assist,Chrome,,,Oui,,Oui,Éléctrique,10.25 pouces,Oui,Avantgarde,Métallisée | +7000 DT,,Oui,,Ouverture à distance,,,,,Confort | Sport | Eco | Sport Plus,,,,19.53 kWh,115 km,19.3 kWh/100 km,2 heures,20 minutes,,Similicuir,,,,,,,Agility Control,,,,,,,,,,,,Oui,Oui,,204 CH,129 CH,,,,,,,,,,,,,,,,,,,,,,,,,,,,,,,,,,,
Mercedes-Benz,Mercedes-Benz Classe C Plug-in Hybride,https://www.automobile.tn/fr/neuf/mercedes-benz/classe-c-hybride,350e Premium,https://www.automobile.tn/fr/neuf/mercedes-benz/classe-c-hybride/350e-premium,259 900 DT,Disponible,Berline,2 ans,5,4,4,Essence | Hybride rechargeable,12 CV,313 CH,550 nm 1800 tr/min,1999 CM³,Automatique,9,Propulsion,4751 mm,1820 mm,1442 mm,315 L,6.1 s,240 KM/H,,,1.5 L/100 km,Oui,Frontaux | Latéraux | Rideaux,,ESP,Oui,,Oui,Oui,Radar de recul | Radar avant | Système de caméras 360 | Parkassist | Caméra panoramique 3D,Paramétrique,,TEMPOMAT,,Oui,Feux de jour | Avant | Arrières,En aluminium | 17'',,LED Hautes performances,MBUX | Commandes au volant,USB-C | Android Auto | Apple Carplay | Bluetooth | Commande vocale | Chargeur de téléphone sans fil,11.9 pouces | Vertical | Tactile avec retour haptique,Avant,3,Inserts décoratifs aspect losanges en gris argent,,Similicuir,Électriques | Réglage lombaire | Fonction mémoire,Conducteur et passager,Velours | AMG,Teintées | Lunette et vitres arrières sur-teintées | Athermiques,Cuir Nappa | Multi-fonctions | Sport | à méplat | Avec palettes,En hauteur et en profondeur,Démarrage mains libres,Automatique | Bizone,À distance,Oui,Oui,Anti-éblouissement  | Sans Cadre,Électriques | Rabattables | Photosensibles | Mémoire de position | Éclairage d'accueil à LED,Avant/Arrière,2026-02-08 17:45:23.217498,,,,GPS,Ouvrant | Panoramique,Accès mains libres,,Périmétrique | Volumétrique | Anti-soulèvement,Oui,Triangle de présignalisation | Trousse de premiers secours,Autohold,Attention Assist,Chrome,,,Oui,,Oui,Éléctrique,12.3 pouces,Oui,Avantgarde,Métallisée | +7000 DT,,Oui,,Ouverture à distance,,,,,Confort | Sport | Eco | Sport Plus,,,,19.53 kWh,115 km,19.3 kWh/100 km,2 heures,20 minutes,,Similicuir,,,,,,,Agility Control,,,,,,,,,,,,Oui,Oui,,204 CH,129 CH,,,,,,,,,,,,,,,,,,,,,,,,,,,,,,,,,,,
Mercedes-Benz,Mercedes-Benz Classe C Plug-in Hybride,https://www.automobile.tn/fr/neuf/mercedes-benz/classe-c-hybride,350e AMG,https://www.automobile.tn/fr/neuf/mercedes-benz/classe-c-hybride/350e-amg,262 900 DT,Disponible,Berline,2 ans,5,4,4,Essence | Hybride rechargeable,12 CV,313 CH,550 nm 1800 tr/min,1999 CM³,Automatique,9,Propulsion,4751 mm,1820 mm,1442 mm,315 L,6.1 s,240 KM/H,,,1.5 L/100 km,Oui,Frontaux | Latéraux | Rideaux,,ESP,Oui,,Oui,Oui,Radar de recul | Radar avant | Système de caméras 360 | Parkassist | Caméra panoramique 3D,Paramétrique,,TEMPOMAT,,Oui,Feux de jour | Avant | Arrières,En aluminium | 18'',,LED Hautes performances,MBUX | Commandes au volant,USB-C | Android Auto | Apple Carplay | Bluetooth | Commande vocale | Chargeur de téléphone sans fil,11.9 pouces | Vertical | Tactile avec retour haptique,Avant,3,Inserts décoratifs en structure métallique,,Similicuir,Réglage lombaire,Conducteur et passager,Velours | AMG,Teintées | Lunette et vitres arrières sur-teintées | Athermiques,Cuir Nappa | Multi-fonctions | Sport | à méplat | Avec palettes,En hauteur et en profondeur,Démarrage mains libres,Automatique | Bizone,À distance,Oui,Oui,Anti-éblouissement  | Sans Cadre,Électriques | Rabattables | Photosensibles | Éclairage d'accueil à LED,Avant/Arrière,2026-02-08 17:45:25.111630,,,,GPS,Ouvrant | Panoramique,,,Périmétrique | Volumétrique | Anti-soulèvement,Oui,Triangle de présignalisation | Trousse de premiers secours,Autohold,Attention Assist,Chrome,,,Oui,,Oui,Éléctrique,10.25 pouces,Oui,Pack Sport AMG,Métallisée | +7000 DT,,Oui,,Ouverture à distance,,,,,Confort | Sport | Eco | Sport Plus,,,,19.53 kWh,115 km,19.3 kWh/100 km,2 heures,20 minutes,,Similicuir,,,,,,,Sport,,,,,,,,,,,,Oui,Oui,,204 CH,129 CH,,,,,,,,,,,,,,,,,,,,,,,,,,,,,,,,,,,
Mercedes-Benz,Mercedes-Benz Classe C Plug-in Hybride,https://www.automobile.tn/fr/neuf/mercedes-benz/classe-c-hybride,350e AMG +,https://www.automobile.tn/fr/neuf/mercedes-benz/classe-c-hybride/350e-2025-amg-plus,270 900 DT,Disponible,Berline,2 ans,5,4,4,Essence | Hybride rechargeable,12 CV,313 CH,550 nm 1800 tr/min,1999 CM³,Automatique,9,Propulsion,4751 mm,1820 mm,1442 mm,315 L,6.1 s,240 KM/H,,,1.5 L/100 km,Oui,Frontaux | Latéraux | Rideaux,,ESP,Oui,,Oui,Oui,Radar de recul | Radar avant | Système de caméras 360 | Parkassist | Caméra panoramique 3D,Paramétrique,,TEMPOMAT,,Oui,Feux de jour | Avant | Arrières,En aluminium | 18'',,LED Hautes performances,MBUX | Commandes au volant,USB-C | Android Auto | Apple Carplay | Bluetooth | Commande vocale | Chargeur de téléphone sans fil,11.9 pouces | Vertical | Tactile avec retour haptique,Avant,3,Inserts décoratifs en structure métallique,,Similicuir,Électriques | Réglage lombaire | Fonction mémoire,Conducteur et passager,Velours | AMG,Teintées | Lunette et vitres arrières sur-teintées | Athermiques,Cuir Nappa | Multi-fonctions | Sport | à méplat | Avec palettes,En hauteur et en profondeur,Démarrage mains libres,Automatique | Bizone,À distance,Oui,Oui,Anti-éblouissement  | Sans Cadre,Électriques | Rabattables | Photosensibles | Mémoire de position | Éclairage d'accueil à LED,Avant/Arrière,2026-02-08 17:45:26.933717,,,,GPS,Ouvrant | Panoramique,Accès mains libres,,Périmétrique | Volumétrique | Anti-soulèvement,Oui,Triangle de présignalisation | Trousse de premiers secours,Autohold,Attention Assist,Chrome,,,Oui,,Oui,Éléctrique,12.3 pouces,Oui,Pack Sport AMG,Métallisée | +7000 DT,,Oui,,Ouverture à distance,,,,,Confort | Sport | Eco | Sport Plus,,,,19.53 kWh,115 km,19.3 kWh/100 km,2 heures,20 minutes,,Similicuir,,,,,,,Sport,,,,,,,,,,,,Oui,Oui,,204 CH,129 CH,,,,,,,,,,,,,,,,,,,,,,,,,,,,,,,,,,,
Mercedes-Benz,Mercedes-Benz CLE Coupé,https://www.automobile.tn/fr/neuf/mercedes-benz/cle-coupe/200-amg,Mercedes-Benz CLE Coupé,https://www.automobile.tn/fr/neuf/mercedes-benz/cle-coupe/200-amg,,Disponible,Coupé,2 ans,4,2,4,Essence | Hybride léger,12 CV,204 CH,320 nm 1800 tr/min,1999 CM³,Automatique,9,Propulsion,4850 mm,1861 mm,1423 mm,420 L,7.4 s,240 KM/H,,,8 L/100 km,Oui,Frontaux | Latéraux | Rideaux,,ESP,Oui,,Oui,Oui,Radar de recul | Radar avant | Caméra de recul | Parkassist,Paramétrique,,TEMPOMAT,,Oui,Feux de jour | Avant | Arrières,En aluminium | 19'',,LED Hautes performances,MBUX | Commandes au volant,USB-C | Android Auto | Apple Carplay | Bluetooth | Commande vocale | Chargeur de téléphone sans fil,11.9 pouces | Vertical | Tactile avec retour haptique,Avant,3,Inserts décoratifs en structure métallique,,Similicuir,Électriques | Réglage lombaire | Fonction mémoire,Conducteur et passager,Velours | AMG,Teintées | Lunette et vitres arrières sur-teintées | Athermiques,Cuir Nappa | Multi-fonctions | Sport | à méplat | Avec palettes,En hauteur et en profondeur,Démarrage mains libres,Automatique,À distance,Oui,Oui,Anti-éblouissement  | Sans Cadre,Électriques | Rabattables | Photosensibles | Mémoire de position | Éclairage d'accueil à LED,Avant,2026-02-08 17:45:29.695053,,,,GPS,Ouvrant | Panoramique,Accès mains libres,,Périmétrique | Volumétrique | Anti-soulèvement,Oui,Triangle de présignalisation | Trousse de premiers secours,Autohold,Attention Assist,Chrome,,,Oui,,Oui,Éléctrique,12.3 pouces,Oui,Pack Sport AMG,Métallisée | +7000 DT,,,,Ouverture à distance,,,,,Confort | Sport | Eco | Sport Plus,,,,,,,,,,Similicuir,,,,,,,Sport,,,,,,,,,,,Oui,Oui,Oui,,,23 CH,,,,,,,,,,,,,,,,,,,,,,,,,,,,,,,,,,,
Mercedes-Benz,Mercedes-Benz Classe E,https://www.automobile.tn/fr/neuf/mercedes-benz/classe-e,200 Avantgarde,https://www.automobile.tn/fr/neuf/mercedes-benz/classe-e/200-avantgarde,309 900 DT,Disponible,Berline,2 ans,5,4,4,Essence | Hybride léger,12 CV,204 CH,320 nm 2000 tr/min,1999 CM³,Automatique,9,Propulsion,4949 mm,1880 mm,1468 mm,540 L,7.5 s,240 KM/H,,,8 L/100 km,Oui,Frontaux | Latéraux | Rideaux | Genoux conducteur,,ESP,Oui,AFU,Oui,Oui,Radar de recul | Radar avant | Parkassist | Caméra panoramique 3D,Paramétrique,Oui,TEMPOMAT,,Oui,Feux de jour | Avant | Arrières,En aluminium | 18'',,LED Hautes performances,MBUX | Commandes au volant,USB-C | Android Auto | Apple Carplay | Bluetooth | Commande vocale | Chargeur de téléphone sans fil,Tactile | 14.4,Avant | Arrière,3,Inserts décoratifs en frêne noir à pores ouverts,,Similicuir,Électriques | Réglage lombaire | Fonction mémoire,Conducteur et passager,Velours,Lunette et vitres arrières sur-teintées | Athermiques,Cuir | Multi-fonctions,En hauteur et en profondeur,Démarrage mains libres,Automatique | Bizone,À distance,Oui,Oui,Anti-éblouissement  | Sans Cadre,Électriques | Rabattables | Dégivrants | Mémoire de position | Éclairage d'accueil à LED,Avant/Arrière,2026-02-08 17:45:32.554274,,,,GPS | Réalité augmentée,,,,Oui,Oui,Triangle de présignalisation | Trousse de premiers secours,,Attention Assist,Chrome,,,Oui,,Oui,Éléctrique,12.3 pouces,Oui,Avantgarde,Métallisée | +9000 DT,,,,,,,,,Confort | Sport | Eco | Sport Plus,,,,,,,,,,,,,,,,,Agility Control,,,,,,,,,,,Oui,Oui,Oui,,,23 CH,,,,,,,,,,,,,,,,,,,,,,,,,,,,,,,,,,,
Mercedes-Benz,Mercedes-Benz Classe E,https://www.automobile.tn/fr/neuf/mercedes-benz/classe-e,200 Exclusive,https://www.automobile.tn/fr/neuf/mercedes-benz/classe-e/200-exclusive,314 900 DT,Disponible,Berline,2 ans,5,4,4,Essence | Hybride léger,12 CV,204 CH,320 nm 2000 tr/min,1999 CM³,Automatique,9,Propulsion,4949 mm,1880 mm,1468 mm,540 L,7.5 s,240 KM/H,,,8 L/100 km,Oui,Frontaux | Latéraux | Rideaux | Genoux conducteur,,ESP,Oui,AFU,Oui,Oui,Radar de recul | Radar avant | Parkassist | Caméra panoramique 3D,Paramétrique,Oui,TEMPOMAT,,Oui,Feux de jour | Avant | Arrières,En aluminium | 18'',,LED Hautes performances,MBUX | Commandes au volant,USB-C | Android Auto | Apple Carplay | Bluetooth | Commande vocale | Chargeur de téléphone sans fil,Tactile | 14.4,Avant | Arrière,3,Inserts décoratifs en bois d'érable marron à pores ouverts lignes aluminium,,Similicuir,Électriques | Réglage lombaire | Fonction mémoire,Conducteur et passager,Velours,Lunette et vitres arrières sur-teintées | Athermiques,Cuir | Multi-fonctions,En hauteur et en profondeur,Démarrage mains libres,Automatique | Bizone,À distance,Oui,Oui,Anti-éblouissement  | Sans Cadre,Électriques | Rabattables | Dégivrants | Mémoire de position | Éclairage d'accueil à LED,Avant/Arrière,2026-02-08 17:45:34.331971,,,,GPS | Réalité augmentée,,,,Oui,Oui,Triangle de présignalisation | Trousse de premiers secours,,Attention Assist,Chrome,,,Oui,,Oui,Éléctrique,12.3 pouces,Oui,Exclusive,Métallisée | +9000 DT,,,,,,,,,Confort | Sport | Eco | Sport Plus,,,,,,,,,,Similicuir,,,,,,,Agility Control,,,,,,,,,,,Oui,Oui,Oui,,,23 CH,,,,,,,,,,,,,,,,,,,,,,,,,,,,,,,,,,,
Mercedes-Benz,Mercedes-Benz Classe E,https://www.automobile.tn/fr/neuf/mercedes-benz/classe-e,200 AMG,https://www.automobile.tn/fr/neuf/mercedes-benz/classe-e/200-amg,329 900 DT,Disponible,Berline,2 ans,5,4,4,Essence | Hybride léger,12 CV,204 CH,320 nm 2000 tr/min,1999 CM³,Automatique,9,Propulsion,4949 mm,1880 mm,1468 mm,540 L,7.5 s,240 KM/H,,,8 L/100 km,Oui,Frontaux | Latéraux | Rideaux | Genoux conducteur,,ESP,Oui,AFU,Oui,Oui,Radar de recul | Radar avant | Parkassist | Caméra panoramique 3D,Paramétrique,Oui,TEMPOMAT,,Oui,Feux de jour | Avant | Arrières,En aluminium | 19'',,LED Hautes performances,MBUX | Commandes au volant,USB-C | Android Auto | Apple Carplay | Bluetooth | Commande vocale | Chargeur de téléphone sans fil,Tactile | 14.4,Avant | Arrière,3,Inserts décoratifs en frêne noir à pores ouverts,,Similicuir/Microfibre,Électriques | Réglage lombaire | Fonction mémoire,Conducteur et passager,Velours,Lunette et vitres arrières sur-teintées | Athermiques,Cuir | Multi-fonctions,En hauteur et en profondeur,Démarrage mains libres,Automatique | Bizone,À distance,Oui,Oui,Anti-éblouissement  | Sans Cadre,Électriques | Rabattables | Dégivrants | Mémoire de position | Éclairage d'accueil à LED,Avant/Arrière,2026-02-08 17:45:36.218406,,,,GPS | Réalité augmentée,Ouvrant | Panoramique,,,Oui,Oui,Triangle de présignalisation | Trousse de premiers secours,,Attention Assist,Chrome,,,Oui,,Oui,Éléctrique,12.3 pouces,Oui,Pack Sport AMG,Métallisée | +9000 DT,,,,,,,,,Confort | Sport | Eco | Sport Plus,,,,,,,,,,,,,,,,,Sport,,,,,,,,,,,Oui,Oui,Oui,,,23 CH,,,,,,,,,,,,,,,,,,,,,,,,,,,,,,,,,,,
Mercedes-Benz,Mercedes-Benz EQE Berline,https://www.automobile.tn/fr/neuf/mercedes-benz/eqe-berline/300-amg,Mercedes-Benz EQE Berline,https://www.automobile.tn/fr/neuf/mercedes-benz/eqe-berline/300-amg,,Disponible,Berline,2 ans | Batterie garantie 10 ans,5,4,,Electrique,8 CV,265 CH,550 nm 0 tr/min,,Automatique,,Propulsion,4946 mm,1961 mm,1510 mm,430 L,6.9 s,210 KM/H,,,,Oui,Frontaux | Latéraux | Rideaux | Genoux,Oui,ESP,Oui,AFU |  Freinage automatique anti-collision (AEB),Oui,Oui,Radar de recul | Radar avant | Parkassist | Caméra panoramique 3D,Oui,Oui,Adaptatif (ACC) | Distronic,,Oui,Feux de jour | Avant | Arrières,En aluminium | 19'',,Full LED | Digital Light,MBUX | Commandes au volant | Burmester Surround,USB-C | Android Auto | Apple Carplay | Bluetooth | Commande vocale | Chargeur de téléphone sans fil,Tactile | 17.7 pouces,Avant | Arrière,3,Noir brillant | Inserts décoratifs Lasercut rétroéclairés,,Cuir,Électriques | Ventilés | Réglage lombaire | Fonction mémoire | Sport,Conducteur et passager,AMG,Lunette et vitres arrières sur-teintées | Athermiques,Cuir Nappa | Multi-fonctions | Sport | Avec palettes,En hauteur et en profondeur,Démarrage mains libres,Automatique | Bizone,À distance,Oui,Oui,Anti-éblouissement  | Sans Cadre,Électriques | Rabattables | Photosensibles | Mémoire de position | Éclairage d'accueil à LED,Avant/Arrière,2026-02-08 17:45:38.923878,,,,GPS,Ouvrant | Panoramique,Accès mains libres,,,Oui,Triangle de présignalisation | Trousse de premiers secours,,Attention Assist,Chrome,,,Oui,Eclairés,Oui,Éléctrique,12.3 pouces,,Pack Sport AMG,Métallisée,,,,Ouverture et fermeture motorisées,Avec étoile centrale,,,,Confort | Sport | Eco | Sport Plus,,1,,90 kWh,635 km,15.8 kWh/100 km,8 heures,32 minutes,,,,,Airmatic | Adaptative,,,,Régulation adaptative,,,,,,,FCW,Oui,,,Oui,Oui,Oui,,,,,,,Oui,,,Niveau 2,,,,,,Escamotables,,,,,,,,,,,,,,,,,,,,,,
Mercedes-Benz,Mercedes-Benz EQS Berline,https://www.automobile.tn/fr/neuf/mercedes-benz/eqs-berline/450-4matic-amg,Mercedes-Benz EQS Berline,https://www.automobile.tn/fr/neuf/mercedes-benz/eqs-berline/450-4matic-amg,,Disponible,Berline,2 ans | Batterie garantie 10 ans,5,4,,Electrique,10 CV,360 CH,568 nm 0 tr/min,,Automatique,,Intégrale,5223 mm,1926 mm,1512 mm,620 L,6.2 s,210 KM/H,,,,Oui,Frontaux | Latéraux | Rideaux | Genoux,Oui,ESP,Oui,AFU |  Freinage automatique anti-collision (AEB),Oui,Oui,Radar de recul | Radar avant | Parktronic | Caméra panoramique 3D,Oui,Oui,Adaptatif (ACC) | Distronic,,Oui,Feux de jour | Avant | Arrières,En aluminium | 21'',,Full LED | Digital Light,MBUX | Commandes au volant | Burmester Surround,USB-C | Android Auto | Apple Carplay | Bluetooth | Commande vocale | Chargeur de téléphone sans fil,Tactile | 17.7 pouces,Avant | Arrière,3,Console centrale en tilleul linestructure anthracite à pores ouverts,,Cuir | Nappa,Électriques | Chauffants | Ventilés | Réglage lombaire | Fonction mémoire,Conducteur et passager,AMG,Lunette et vitres arrières sur-teintées | Athermiques,Cuir Nappa | Multi-fonctions | Sport | Avec palettes,En hauteur et en profondeur,Démarrage mains libres,Automatique | Bizone,À distance,Oui,Oui,Anti-éblouissement  | Sans Cadre,Électriques | Rabattables | Photosensibles | Mémoire de position | Éclairage d'accueil à LED,Avant/Arrière,2026-02-08 17:45:41.744039,,,,GPS | Réalité augmentée,Ouvrant | Panoramique,Accès mains libres,,Périmétrique | Volumétrique,Oui,Triangle de présignalisation | Trousse de premiers secours,,Attention Assist,Chrome,,,Oui,Eclairés,Oui,Éléctrique,12.3 pouces,,Pack Sport AMG,Métallisée,,,,Ouverture et fermeture motorisées,Avec étoile centrale | Avec signature lumineuse LED,,,,Confort | Sport | Eco | Sport Plus,,2,,118 kWh,789 km,17.2 kWh/100 km,12.25 heures,31 minutes,Oui,,,,Airmatic | Adaptative,,,,Régulation adaptative,,,,,,,FCW,Oui,,,Oui,Oui,Oui,,,,,,,Oui,Oui,,Niveau 2,,,,,,Escamotables,,,,,,,,,,,,,,,,,,,,,,
Mercedes-Benz,Mercedes-Benz Classe S,https://www.automobile.tn/fr/neuf/mercedes-benz/classe-s/450-4matic-2024-limousine,Mercedes-Benz Classe S,https://www.automobile.tn/fr/neuf/mercedes-benz/classe-s/450-4matic-2024-limousine,,Sur commande,Berline,2 ans,5,4,6,Essence | Hybride léger,27 CV,381 CH,500 nm 1600 tr/min,2999 CM³,Automatique,9,Intégrale,5179 mm,2109 mm,1503 mm,550 L,5 s,250 KM/H,,,8.4 L/100 km,Oui,Frontaux | Latéraux | Rideaux | Genoux,Oui,Oui,Oui,,Oui,Oui,Radar de recul | Radar avant | Système de caméras 360 | Parktronic,Oui,,Adaptatif (ACC),,Oui,Feux de jour | Avant | Arrières,En aluminium | 18'',,Full LED,MBUX | Commandes au volant,USB | Android Auto | Apple Carplay | Bluetooth | Chargeur de téléphone sans fil,Tactile,Avant | Arrière,3,Ronce de Noyer | Marron brillant,,Cuir,Électriques | Chauffants | Réglage lombaire | Fonction mémoire,Conducteur et passager,Velours,Teintées | Athermiques,Cuir Nappa | Multi-fonctions | Sport,En hauteur et en profondeur,Démarrage mains libres,Automatique | 4 zones,À distance,Oui,Oui,Anti-éblouissement  | Sans Cadre,Électriques | Rabattables | Dégivrants | Photosensibles | Mémoire de position | Éclairage d'accueil à LED,Avant/Arrière,2026-02-08 17:45:44.305145,Oui,,Chromées,GPS,,Accès mains libres,,Volumétrique,Oui,,Oui,,Chrome,,,LED,Eclairés,Oui,Éléctrique,Oui,Oui,,,Tissu,,,Ouverture et fermeture motorisées | Ouverture à distance,Chromée,,,1 prise 12 V,,,,,,,,,,,,,Soft close,Pneumatique | Airmatic,,,,,,,,,,,,Oui,,,,Oui,,,,,,,,,,,,,,,,,Escamotables,,,,,,,,,,,,,,,,,,,,,,
Mercedes-Benz,Mercedes-Benz GLA,https://www.automobile.tn/fr/neuf/mercedes-benz/gla,200 Progressive,https://www.automobile.tn/fr/neuf/mercedes-benz/gla/200-progressive-2023,189 900 DT,Disponible,SUV,2 ans,5,5,4,Essence,9 CV,163 CH,200 nm 1460 tr/min,1332 CM³,Automatique,7,Traction,4412 mm,2020 mm,1616 mm,435 L,9.6 s,200 KM/H,,,7 L/100 km,Oui,Frontaux | Rideaux | Bassin,,ESP | ASR,Oui,BAS,Oui,Oui,Radar de recul | Radar avant | Caméra de recul | Parkassist,Oui,,TEMPOMAT,,Oui,Feux de jour | Avant | Arrières,En aluminium | 18'',,LED Hautes performances,MBUX | Commandes au volant,USB-C | Android Auto | Apple Carplay | Bluetooth | Chargeur de téléphone sans fil,Tactile | 10.25 pouces,Avant,3,,,Similicuir,Confort,Conducteur et passager,Velours,,Multi-fonctions | Avec palettes,En hauteur et en profondeur,Démarrage mains libres,Automatique,À distance,Oui,Oui,Anti-éblouissement  | Sans Cadre,Électriques | Rabattables | Photosensibles,Avant/Arrière,2026-02-08 17:45:47.038945,,,,,,Accès mains libres,,,Oui,Triangle de présignalisation | Trousse de premiers secours,Oui,Attention Assist,Chrome,,,Oui,,Oui,Éléctrique,10.25 pouces,Oui,Progressive Line,Métallisée | +5000 DT,,,,Ouverture et fermeture motorisées,,,,,Confort | Sport | Eco,,,,,,,,,,,,,,,,Oui,,,,,,,,,,Oui,,,,,,,,,,,,,,,,,,,,,,,,,,,,,,,,,,,,,,,,,,
Mercedes-Benz,Mercedes-Benz GLA,https://www.automobile.tn/fr/neuf/mercedes-benz/gla,200 AMG,https://www.automobile.tn/fr/neuf/mercedes-benz/gla/200-amg-2023,209 900 DT,Disponible,SUV,2 ans,5,5,4,Essence,9 CV,163 CH,200 nm 1460 tr/min,1332 CM³,Automatique,7,Traction,4412 mm,2020 mm,1616 mm,435 L,9.6 s,200 KM/H,,,7 L/100 km,Oui,Frontaux | Rideaux | Bassin,,ESP | ASR,Oui,BAS,Oui,Oui,Radar de recul | Radar avant | Caméra de recul | Parkassist,Oui,,TEMPOMAT,,Oui,Feux de jour | Avant | Arrières,En aluminium | 19'',,LED Hautes performances,MBUX | Commandes au volant,USB-C | Android Auto | Apple Carplay | Bluetooth | Chargeur de téléphone sans fil,Tactile | 10.25 pouces,Avant,3,,,Dinamica | Similicuir,Sport,Conducteur et passager,Velours | AMG,Lunette et vitres arrières sur-teintées | Athermiques,Cuir Nappa | Multi-fonctions | Sport | à méplat | Avec palettes | 3 branches doubles,En hauteur et en profondeur,Démarrage mains libres,Automatique,À distance,Oui,Oui,Anti-éblouissement  | Sans Cadre,Électriques | Rabattables | Photosensibles,Avant/Arrière,2026-02-08 17:45:48.938639,,,,,Ouvrant | Panoramique,Accès mains libres,,,Oui,Triangle de présignalisation | Trousse de premiers secours,Oui,Attention Assist,Chrome,,,Oui,,Oui,Éléctrique,10.25 pouces,Oui,Pack Sport AMG,Métallisée | +5000 DT,,,,Ouverture et fermeture motorisées,A picots,,,,Confort | Sport | Eco,,,,,,,,,,,,,,,,Oui,,,,,,,,,,Oui,,,,,,,,,,,,,,,,,,,,,,,,,,,,,,,,,,,,,,,,,,
Mercedes-Benz,Mercedes-Benz GLB,https://www.automobile.tn/fr/neuf/mercedes-benz/glb/200-24-amg,Mercedes-Benz GLB,https://www.automobile.tn/fr/neuf/mercedes-benz/glb/200-24-amg,,Disponible,SUV,2 ans,5,5,4,Essence,9 CV,163 CH,250 nm 1620 tr/min,1332 CM³,Automatique,7,Traction,4634 mm,1834 mm,1662 mm,570 L,9.1 s,207 KM/H,7.6 L/100 km,5.4 L/100 km,6.2 L/100 km,Oui,Frontaux | Latéraux | Rideaux,,ESP | ASR,Oui,AFU | BAS,Oui,Oui,Radar de recul | Radar avant | Caméra de recul | Parkassist,Oui,,TEMPOMAT,,Oui,Feux de jour | Avant | Arrières,En aluminium | 19'',,Full LED,Commandes au volant,USB | Android Auto | Apple Carplay | Bluetooth,Tactile | 10.1 pouces,Avant,3,,,Similicuir,Sport,Conducteur et passager,Velours,Parebrise athermique | Lunette et vitres arrières sur-teintées,Multi-fonctions | Avec palettes,En hauteur et en profondeur,Démarrage mains libres,Automatique,À distance,Oui,Oui,Anti-éblouissement,Électriques | Rabattables | Photosensibles,Avant/Arrière,2026-02-08 17:45:51.682793,,,,,Ouvrant | Panoramique,Accès mains libres,,,Oui,,,Attention Assist,,,,Oui,,Oui,Éléctrique,10.25 pouces,,Pack Sport AMG,Métallisée | +5000 DT,,,,,,,Oui,,Confort | Sport | Eco,,,,,,,,,,,,,,,,Oui,,,,,,,,,,Oui,,,Oui,,,,,,,,,,,,,,,,,,,,,,,,,,,,,,,,,,,,,,,
Mercedes-Benz,Mercedes-Benz EQB,https://www.automobile.tn/fr/neuf/mercedes-benz/eqb/250plus-amg,Mercedes-Benz EQB,https://www.automobile.tn/fr/neuf/mercedes-benz/eqb/250plus-amg,,Disponible,SUV,2 ans | Batterie garantie 8 ans,5,5,,Electrique,N.C. CV,190 CH,385 nm 0 tr/min,,Automatique,,Traction,4684 mm,1834 mm,1654 mm,495 L,8.9 s,160 KM/H,,,,Oui,Frontaux | Latéraux | Rideaux | Genoux,Oui,ESP,Oui,AFU |  Freinage automatique anti-collision (AEB),Oui,Oui,Radar de recul | Radar avant | Parktronic | Caméra panoramique 3D,Oui,Oui,Oui,,Oui,Feux de jour | Avant | Arrières,En aluminium | 18'',,LED Hautes performances,MBUX | Commandes au volant | Burmester Surround,USB-C | Android Auto | Apple Carplay | Bluetooth | Commande vocale | Chargeur de téléphone sans fil,Tactile | 10.25 pouces,Avant | Arrière,3,Inserts décoratifs rétroéclairés avec motif en étoiles,,Similicuir Artico/Microfibre,Électriques | Réglage lombaire | Fonction mémoire | Sport,Conducteur et passager,AMG,Lunette et vitres arrières sur-teintées | Athermiques,Cuir Nappa | Multi-fonctions | Sport | Avec palettes,En hauteur et en profondeur,Démarrage mains libres,Automatique | Bizone,À distance,Oui,,Anti-éblouissement  | Sans Cadre,Électriques | Rabattables | Photosensibles | Mémoire de position | Éclairage d'accueil à LED,Avant/Arrière,2026-02-08 17:45:54.387767,,,,GPS,Ouvrant | Panoramique,Accès mains libres,,Périmétrique | Volumétrique,Oui,Triangle de présignalisation | Trousse de premiers secours,,Attention Assist,Chrome,,,Oui,Eclairés,Oui,Éléctrique,10.25 pouces,,Pack Sport AMG,,Noir,,,Ouverture et fermeture motorisées,Avec étoile centrale,,,,Confort | Sport | Eco | Sport Plus,,1,,70.5 kWh,518 km,15.7 kWh/100 km,7.25 heures,35 minutes,,,Oui,,,,,,Confort | Châssis surbaissé,,,,,,,FCW,Oui,Oui,,Oui,Oui,Oui,,,,,,,Oui,,,,,,,,,,,,,,,,,,,,,,,,,,,,,,,
Mercedes-Benz,Mercedes-Benz GLC,https://www.automobile.tn/fr/neuf/mercedes-benz/glc,200 4Matic Avantgarde,https://www.automobile.tn/fr/neuf/mercedes-benz/glc/200-4matic-avantgarde,289 900 DT,Disponible,SUV,2 ans,5,5,4,Essence | Hybride léger,12 CV,204 CH,320 nm 3000 tr/min,1999 CM³,Automatique,9,Intégrale,4716 mm,1890 mm,1640 mm,620 L,7.8 s,221 KM/H,7.3 L/100 km,6.2 L/100 km,6.8 L/100 km,Oui,Frontaux | Latéraux | Rideaux | Genoux conducteur,,ESP,Oui,AFU,Oui,Oui,Radar de recul | Radar avant | Caméra de recul | Parktronic,Paramétrique,,TEMPOMAT,,Oui,Feux de jour | Avant | Arrières,En aluminium | 18'',,LED Hautes performances,MBUX | Commandes au volant,USB-C | Android Auto | Apple Carplay | Bluetooth | Commande vocale | Chargeur de téléphone sans fil,Tactile | 11.9 pouces,Avant | Arrière,3,Inserts décoratifs aspect losanges en gris argent,,Similicuir,Partiellement électriques | Chauffants | Réglage lombaire,Conducteur et passager,Velours,Teintées | Lunette et vitres arrières sur-teintées | Athermiques,Cuir | 3 branches | Multi-fonctions | Avec palettes,En hauteur et en profondeur,Démarrage mains libres,Automatique | Bizone,À distance,Oui,Oui,Anti-éblouissement  | Sans Cadre,Électriques | Rabattables | Photosensibles | Avec clignotants intégrés,Avant/Arrière,2026-02-08 17:45:57.214339,,,,,Ouvrant | Panoramique,,,Oui,Oui,Oui,Oui,Attention Assist,Chrome,,,LED | 64 couleurs,Aluminium,Oui,Éléctrique,12.3 pouces,Oui,Avantgarde,Métallisée | +7000 DT,Noir | Tissu,Oui,,Ouverture et fermeture motorisées | Cache Bagages | Ouverture à distance,Avec étoile centrale,,Oui,1 prise 12 V,Confort | Sport | Eco | Offroad,,,,,,,,,,,,,,,,Aluminium,Agility Control,,,,,,,,Oui,Oui,,,Oui,Oui,,,23 CH,,,,,,,,,,,,Aluminium,,,,,,,,,,,,,,,,,,,,,,,
Mercedes-Benz,Mercedes-Benz GLC,https://www.automobile.tn/fr/neuf/mercedes-benz/glc,200 4Matic AMG,https://www.automobile.tn/fr/neuf/mercedes-benz/glc/200-4matic-amg,328 900 DT,Disponible,SUV,2 ans,5,5,4,Essence | Hybride léger,12 CV,204 CH,320 nm 3000 tr/min,1999 CM³,Automatique,9,Intégrale,4716 mm,1890 mm,1640 mm,620 L,7.8 s,221 KM/H,7.3 L/100 km,6.2 L/100 km,6.8 L/100 km,Oui,Frontaux | Latéraux | Rideaux | Genoux conducteur,Oui,ESP,Oui,AFU,Oui,Oui,Radar de recul | Radar avant | Caméra de recul | Parktronic,Paramétrique,,TEMPOMAT,,Oui,Feux de jour | Avant | Arrières,En aluminium | 19'',,LED Hautes performances,MBUX | Commandes au volant,USB-C | Android Auto | Apple Carplay | Bluetooth | Commande vocale | Chargeur de téléphone sans fil,Tactile | 11.9 pouces,Avant | Arrière,3,Inserts décoratifs en aluminium finition trapèze,,Similicuir,Électriques | Chauffants | Réglage lombaire | Fonction mémoire | Sport,Conducteur et passager,Velours | AMG,Teintées | Lunette et vitres arrières sur-teintées | Athermiques,Cuir | 3 branches | Multi-fonctions | Sport | à méplat | Avec palettes,En hauteur et en profondeur,Démarrage mains libres,Automatique | Bizone,À distance,Oui,Oui,Anti-éblouissement  | Sans Cadre,Électriques | Rabattables | Photosensibles | Avec clignotants intégrés,Avant/Arrière,2026-02-08 17:45:59.159239,,,,GPS,Ouvrant | Panoramique,,,Oui,Oui,Oui,Oui,Attention Assist,Chrome,,,LED | 64 couleurs,Aluminium | Eclairés,Oui,Éléctrique,12.3 pouces,Oui,Pack Sport AMG,Métallisée | +7000 DT,Noir | Tissu,Oui,Aluminium,Ouverture et fermeture motorisées | Cache Bagages | Ouverture à distance,Diamantée,,Oui,1 prise 12 V,Confort | Sport | Eco | Offroad,,,,,,,,,,Similicuir,,,,,,Aluminium,Sport,,,,,,,,Oui,Oui,,Oui,Oui,Oui,,,23 CH,,,,,,,,,,,,Aluminium,,,,,,,,,,,,,,,,,,,,,,,
Mercedes-Benz,Mercedes-Benz GLC Plug-in Hybride,https://www.automobile.tn/fr/neuf/mercedes-benz/glc-hybride/350e-4matic-amg,Mercedes-Benz GLC Plug-in Hybride,https://www.automobile.tn/fr/neuf/mercedes-benz/glc-hybride/350e-4matic-amg,,Disponible,SUV,2 ans,5,5,4,Essence | Hybride rechargeable,9 CV,313 CH,320 nm 3000 tr/min,1999 CM³,Automatique,9,Intégrale,4716 mm,1890 mm,1640 mm,620 L,6.7 s,218 KM/H,,,1.5 L/100 km,Oui,Frontaux | Latéraux | Rideaux | Genoux conducteur,Oui,ESP,Oui,AFU,Oui,Oui,Radar de recul | Radar avant | Système de caméras 360 | Parktronic | Caméra panoramique 3D,Paramétrique,,TEMPOMAT,,Oui,Feux de jour | Avant | Arrières,En aluminium | 19'',,LED Hautes performances,MBUX | Commandes au volant,USB-C | Android Auto | Apple Carplay | Bluetooth | Commande vocale | Chargeur de téléphone sans fil,Tactile | 11.9 pouces,Avant | Arrière,3,Inserts décoratifs aspect losanges en gris argent,,Similicuir,Électriques | Chauffants | Réglage lombaire | Fonction mémoire | Sport,Conducteur et passager,Velours | AMG,Teintées | Lunette et vitres arrières sur-teintées | Athermiques,Cuir | 3 branches | Multi-fonctions | Sport | à méplat | Avec palettes,En hauteur et en profondeur,Démarrage mains libres,Automatique | Bizone,À distance,Oui,Oui,Anti-éblouissement  | Sans Cadre,Électriques | Rabattables | Photosensibles | Avec clignotants intégrés,Avant/Arrière,2026-02-08 17:46:02.098495,,,,GPS,Ouvrant | Panoramique,Accès mains libres,,Oui,Oui,Oui,Oui,Attention Assist,Chrome,,,LED | 64 couleurs,Aluminium | Eclairés,Oui,Éléctrique,12.3 pouces,Oui,Pack Sport AMG,Métallisée | +9000 DT,Noir | Tissu,Oui,Aluminium,Ouverture et fermeture motorisées | Cache Bagages | Ouverture à distance,Diamantée,,Oui,1 prise 12 V,Confort | Sport | Eco | Offroad,,,,31.2 kWh,,,,,,Similicuir,,,,,,Aluminium,Sport,,,,,,,,Oui,Oui,,Oui,Oui,Oui,,204 CH,129 CH,440 nm,,,,,,,,,,,Aluminium,,,,,,,,,,,,,,,,,,,,,,,
Mercedes-Benz,Mercedes-Benz GLC Coupé,https://www.automobile.tn/fr/neuf/mercedes-benz/glc-coupe/200-4matic-amg,Mercedes-Benz GLC Coupé,https://www.automobile.tn/fr/neuf/mercedes-benz/glc-coupe/200-4matic-amg,,Disponible,SUV,2 ans,5,5,4,Essence | Hybride léger,12 CV,204 CH,320 nm 3000 tr/min,1999 CM³,Automatique,9,Intégrale,4764 mm,1890 mm,1605 mm,545 L,7.9 s,227 KM/H,,,9 L/100 km,Oui,Frontaux | Latéraux | Rideaux | Genoux conducteur,Oui,ESP,Oui,AFU,Oui,Oui,Radar de recul | Radar avant | Caméra de recul | Parktronic,Paramétrique,Oui,TEMPOMAT,,Oui,Feux de jour | Avant | Arrières,En aluminium | 19'',,LED Hautes performances,MBUX | Commandes au volant,USB-C | Android Auto | Apple Carplay | Bluetooth | Commande vocale | Chargeur de téléphone sans fil,Tactile | 11.9 pouces,Avant | Arrière,3,Inserts décoratifs aspect losanges en gris argent,,Similicuir,Électriques | Chauffants | Réglage lombaire | Fonction mémoire | Sport,Conducteur et passager,AMG,Teintées | Lunette et vitres arrières sur-teintées | Athermiques,Cuir | 3 branches | Multi-fonctions | Sport | à méplat | Avec palettes,En hauteur et en profondeur,Démarrage mains libres,Automatique | Bizone,À distance,Oui,Oui,Anti-éblouissement  | Sans Cadre,Électriques | Rabattables | Photosensibles | Avec clignotants intégrés,Avant/Arrière,2026-02-08 17:46:04.967392,,,,GPS,Ouvrant | Panoramique,Accès mains libres,,Oui,Oui,Oui,Oui,Attention Assist,Chrome,,,LED | 64 couleurs,Aluminium | Eclairés,Oui,Éléctrique,12.3 pouces,Oui,Pack Sport AMG,Métallisée | +7000 DT,,Oui,Aluminium,Ouverture et fermeture motorisées | Cache Bagages | Ouverture à distance,Diamantée,,,1 prise 12 V,Confort | Sport | Eco,,,,,,,,,,Similicuir,,,,,,,Sport,,,,,,,,Oui,Oui,,Oui,Oui,Oui,,,23 CH,,,,,,,,,,,,Aluminium,,,,,,,,,,,,,,,,,,,,,,,
Mercedes-Benz,Mercedes-Benz GLC Coupé Plug-in Hybride,https://www.automobile.tn/fr/neuf/mercedes-benz/glc-coupe-plug-in-hybride/350e-4matic-amg,Mercedes-Benz GLC Coupé Plug-in Hybride,https://www.automobile.tn/fr/neuf/mercedes-benz/glc-coupe-plug-in-hybride/350e-4matic-amg,,Sur arrivage,SUV,2 ans,5,5,4,Essence | Hybride rechargeable,11 CV,313 CH,320 nm 3000 tr/min,1999 CM³,Automatique,9,Intégrale,4764 mm,1890 mm,1614 mm,545 L,6.7 s,220 KM/H,,,1.5 L/100 km,Oui,Frontaux | Latéraux | Rideaux | Genoux conducteur,Oui,ESP,Oui,AFU,Oui,Oui,Radar de recul | Radar avant | Système de caméras 360 | Parktronic | Caméra panoramique 3D,Paramétrique,,TEMPOMAT,,Oui,Feux de jour | Avant | Arrières,En aluminium | 19'',,LED Hautes performances,MBUX | Commandes au volant,USB-C | Android Auto | Apple Carplay | Bluetooth | Commande vocale | Chargeur de téléphone sans fil,Tactile | 11.9 pouces,Avant | Arrière,3,Inserts décoratifs aspect losanges en gris argent,,Similicuir,Électriques | Chauffants | Réglage lombaire | Fonction mémoire | Sport,Conducteur et passager,Velours | AMG,Teintées | Lunette et vitres arrières sur-teintées | Athermiques,Cuir | 3 branches | Multi-fonctions | Sport | à méplat | Avec palettes,En hauteur et en profondeur,Démarrage mains libres,Automatique | Bizone,À distance,Oui,Oui,Anti-éblouissement  | Sans Cadre,Électriques | Rabattables | Photosensibles | Avec clignotants intégrés,Avant/Arrière,2026-02-08 17:46:07.788126,,,,GPS,Ouvrant | Panoramique,Accès mains libres,,Oui,Oui,Oui,Oui,Attention Assist,Chrome,,,LED | 64 couleurs,Aluminium | Eclairés,Oui,Éléctrique,12.3 pouces,Oui,Pack Sport AMG,,Noir | Tissu,Oui,Aluminium,Ouverture et fermeture motorisées | Cache Bagages | Ouverture à distance,Diamantée,,Oui,1 prise 12 V,Confort | Sport | Eco | Offroad,,,,31.2 kWh,,,,,,Similicuir,,,,,,Aluminium,,,,,,,,,Oui,Oui,,Oui,Oui,Oui,,204 CH,129 CH,440 nm,,,,,,,,,,,Aluminium,,,,,,,,,,,,,,,,,,,,,,,
Mercedes-Benz,Mercedes-Benz EQE SUV,https://www.automobile.tn/fr/neuf/mercedes-benz/eqe-suv/350-4matic,Mercedes-Benz EQE SUV,https://www.automobile.tn/fr/neuf/mercedes-benz/eqe-suv/350-4matic,,Disponible,SUV,2 ans | Batterie garantie 10 ans,5,5,,Electrique,10 CV,292 CH,765 nm 0 tr/min,,Automatique,,Intégrale,4863 mm,1940 mm,1685 mm,520 L,6.6 s,210 KM/H,,,,Oui,Frontaux | Latéraux | Rideaux | Genoux,Oui,ESP,Oui,AFU |  Freinage automatique anti-collision (AEB),Oui,Oui,Radar de recul | Radar avant | Parktronic | Caméra panoramique 3D,Oui,Oui,Adaptatif (ACC) | Distronic,,Oui,Feux de jour | Avant | Arrières,En aluminium | 21'',,Full LED | Digital Light,MBUX | Commandes au volant | Burmester Surround,USB-C | Android Auto | Apple Carplay | Bluetooth | Commande vocale | Chargeur de téléphone sans fil,Tactile | 17.7 pouces | Hyperscreen,Avant | Arrière,3,Console centrale en tilleul linestructure anthracite à pores ouverts,,Cuir | Nappa,Électriques | Ventilés | Réglage lombaire | Fonction mémoire | Confort,Conducteur et passager,AMG,Lunette et vitres arrières sur-teintées | Athermiques,Cuir Nappa | Multi-fonctions | Sport | Avec palettes,En hauteur et en profondeur,Démarrage mains libres,Automatique | Bizone,À distance,Oui,Oui,Anti-éblouissement  | Sans Cadre,Électriques | Rabattables | Photosensibles | Mémoire de position | Éclairage d'accueil à LED,Avant/Arrière,2026-02-08 17:46:10.694246,,,,GPS,Ouvrant | Panoramique,Accès mains libres,,Périmétrique | Volumétrique,Oui,Triangle de présignalisation | Trousse de premiers secours,,Attention Assist,Chrome,,,Oui,Eclairés,Oui,Éléctrique,12.3 pouces,,Pack Sport AMG,Métallisée,,,,Ouverture et fermeture motorisées | Cache Bagages,Avec étoile centrale | Avec signature lumineuse LED,,,,Confort | Sport | Eco | Sport Plus,,2,,90.5 kWh,556 km,18.7 kWh/100 km,9.5 heures,32 minutes,Oui,,Oui,,Airmatic | Adaptative,,,,Régulation adaptative,,,,,,,FCW,Oui,,,Oui,Oui,Oui,,,,,,,Oui,Oui,,Niveau 2,,,,,Eclairés | Aluminium,Escamotables,,,,,,,,,,,,,,,,,,,,,,
Mercedes-Benz,Mercedes-Benz GLE,https://www.automobile.tn/fr/neuf/mercedes-benz/gle/300d-4matic-amg-2023,Mercedes-Benz GLE,https://www.automobile.tn/fr/neuf/mercedes-benz/gle/300d-4matic-amg-2023,,Sur arrivage,SUV,2 ans,5,5,4,Diesel | Hybride léger,17 CV,269 CH,550 nm 1800 tr/min,1993 CM³,Automatique,9,Intégrale,4924 mm,2010 mm,1797 mm,635 L,6.9 s,230 KM/H,,,6.9 L/100 km,Oui,Frontaux | Latéraux | Rideaux | Bassin,,ESP,Oui,Freinage automatique anti-collision (AEB),Oui,Oui,Radar de recul | Radar avant | Système de caméras 360 | Parktronic,Électrique,Oui,TEMPOMAT,,Oui,Feux de jour | Avant | Arrières,En aluminium | 21'' | AMG,,Full LED,MBUX | Burmester,USB | Android Auto | Apple Carplay | Bluetooth | Commande vocale | Chargeur de téléphone sans fil,Tactile | 12.3 pouces,Avant | Arrière,3,Aluminium brossé | Chromée | Alu à stries,,Cuir | Nappa,Électriques | Réglage lombaire | Fonction mémoire,Conducteur et passager,AMG,Teintées | Parebrise athermique,Cuir Nappa | Multi-fonctions | Sport,En hauteur et en profondeur,Démarrage mains libres,Automatique,À distance,Oui,Oui,Anti-éblouissement,Électriques | Rabattables | Mémoire de position | Éclairage d'accueil à LED,Avant/Arrière,2026-02-08 17:46:13.597380,,DSR,,GPS,Ouvrant | Panoramique,Accès mains libres,,Volumétrique,Oui,Triangle de présignalisation,Oui,,Noir Brillant,,,LED,Aluminium | Eclairés | Baguettes dans les baies de porte,Oui,Éléctrique,12.3 pouces | Widescreen,Oui,Pack Sport AMG,Métallisée,Noir | Tissu,Oui,,Ouverture et fermeture motorisées | Cache Bagages | Ouverture à distance,,,,,Confort | Sport | Eco,,,,,,,,,,Similicuir,Oui,Soft close,Pneumatique | Airmatic | Adaptative,,,,Régulation adaptative,,,,,,,,Oui,,,Oui,,Oui,,,20 CH,,,,,,,,,,,,Eclairés,,,,,,,Oui,,,,,,,,,,,,,,,,
Mercedes-Benz,Mercedes-Benz GLE Coupé,https://www.automobile.tn/fr/neuf/mercedes-benz/gle-coupe/300d-4matic-amg-2023,Mercedes-Benz GLE Coupé,https://www.automobile.tn/fr/neuf/mercedes-benz/gle-coupe/300d-4matic-amg-2023,,Disponible,SUV,2 ans,5,5,4,Diesel | Hybride léger,16 CV,269 CH,550 nm 1800 tr/min,1993 CM³,Automatique,9,Intégrale,4941 mm,2018 mm,1716 mm,620 L,6.9 s,230 KM/H,,,6.9 L/100 km,Oui,Frontaux | Latéraux | Rideaux | Bassin,,ESP,Oui,Freinage automatique anti-collision (AEB),Oui,Oui,Radar de recul | Radar avant | Système de caméras 360 | Parktronic,Électrique,Oui,TEMPOMAT,,Oui,Feux de jour | Avant | Arrières,En aluminium | 21'' | AMG,,Full LED,MBUX | Burmester,USB | Android Auto | Apple Carplay | Bluetooth | Commande vocale | Chargeur de téléphone sans fil,Tactile | 12.3 pouces,Avant | Arrière,3,Aluminium brossé | Chromée | Alu à stries,,Cuir | Nappa,Électriques | Réglage lombaire | Fonction mémoire,Conducteur et passager,AMG,Teintées | Parebrise athermique,Cuir Nappa | Multi-fonctions | Sport,En hauteur et en profondeur,Démarrage mains libres,Automatique,À distance,Oui,Oui,Anti-éblouissement,Électriques | Rabattables | Mémoire de position | Éclairage d'accueil à LED,Avant/Arrière,2026-02-08 17:46:16.380501,,DSR,,GPS,Ouvrant | Panoramique,Accès mains libres,,Volumétrique,Oui,Triangle de présignalisation,Oui,,Noir Brillant,,,LED,Aluminium | Eclairés | Baguettes dans les baies de porte,Oui,Éléctrique,12.3 pouces | Widescreen,Oui,Pack Sport AMG,Métallisée,Noir | Tissu,Oui,,Ouverture et fermeture motorisées | Cache Bagages | Ouverture à distance,,,,,Confort | Sport | Eco,,,,,,,,,,Similicuir,Oui,Soft close,Pneumatique | Airmatic | Adaptative,,,,Régulation adaptative,,,,,,,,Oui,,,Oui,,Oui,,,20 CH,,,,,,,,,,,,Eclairés,,,,,,,Oui,,,,,,,,,,,,,,,,
Mercedes-Benz,Mercedes-Benz Classe G Electrique,https://www.automobile.tn/fr/neuf/mercedes-benz/classe-g-electric,580 EQ AMG Line,https://www.automobile.tn/fr/neuf/mercedes-benz/classe-g-electric/580-eq,599 000 DT,Sur arrivage,SUV,2 ans | Batterie garantie 8 ans,5,5,,Electrique,18 CV,587 CH,1164 nm 0 tr/min,,Automatique,,Intégrale,4624 mm,1931 mm,1986 mm,620 L,4.7 s,180 KM/H,,,,Oui,Frontaux | Latéraux | Rideaux | Genoux,Oui,ESP,Oui,AFU | BAS |  Freinage automatique anti-collision (AEB),Oui,Oui,Radar de recul | Radar avant | Parktronic | Caméra panoramique 3D,Adaptative,Oui,Adaptatif (ACC) | Distronic,,Oui,Feux de jour | Avant | Arrières,En aluminium | 20'' | 10 branches,,MULTIBEAM LED,MBUX | Commandes au volant | Burmester Surround | Radio numérique DAB,USB-C | Android Auto | Apple Carplay | Bluetooth | Commande vocale | Chargeur de téléphone sans fil,Tactile | 12.3 pouces,Avant | Réfrigéré | Arrière,3,Inserts décoratifs en noyer marron à pores ouverts,,Cuir | Nappa,Électriques | Réglage lombaire | Fonction mémoire,Conducteur et passager,AMG,Sur-teintées,Cuir Nappa | Multi-fonctions | Avec palettes,En hauteur et en profondeur,Démarrage mains libres,Automatique,À distance,Oui,,Anti-éblouissement  | Sans Cadre,Électriques | Rabattables | Photosensibles | Mémoire de position | Éclairage d'accueil à LED,Avant/Arrière,2026-02-08 17:46:18.925440,,,,GPS | Réalité augmentée,Ouvrant,Accès mains libres,1990 L,Périmétrique | Volumétrique,Oui,Triangle de présignalisation | Trousse de premiers secours,,Attention Assist,Noir Brillant,,,Oui,Acier inoxydable | Eclairés,Oui,Éléctrique | EPB,12.3 pouces,Oui,Pack Sport AMG,Métallisée,Microfibre MICROCUT noir,,,Cache Bagages | Seuil de chargement en métal,Chromée,,,,Confort | Sport | Individual | G-Turn | G-Steering | Trail | Rock,,4,,116 kWh,455 km,28.9 kWh/100 km,12 heures,32 minutes,,Cuir,Oui,,Adaptative,,,,Régulation adaptative,,,,,,,FCW,Oui,Oui,,Oui,,Oui,,,,,,,Oui,,,Niveau 2,,,,,Oui,,,,,,Avant,,,,,,,,,,,,,,,,,
Mercedes-Benz,Mercedes-Benz Classe G Electrique,https://www.automobile.tn/fr/neuf/mercedes-benz/classe-g-electric,580 EQ AMG Line Superior,https://www.automobile.tn/fr/neuf/mercedes-benz/classe-g-electric/580-eq-amg,640 000 DT,Sur arrivage,SUV,2 ans | Batterie garantie 8 ans,5,5,,Electrique,18 CV,587 CH,1164 nm 0 tr/min,,Automatique,,Intégrale,4624 mm,1931 mm,1986 mm,620 L,4.7 s,180 KM/H,,,,Oui,Frontaux | Latéraux | Rideaux | Genoux,Oui,ESP,Oui,AFU | BAS |  Freinage automatique anti-collision (AEB),Oui,Oui,Radar de recul | Radar avant | Parktronic | Caméra panoramique 3D,Adaptative,Oui,Adaptatif (ACC) | Distronic,,Oui,Feux de jour | Avant | Arrières,En aluminium | 20'' | 10 branches,,MULTIBEAM LED,MBUX | Commandes au volant | Burmester Surround | Radio numérique DAB,USB-C | Android Auto | Apple Carplay | Bluetooth | Commande vocale | Chargeur de téléphone sans fil,Tactile | 12.3 pouces,Avant | Réfrigéré | Arrière,3,Laqué Piano Noir | Superior,,Cuir,Électriques | Réglage lombaire | Fonction mémoire,Conducteur et passager,AMG,Sur-teintées,Cuir/Bois | Multi-fonctions | Avec palettes,En hauteur et en profondeur,Démarrage mains libres,Automatique,À distance,Oui,,Anti-éblouissement  | Sans Cadre,Électriques | Rabattables | Photosensibles | Mémoire de position | Noirs | Éclairage d'accueil à LED,Avant/Arrière,2026-02-08 17:46:20.886166,,,,GPS | Réalité augmentée,Ouvrant,Accès mains libres,1990 L,Périmétrique | Volumétrique,Oui,Triangle de présignalisation | Trousse de premiers secours,,Attention Assist,Noir Brillant,,,Oui,Acier inoxydable | Eclairés,Oui,Éléctrique | EPB,12.3 pouces,Oui,Pack Sport AMG,Métallisée,Microfibre MICROCUT noir,,,Cache Bagages | Seuil de chargement en métal,Noire,,,,Confort | Sport | Individual | G-Turn | G-Steering | Trail | Rock,,4,,116 kWh,455 km,28.9 kWh/100 km,12 heures,32 minutes,,Cuir Nappa,Oui,,Adaptative,,,,Régulation adaptative,,,,,,,FCW,Oui,Oui,,Oui,,Oui,,,,,,,Oui,,,Niveau 2,,,,,Oui,,,,,,Avant,,,,,,,,,,,,,,,,,
Mercedes-Benz,Mercedes-Benz Classe V,https://www.automobile.tn/fr/neuf/mercedes-benz/classe-v/250-d,Mercedes-Benz Classe V,https://www.automobile.tn/fr/neuf/mercedes-benz/classe-v/250-d,,Disponible,Monospace,2 ans,6,3 | 2 portes latérales coulissantes,4,Diesel,12 CV,190 CH,440 nm 1350 tr/min,1950 CM³,Automatique,9,Propulsion,5370 mm,1928 mm,1880 mm,1410 L,10 s,205 KM/H,6.5 L/100 km,5.6 L/100 km,5.9 L/100 km,Oui,Frontaux | Latéraux | Rideaux | Bassin,Oui,ESP,Oui,Système anti-collision avec détection des piétons | Active Brake Assist,Oui,Oui,Radar de recul | Radar avant | Caméra de recul | Parktronic,Oui,,TEMPOMAT,,Pare-chocs | Poignées de portes | Rétroviseurs,Feux de jour | Avant | Arrières,En aluminium | 17'',,LED,MBUX | Commandes au volant,USB | Bluetooth | Commande vocale,8 pouces,Avant | Arrière,,Laqué Piano Noir,,Similicuir,Réglage lombaire,Conducteur et passager,Velours,Lunette et vitres arrières sur-teintées,Cuir | Multi-fonctions,En hauteur et en profondeur,,Automatique | Ventilation arrière,À distance,Oui,Oui,Anti-éblouissement,Électriques | Rabattables | Dégivrants,Avant/Arrière,2026-02-08 17:46:23.543951,,,,GPS,,,,,Oui,Triangle de présignalisation | Trousse de premiers secours,Hill assist,Attention Assist,,,,Oui,,Oui,Éléctrique,,Oui,,,Gris,,,,Chromée,,,1 prise 12 V,Confort | Sport,,,,,,,,,,,,,,,,Alu satiné,,,,,,,,,Oui,,,Oui,,Oui,,,,,,,,,,,,,,,,,,,,,,,,,,,,,,,,,,,,,,
Mg,MG 3,https://www.automobile.tn/fr/neuf/mg/3,1.5 L Standard,https://www.automobile.tn/fr/neuf/mg/3/1.5-l-2024,58 950 DT,2 mois,Citadine,3 ans,5,5,4,Essence,6 CV,110 CH,142 nm 4500 tr/min,1498 CM³,Manuelle,5,Traction,4113 mm,1797 mm,1502 mm,293 L,N.C,170 KM/H,,,5.5 L/100 km,Oui,Frontaux,,ESP,Oui,,,Oui,Radar de recul,Oui,,,,,Feux de jour,15'',,,Commandes au volant,Bluetooth,,,3,,,Tissu,,,Oui,,Multi-fonctions,En hauteur,,Manuelle,À distance,Oui,,,Électriques,Avant/Arrière,2026-02-08 17:46:27.500214,,,,,,,983 L,,Oui,,,,,,,,,,,7 pouces,,,,,,,,,,,,,,,,,,,,,,,,,,,,,,,,,,,,,,,,,,,,,,,,,,,,,,,,,,,,,,,,,,,,,,,,,,,,,,,,
Mg,MG 3,https://www.automobile.tn/fr/neuf/mg/3,1.5 L Confort,https://www.automobile.tn/fr/neuf/mg/3/1.5-l-2024-confort,64 950 DT,2 mois,Citadine,3 ans,5,5,4,Essence,6 CV,110 CH,142 nm 4500 tr/min,1498 CM³,Manuelle,5,Traction,4113 mm,1797 mm,1502 mm,293 L,N.C,170 KM/H,,,5.5 L/100 km,Oui,Frontaux,,ESP,Oui,,Oui,Oui,Radar de recul | Caméra de recul,Oui,,,,,Feux de jour,En aluminium | 16'',,,Commandes au volant,Android Auto | Apple Carplay | Bluetooth,Tactile | 10.25 pouces,,3,,,Tissu,,,Oui,,Multi-fonctions,En hauteur,Démarrage mains libres,Manuelle,À distance,Oui,,,Électriques,Avant/Arrière,2026-02-08 17:46:29.322661,,,,,,Accès mains libres,983 L,,Oui,,,,,,,,,,,7 pouces,,,,,,,,,,,,,,,,,,,,,,,,,,,,,,,,,,,,,,,,,,,,,,,,,,,,,,,,,,,,,,,,,,,,,,,,,,,,,,,,
Mg,MG 3,https://www.automobile.tn/fr/neuf/mg/3,1.5 L Luxe BVA,https://www.automobile.tn/fr/neuf/mg/3/1.5-l-bva-2024-luxe,70 950 DT,2 mois,Citadine,3 ans,5,5,4,Essence,6 CV,110 CH,142 nm 4500 tr/min,1498 CM³,Automatique,,Traction,4113 mm,1797 mm,1502 mm,293 L,N.C,170 KM/H,,,5.5 L/100 km,Oui,Frontaux | Latéraux,Oui,ESP,Oui,Freinage automatique anti-collision (AEB),Oui,Oui,Radar de recul | Système de caméras 360,Oui,,Adaptatif (ACC),,,Feux de jour,En aluminium | 16'',,LED,Commandes au volant,Android Auto | Apple Carplay | Bluetooth,Tactile | 10.25 pouces,,3,,,Similicuir/Tissu,,Conducteur,Oui,,Multi-fonctions,En hauteur,Démarrage mains libres,Manuelle | Ventilation arrière,À distance,Oui,,,Électriques | Rabattables,Avant/Arrière,2026-02-08 17:46:31.220252,Oui,,,,,Accès mains libres,983 L,,Oui,,Autohold,,,,,,,,Éléctrique,7 pouces,,,,,,,,,,,,,,,,,,,,,,,,,,,,,,,,,,,,FCW,,,,,,,,,,,,Avec régulation de la vitesse,,,,,,,,,,,,,,,,,,,,,,,,,,,,,,,,
Mg,MG 3 Hybrid+,https://www.automobile.tn/fr/neuf/mg/3-hybride/1.5-l-bva,MG 3 Hybrid+,https://www.automobile.tn/fr/neuf/mg/3-hybride/1.5-l-bva,,2 mois,Citadine,5 ans ou 100000 km,5,5,4,Essence | Hybride,5 CV,195 CH,250 nm 4500 tr/min,1498 CM³,Automatique,,Traction,4113 mm,1797 mm,1502 mm,293 L,8 s,170 KM/H,,,4.4 L/100 km,Oui,Frontaux | Latéraux,Oui,ESP,Oui,Freinage automatique anti-collision (AEB),Oui,Oui,Radar de recul | Système de caméras 360,Oui,Oui,Adaptatif (ACC),,,Feux de jour | Avant | Arrières,En aluminium | 16'',,LED,Commandes au volant,Android Auto | Apple Carplay | Bluetooth,Tactile | 10.25 pouces,,3,,,Similicuir/Tissu,Chauffants,Conducteur,Oui,Lunette et vitres arrières sur-teintées,Cuir | Chauffant | Multi-fonctions,En hauteur,Démarrage mains libres,Automatique | Ventilation arrière,À distance,Oui,,,Électriques | Rabattables,Avant/Arrière,2026-02-08 17:46:34.181031,Oui,,,,,Accès mains libres,983 L,Oui,Oui,,Autohold,Oui,,,,,,,Éléctrique,7 pouces,,,,,,,,,,,,Normal | Sport | Eco,Oui,,,,,,,,,,,,,,,,,,,,,,,FCW,,,,Oui,,,,,,,,Avec régulation de la vitesse,,,,,,,,,,,,,,,,,,,,,,,,,,,,,,,,
Mg,MG 5,https://www.automobile.tn/fr/neuf/mg/5,1.5 L Confort,https://www.automobile.tn/fr/neuf/mg/5/1.5-l-2025-confort,63 950 DT,Disponible,Berline,3 ans ou 100.000 km,5,4,4,Essence,6 CV,120 CH,142 nm 4500 tr/min,1498 CM³,Manuelle,5,Traction,4607 mm,1818 mm,1489 mm,406 L,N.C,193 KM/H,,,5.8 L/100 km,Oui,Frontaux,,ESP,Oui,Freinage automatique anti-collision (AEB),,Oui,Radar de recul,Oui,,Oui,,,Feux de jour,15'',,,Commandes au volant,Android Auto | Apple Carplay | Bluetooth,Tactile | 10.25 pouces,Avant,3,,,Tissu,,,Oui,,Multi-fonctions,En hauteur,,Automatique,À distance,Oui,,,Électriques,Avant/Arrière,2026-02-08 17:46:37.031160,,,,,,,,,Oui,,,,,,,,,,,,,,,,,,Ouverture à distance,,,,,,,,,,,,,,,,,,,,,,,,,,,,,,,,,,,,,,,,,,,,,,,,,,,,,,,,,,,,,,,,,,,,,,,,,
Mg,MG 5,https://www.automobile.tn/fr/neuf/mg/5,1.5 L Confort Plus,https://www.automobile.tn/fr/neuf/mg/5/1.5-l-2025-confort-plus,68 950 DT,Disponible,Berline,3 ans ou 100.000 km,5,4,4,Essence,6 CV,120 CH,142 nm 4500 tr/min,1498 CM³,Manuelle,5,Traction,4607 mm,1818 mm,1489 mm,406 L,N.C,193 KM/H,,,5.8 L/100 km,Oui,Frontaux,,ESP,Oui,Freinage automatique anti-collision (AEB),Oui,Oui,Radar de recul | Caméra de recul,Oui,,Oui,,,Feux de jour,En aluminium | 16'',,,Commandes au volant,Android Auto | Apple Carplay | Bluetooth,Tactile | 10.25 pouces,Avant,3,,,Similicuir,,,Oui,,Multi-fonctions,En hauteur,,Automatique | Ventilation arrière,À distance,Oui,,,Électriques,Avant/Arrière,2026-02-08 17:46:38.989766,,,,,,,,,Oui,,,,,,,,,,,,,,,,,,Ouverture à distance,,,,,,,,,,,,,,,,,,,,,,,,,,,,,,,,,,,,,,,,,,,,,,,,,,,,,,,,,,,,,,,,,,,,,,,,,
Mg,MG 5,https://www.automobile.tn/fr/neuf/mg/5,1.5 L Luxe Plus BVA,https://www.automobile.tn/fr/neuf/mg/5/1.5-l-2025-bva-luxe-plus,73 950 DT,Disponible,Berline,3 ans ou 100.000 km,5,4,4,Essence,6 CV,120 CH,142 nm 4500 tr/min,1498 CM³,Automatique,8,Traction,4607 mm,1818 mm,1489 mm,406 L,N.C,193 KM/H,,,5.8 L/100 km,Oui,Frontaux | Latéraux,,ESP,Oui,Freinage automatique anti-collision (AEB),Oui,Oui,Radar de recul | Système de caméras 360,Oui,,Oui,,,Feux de jour | Avant,En aluminium | 16'',,LED,Commandes au volant,Android Auto | Apple Carplay | Bluetooth | Chargeur de téléphone sans fil,Tactile | 10.25 pouces,Avant,3,,,Similicuir,,,Oui,,Multi-fonctions,En hauteur,Démarrage mains libres,Automatique | Ventilation arrière,À distance,Oui,,,Électriques,Avant/Arrière,2026-02-08 17:46:40.794267,,,,,Ouvrant,Accès mains libres,,,Oui,,Autohold,,,,,,,,Éléctrique,12.3 pouces,,,,,,,Ouverture à distance,,,,,,,,,,,,,,,,,,,,,,,,,,,,,,,,,,,,,,,,,TSR,,,,,,,,,,,,,,,,,,,,,,,,,,,,,,,,
Mg,MG ZS,https://www.automobile.tn/fr/neuf/mg/zs,1.5 L Luxury,https://www.automobile.tn/fr/neuf/mg/zs/1.5-l-bvm,79 950 DT,2 mois,SUV,5 ans,5,5,4,Essence,6 CV,115 CH,142 nm 4500 tr/min,1498 CM³,Manuelle,5,Traction,4430 mm,1818 mm,1635 mm,443 L,12.2 s,175 KM/H,,,6.5 L/100 km,Oui,Frontaux | Latéraux,,ESP,Oui,Freinage automatique anti-collision (AEB),Oui,Oui,Radar de recul | Caméra de recul,Électrique,,,,,Feux de jour | Avant | Arrières,En aluminium | 17'',,LED,Commandes au volant,Android Auto | Apple Carplay | Bluetooth,Tactile | 12.3 pouces,Avant,3,,,Similicuir,,Conducteur,Oui,,Multi-fonctions,En hauteur,Démarrage mains libres,Automatique | Ventilation arrière,À distance,Oui,,,Électriques | Éclairage d'accueil à LED,Avant/Arrière,2026-02-08 17:46:43.732281,,,,,,Accès mains libres,1457 L,,,,,,,,Oui,,,,,7 pouces,,,,,,,,,,,,,,,,,,,,,,,,,,,,Oui,,,,,,,,,,,,,,,,,,,,,,,,,,,,,,,,,,,,,,,,,,,,,,,,,,,,
Mg,MG ZS,https://www.automobile.tn/fr/neuf/mg/zs,1.5 L Luxury BVA,https://www.automobile.tn/fr/neuf/mg/zs/1.5-l-bva,88 950 DT,2 mois,SUV,5 ans,5,5,4,Essence,6 CV,115 CH,142 nm 4500 tr/min,1498 CM³,Automatique,,Traction,4430 mm,1818 mm,1635 mm,443 L,12.2 s,175 KM/H,,,6.5 L/100 km,Oui,Frontaux | Latéraux,,ESP,Oui,Freinage automatique anti-collision (AEB),Oui,Oui,Radar de recul | Caméra de recul,Électrique,,Adaptatif (ACC),,,Feux de jour | Avant | Arrières,En aluminium | 17'',,LED,Commandes au volant,Android Auto | Apple Carplay | Bluetooth,Tactile | 12.3 pouces,Avant,3,,,Similicuir,,Conducteur,Oui,,Multi-fonctions,En hauteur,Démarrage mains libres,Automatique | Ventilation arrière,À distance,Oui,,,Électriques | Éclairage d'accueil à LED,Avant/Arrière,2026-02-08 17:46:45.567770,,,,,Ouvrant,Accès mains libres,1457 L,,Oui,,Autohold,,,,Oui,,,,Éléctrique,7 pouces,,,,,,,,,,,,,,,,,,,,,,,,,,,,Oui,,,,,,,,,,,,,,,,,,,,,,,,,,,,,,,,,,,,,,,,,,,,,,,,,,,,
Mg,MG ZS Hybrid+,https://www.automobile.tn/fr/neuf/mg/zs-hybride/1.5-l-cvt,MG ZS Hybrid+,https://www.automobile.tn/fr/neuf/mg/zs-hybride/1.5-l-cvt,,4 mois,SUV,5 ans,5,5,4,Essence | Hybride,5 CV,197 CH,250 nm 4500 tr/min,1498 CM³,Automatique,,Traction,4430 mm,1818 mm,1635 mm,443 L,8.0 s,170 KM/H,,,5.1 L/100 km,Oui,Frontaux | Latéraux | Rideaux,Oui,ESP,Oui,Freinage automatique anti-collision (AEB),Oui,Oui,Radar de recul | Système de caméras 360,Électrique,Oui,Adaptatif (ACC),,,Feux de jour | Avant | Arrières,En aluminium | 18'',,LED,Commandes au volant,Android Auto | Apple Carplay | Bluetooth,Tactile | 12.3 pouces,Avant,3,,,Similicuir,Chauffants,Conducteur,Oui,Lunette et vitres arrières sur-teintées,Cuir | Chauffant | Multi-fonctions,En hauteur,Démarrage mains libres,Automatique | Ventilation arrière,À distance,Oui,,,Électriques | Rabattables | Éclairage d'accueil à LED,Avant/Arrière,2026-02-08 17:46:48.392580,Oui,,,,Ouvrant,Accès mains libres,1457 L,Oui,Oui,,Autohold,Oui,,,Oui,,,,Éléctrique,7 pouces,,,,,,,,,,,,Normal | Sport | Eco,,,,,,,,,,,,,,,,Oui,,,,,,,,FCW,,,,Oui,,,,,,,,TSR,,,,,,,,,,,,,,,,,,,,,,,,,,,,,,,,
Mg,MG S5,https://www.automobile.tn/fr/neuf/mg/s5/64-kwh,MG S5,https://www.automobile.tn/fr/neuf/mg/s5/64-kwh,,Sur arrivage,SUV,7 ans ou 150.000 km,5,5,,Electrique,4 CV,170 CH,250 nm 0 tr/min,,Automatique,,Propulsion,4476 mm,1849 mm,1633 mm,453 L,8.0 s,170 KM/H,,,,Oui,Frontaux | Latéraux | Rideaux | Centraux,LDW,Oui,Oui,Freinage automatique anti-collision (AEB),Oui,Oui,Radar de recul | Radar avant | Système de caméras 360,Oui,Oui,Adaptatif (ACC),,,Feux de jour | Avant | Arrières,En aluminium | 18'',,LED,6 haut-parleurs | Commandes au volant | Radio numérique DAB,Android Auto | Apple Carplay | Bluetooth | Chargeur de téléphone sans fil | 3 USB-C,Tactile | 12.8 pouces,Avant | Arrière,,,,Similicuir/Tissu,Conducteur à réglage électrique | 6 directions | Chauffants | Réglage lombaire,Conducteur,Oui,,Similicuir | Chauffant | Multi-fonctions,En hauteur et en profondeur,Démarrage mains libres,Automatique | Ventilation arrière,À distance,Oui,,Anti-éblouissement,Électriques | Rabattables,Avant/Arrière,2026-02-08 17:46:51.267016,LKA | LCA,,,,Ouvrant | Panoramique,Accès mains libres,1441 L,,Oui,,,,Chrome,,Oui,,,Oui,Éléctrique,10.25 pouces,,,,,,,Ouverture et fermeture motorisées | Ouverture mains libres,Volets actifs (AGS),,,,Normal | Confort | Sport | Perso | Neige,RCTA,1,,64 kWh,460 km,16.6 kWh/100 km,8.5 heures,24 minutes,,,,,,,,Oui,,,,,,,LFP,FCW,IHC,,,Oui,,,,,,,,TSR | Avec régulation de la vitesse,,,,TJA,,,540 km,,,,,,,,,,,,,,,,,,,,,,,,,
Mg,MG HS,https://www.automobile.tn/fr/neuf/mg/hs/1.5l-turbo-luxury,MG HS,https://www.automobile.tn/fr/neuf/mg/hs/1.5l-turbo-luxury,,15 jours,SUV,5 ans ou 100000 km,5,5,4,Essence,9 CV,162 CH,275 nm 1500 tr/min,1496 CM³,Automatique,7,Traction,4655 mm,1890 mm,1663 mm,507 L,9.6 s,195 KM/H,,,7.8 L/100 km,Oui,Frontaux | Latéraux | Rideaux,,TCS | CBC,Oui,EBD | VDC | BDW | HAZ,TPMS,,Radar de recul | Caméra de recul,Oui,,Oui,Oui,,Feux de jour | Avant | Arrières,En aluminium | 19'',,LED,6 haut-parleurs | Commandes au volant,4 USB | Android Auto | Apple Carplay | Bluetooth,Tactile | 12.3 pouces,Avant | Arrière,3,,,Cuir,Conducteur à réglage électrique,Conducteur,Oui,,Cuir | Multi-fonctions,En hauteur et en profondeur,,Automatique | Bizone,À distance,Oui,,,Électriques | Avec clignotants intégrés,Avant/Arrière,2026-02-08 17:46:54.096444,,HDC,,,Ouvrant | Panoramique,,1484 L,,Oui,,HHC,,,,Oui,,,,Éléctrique,12.3 pouces,,,,,,,Ouverture et fermeture motorisées,,,,1 prise 12 V,Normal | Sport | Eco,,,,,,,,,,,,,,,,Oui,,,,,,,,,,,,,,,,,,,,,,,,,,,,,,,,,ARP,,,,,,,,,,,,,,,,,,,
Mg,MG HS Hybrid+,https://www.automobile.tn/fr/neuf/mg/hs-hybridplus/1.5l-turbo,MG HS Hybrid+,https://www.automobile.tn/fr/neuf/mg/hs-hybridplus/1.5l-turbo,,Sur arrivage,SUV,5 ans ou 100000 km,5,5,4,Essence | Hybride,7 CV,224 CH,230 nm 1500 tr/min,1496 CM³,Automatique,2,Traction,4670 mm,1890 mm,1663 mm,441 L,7.9 s,190 KM/H,,,5.5 L/100 km,Oui,Frontaux | Latéraux | Rideaux,,TCS | CBC,Oui,EBD |  Freinage automatique anti-collision (AEB) | VDC | BDW | HAZ,TPMS,,Radar de recul | Radar avant | Système de caméras 360,Oui,,Adaptatif (ACC),Oui,,Feux de jour | Avant | Arrières,En aluminium | 19'',,LED,8 haut-parleurs | Commandes au volant | Radio numérique DAB,Android Auto | 4 USB | Apple Carplay | Bluetooth | Chargeur de téléphone sans fil,Tactile | 12.3 pouces,Avant | Arrière,3,,,Cuir,Électriques | Chauffants | Réglage lombaire | Fonction mémoire,Conducteur,Oui,,Cuir | Multi-fonctions,En hauteur et en profondeur,,Automatique | Bizone | Ventilation arrière,À distance,Oui,,,Électriques | Rabattables | Avec clignotants intégrés,Avant/Arrière,2026-02-08 17:46:57.097177,Oui,HDC,,,Ouvrant | Panoramique,,1291 L,,Oui,,HHC,,,,Oui,,,Oui,Éléctrique,12.3 pouces,,,,,,,Ouverture et fermeture motorisées | Ouverture mains libres,,126 g/km,,1 prise 12 V,Normal | Sport | Eco | EV Mode,Oui,,,1.83 kWh,,,,,,,,,,,,Oui,,,,,,,,,,,,Oui,,,,143 CH,198 CH,340 nm,,,,,,,,,,,,,,,ARP,,,,,,,,,,,,,,,,,,,
Mg,MG RX9,https://www.automobile.tn/fr/neuf/mg/rx9/2.0-t,MG RX9,https://www.automobile.tn/fr/neuf/mg/rx9/2.0-t,,4 mois,SUV,5 ans,7,5,4,Essence,11 CV,205 CH,360 nm 4000 tr/min,1995 CM³,Automatique,9,Traction,4983 mm,1967 mm,1786 mm,,9.0 s,220 KM/H,,,11.8 L/100 km,Oui,Frontaux | Latéraux,,ESP | TCS | CBC,Oui,EBD | VDC,TPMS,Oui,Radar de recul | Système de caméras 360,Oui,,Oui,,,Feux de jour | Avant | Arrières,En aluminium | 20'',,,8 haut-parleurs | Commandes au volant,2 USB | Android Auto | Apple Carplay | Bluetooth,Tactile | 12.3 pouces,Avant | Arrière,,,,,Conducteur à réglage électrique | Réglage lombaire,Conducteur et passager,Oui,Lunette et vitres arrières sur-teintées,Cuir | Multi-fonctions,En hauteur et en profondeur,Démarrage mains libres,Automatique | 3 zones | Ventilation arrière,À distance,Oui,,Anti-éblouissement,Électriques | Rabattables | Dégivrants | Avec clignotants intégrés,Avant/Arrière,2026-02-08 17:47:00.040828,,HDC,,,Ouvrant | Panoramique,Accès mains libres,1026 L,,Oui,,Autohold,,,,,,,Oui,Éléctrique | EPB,12.3 pouces,,,,,,,Ouverture et fermeture motorisées,,,,,Confort | Sport | Eco,,,,,,,,,,,,,,,,,,,,,,,,,,,,,,,,,,,,,,,,,,,,,,,,,,,,,,,,,,,,,Oui,,,,,,,
Mg,MG 7,https://www.automobile.tn/fr/neuf/mg/7,1.5 L Turbo Luxury BVA,https://www.automobile.tn/fr/neuf/mg/7/1.5-l-turbo-bva-luxury,109 950 DT,Sur arrivage,Berline,3 ans ou 100.000 km,5,4,4,Essence,9 CV,188 CH,300 nm 4000 tr/min,1498 CM³,Automatique,7,Traction,4884 mm,1889 mm,1447 mm,406 L,9.8 s,210 KM/H,,,7.1 L/100 km,Oui,Frontaux | Latéraux | Rideaux,,ESP | CBC,Oui,EBA | EBD,Oui,Oui,Radar de recul | Radar avant | Caméra de recul,Oui,,Oui,,,Feux de jour | Avant,En aluminium | 18'',,LED,Oui,Android Auto | 4 USB-C | Apple Carplay | Bluetooth,Tactile | 10.25 pouces,Avant,,,,Cuir,Conducteur à réglage électrique,Conducteur,Oui,,Cuir | Multi-fonctions | Avec palettes,En hauteur et en profondeur,Démarrage mains libres,Automatique | Bizone,À distance,Oui,,Anti-éblouissement,Électriques,Avant/Arrière,2026-02-08 17:47:02.790802,,,,,,Accès mains libres,,,Oui,,Autohold,,,,,,,,Éléctrique | EPB,12.3 pouces,,,,,,,,,,,,Normal | Sport | Eco | Supersport,,,,,,,,,,,,,,,,,,,,,,,,,,,,,,,,,,,,,,,,,,,,,,,,,,,,,,,,,,,,,,,,,,,,
Mg,MG 7,https://www.automobile.tn/fr/neuf/mg/7,2.0 L Turbo Trophy + BVA,https://www.automobile.tn/fr/neuf/mg/7/2.0-l-turbo-bva-trophy-plus,139 950 DT,Sur arrivage,Berline,3 ans ou 100.000 km,5,4,4,Essence,13 CV,261 CH,405 nm 3500 tr/min,1990 CM³,Automatique,9,Traction,4884 mm,1889 mm,1447 mm,406 L,6.5 s,230 KM/H,,,8.2 L/100 km,Oui,Frontaux | Latéraux | Rideaux,,ESP | CBC,Oui,EBA | EBD,Oui,Oui,Radar de recul | Radar avant | Système de caméras 360,Oui,,Adaptatif (ACC),,,Feux de jour | Avant,En aluminium | 19'',,LED,9 haut-parleurs | Haut-parleurs Bose,4 USB-C | Android Auto | Apple Carplay | Bluetooth | Chargeur de téléphone sans fil,Tactile | 10.25 pouces,Avant | Arrière,,,,Cuir,Électriques,Conducteur,Oui,,Cuir | Multi-fonctions | Avec palettes,,Démarrage mains libres,Automatique | Bizone,À distance,Oui,,Anti-éblouissement,Électriques | Rabattables,Avant/Arrière,2026-02-08 17:47:04.649684,Oui,,,,,Accès mains libres,,,Oui,,Autohold,Oui,,,Oui,Oui,,,Éléctrique | EPB,12.3 pouces,,,,,,,Ouverture et fermeture motorisées,,,,,Normal | Sport | Eco | Supersport,,,,,,,,,,,,,,,,,,,,,,,,FCW,,,,,,,,,,,,TSR,,,,Niveau 2,,,,,,,,,,,,,,,,,,,,,,,,,,,,
Mg,MG Cyberster,https://www.automobile.tn/fr/neuf/mg/cyberster/77-kwh-rwd,MG Cyberster,https://www.automobile.tn/fr/neuf/mg/cyberster/77-kwh-rwd,,Sur commande,Cabriolet,7 ans ou 150.000 km,2,2,,Electrique,11 CV,340 CH,475 nm 0 tr/min,,,,Propulsion,4535 mm,1913 mm,1329 mm,249 L,5.0 s,200 KM/H,,,,Oui,Frontaux | Protège-tête,Oui,ESP,Oui,AFU |  Freinage automatique anti-collision (AEB),Oui,Oui,Radar de recul | Radar avant | Système de caméras 360,Oui,Oui,Adaptatif (ACC),,,Feux de jour | Avant | Arrières,En aluminium | 19'',,LED,8 haut-parleurs | Haut-parleurs Bose | Commandes au volant,Android Auto | Apple Carplay | Bluetooth,Tactile | 7 pouces,,,,,Alcantara/Similicuir,Électriques | Chauffants | Fonction mémoire,Conducteur et passager,Oui,,Cuir | Multi-fonctions,En hauteur et en profondeur,Démarrage mains libres,Automatique | Bizone,À distance,Oui,,Anti-éblouissement,Électriques | Rabattables | Dégivrants | Avec clignotants intégrés | Éclairage d'accueil à LED,Avant,2026-02-08 17:47:07.519228,Oui,,,,,Accès mains libres,,Oui,Oui,,Autohold,Oui,,,Oui,,,Oui,Éléctrique,7 pouces | 10.25 pouces,,,,,,,,,,,,Confort | Sport | Supersport,,1,,77 kWh,507 km,16.7 kWh/100 km,6 heures,26 minutes,,,,,,Oui,,,,,,,,,,FCW,Oui,,,Oui,,,,,,,,TSR | Avec régulation de la vitesse,,,,Niveau 2,,,,,,,,,,,,,,,,,,,,,,Oui,Ouverture et fermeture motorisées,,,,,
Mini,Mini Cooper 5 portes,https://www.automobile.tn/fr/neuf/mini/5-portes,1.5 l Favoured,https://www.automobile.tn/fr/neuf/mini/5-portes/1.5-l-cooper-favoured,166 900 DT,Disponible,Citadine,5 ans (2+3),5,5,3,Essence,8 CV,156 CH,230 nm 1480 tr/min,1499 CM³,Automatique,7,Traction,4036 mm,1744 mm,1464 mm,275 L,8 s,225 KM/H,6.8 L/100 km,6.1 L/100 km,6.3 L/100 km,Oui,Frontaux | Latéraux | Rideaux,Oui,Oui,Oui,AFU,Oui,Oui,Radar de recul | Radar avant | Caméra de recul | Parkassist | Park distance control,Oui,Oui,Avec fonction freinage | Driving Assistant,,,Feux de jour | Avant | Arrières,En aluminium | 18'',,Full LED | Adaptatifs,6 haut-parleurs | Commandes au volant,USB-C | Android Auto | Apple Carplay | Bluetooth | Commande vocale | Chargeur de téléphone sans fil,Tactile | 9.4 pouces | Circulaire,Avant,,Noir brillant,,Vescin | Nightshade Blue,Sport,Conducteur et passager,Oui,Lunette et vitres arrières sur-teintées | Calorifuges,Chauffant | Sport,En hauteur et en profondeur,Démarrage mains libres,Automatique | Bizone,À distance,Oui,,Anti-éblouissement,Électriques | Rabattables | Dégivrants | Avec clignotants intégrés,Avant/Arrière,2026-02-08 17:47:11.273539,,,,GPS | Réalité augmentée,Ouvrant | Panoramique | En verre,Accès mains libres | Digital Key Card,925 L,,Oui,Triangle de présignalisation | Trousse de premiers secours,Oui,Oui,,Oui,,Oui,,Oui,Éléctrique,,,,,Anthracite,,,,,,,,Normal | Sport | Eco | MINI Experience,Oui,,,,,,,,,,Oui,,Adaptative,,,,,Sport John Cooper Works,,,,,,RCW,Oui,,Teleservices | Connected+ Unlimited,,,Oui,,,,,,,,,,,,,,,,,,,,,,,,,,,,,,,,,,,,,,
Mini,Mini Cooper 5 portes,https://www.automobile.tn/fr/neuf/mini/5-portes,1.5 l JCW,https://www.automobile.tn/fr/neuf/mini/5-portes/1.5-l-cooper-jcw,175 900 DT,Disponible,Citadine,5 ans (2+3),5,5,3,Essence,8 CV,156 CH,230 nm 1480 tr/min,1499 CM³,Automatique,7,Traction,4036 mm,1744 mm,1464 mm,275 L,8 s,225 KM/H,6.8 L/100 km,6.1 L/100 km,6.3 L/100 km,Oui,Frontaux | Latéraux | Rideaux,Oui,Oui,Oui,AFU,Oui,Oui,Radar de recul | Radar avant | Caméra de recul | Parkassist | Park distance control,Oui,Oui,Avec fonction freinage | Driving Assistant,,,Feux de jour | Avant | Arrières,En aluminium | 17'',,Full LED | Adaptatifs,6 haut-parleurs | Commandes au volant,USB-C | Android Auto | Apple Carplay | Bluetooth | Commande vocale | Chargeur de téléphone sans fil,Tactile | 9.4 pouces | Circulaire,Avant,,Noir brillant,,Vescin | Nightshade Blue,Sport,Conducteur et passager,Oui,Lunette et vitres arrières sur-teintées,Chauffant | Sport | JCW,En hauteur et en profondeur,Démarrage mains libres,Automatique | Bizone,À distance,Oui,,Anti-éblouissement,Électriques | Rabattables | Dégivrants | Avec clignotants intégrés,Avant/Arrière,2026-02-08 17:47:13.356460,,,,GPS,Ouvrant | Panoramique | En verre,Accès mains libres | Digital Key Card,925 L,,Oui,Triangle de présignalisation,Oui,Oui,,Oui,,Oui,,Oui,Éléctrique,,,,Métallisée,Anthracite,,,,,,,,Normal | Sport | Eco | MINI Experience,Oui,,,,,,,,,,Oui,,Adaptative,,,,,Sport John Cooper Works,,,,,,RCW,Oui,,Teleservices | Connected+ Unlimited,,,Oui,,,,,,,,,,,,,,,,,,,,,,,,,,,,,,,,,,,,,,
Mini,Mini Cooper 3 portes,https://www.automobile.tn/fr/neuf/mini/3-portes/1.5-l-john-cooper-works,Mini Cooper 3 portes,https://www.automobile.tn/fr/neuf/mini/3-portes/1.5-l-john-cooper-works,,Disponible,Citadine,5 ans (2+3),5,3,3,Essence,8 CV,156 CH,230 nm 1400 tr/min,1499 CM³,Automatique,7,Traction,3876 mm,1744 mm,1452 mm,210 L,7.7 s,225 KM/H,7.7 L/100 km,5.0 L/100 km,6.0 L/100 km,Oui,Frontaux | Latéraux | Rideaux,Oui,Oui,Oui,AFU,Oui,Oui,Radar de recul | Radar avant | Caméra de recul | Parkassist | Park distance control,Oui,Oui,Driving Assistant Plus,,,Feux de jour | Avant | Arrières,En aluminium | 18'' | Bi-ton,,Adaptatifs | LED,12 haut-parleurs | Harman/Kardon | Commandes au volant | Radio numérique DAB,USB-C | Android Auto | Apple Carplay | Bluetooth | Chargeur de téléphone sans fil,Tactile | 9.4 pouces | Circulaire,Avant,,,,Schwarz | Vescin | Tricot,Électriques | Chauffants | Fonction mémoire | Sport,Conducteur et passager,Velours,Lunette et vitres arrières sur-teintées | Calorifuges,Cuir | Chauffant | Multi-fonctions | Sport,En hauteur et en profondeur,Démarrage mains libres,Automatique | Bizone,À distance,Oui,,Anti-éblouissement,Électriques | Rabattables | Dégivrants,Avant,2026-02-08 17:47:16.516109,,,,GPS,Ouvrant | Panoramique | En verre,Accès mains libres | Digital Key Card,725 L,Oui,Oui,Triangle de présignalisation | Trousse de premiers secours,Oui,Oui,,Oui,,Oui,,Oui,Éléctrique,,,John Cooper Works,,Anthracite,,,Ouverture et fermeture motorisées | Cache Bagages,,,,,,Oui,,,,,,,,,,Oui,,Adaptative,,,,,Sport John Cooper Works,,,,,,RCW,Oui,,Teleservices | Connected+ Unlimited,,,Oui,,,,,,,,,,,,,,,,,,,,,,,,,,,,,,,,,,,,,,
Mini,Mini Cooper Electric,https://www.automobile.tn/fr/neuf/mini/cooper-e/36.6-kwh-classic,Mini Cooper Electric,https://www.automobile.tn/fr/neuf/mini/cooper-e/36.6-kwh-classic,,Disponible,Citadine,5 ans (2+3),4,3,,Electrique,4 CV,184 CH,290 nm 0 tr/min,,Automatique,,Traction,3858 mm,1756 mm,1460 mm,210 L,7.3 s,160 KM/H,,,,Oui,Frontaux | Latéraux | Rideaux,Oui,Oui,Oui,Freinage automatique anti-collision (AEB),Oui,Oui,Radar de recul | Radar avant | Caméra de recul | Parkassist,Oui,Oui,Oui,,,Feux de jour | Avant | Arrières,En aluminium | 17'' | Bi-ton,,Adaptatifs | LED,Commandes au volant | Radio numérique DAB,USB-C | Android Auto | Apple Carplay | Bluetooth | Chargeur de téléphone sans fil,Tactile | 9.4 pouces | Circulaire,Avant,,,,Similicuir,,Conducteur et passager,Velours,Lunette et vitres arrières sur-teintées | Calorifuges,Cuir | Chauffant | Multi-fonctions | Sport,En hauteur et en profondeur,Démarrage mains libres,Automatique | Bizone,À distance,Oui,,Anti-éblouissement,Électriques | Rabattables | Dégivrants,Avant,2026-02-08 17:47:19.409627,,,,GPS,,Accès mains libres | Digital Key Card,800 L,,Oui,Triangle de présignalisation | Trousse de premiers secours,Oui,Oui,,Oui,,,,Oui,Éléctrique,,,,,,,,,,,,,,,1,,36.6 kWh,300 km,14.3 kWh/100 km,4.25 heures,28 minutes,,,,,,,,,,,,,,,,FCW,Oui,,Teleservices | Connected+,,,,,,,,,,,,,,,,,,,,,,,,,,,,,,,,,,,,,,,,,
Mini,Mini Aceman Electric,https://www.automobile.tn/fr/neuf/mini/aceman,38.5 kWh Classic,https://www.automobile.tn/fr/neuf/mini/aceman/38.5-kwh-classic,139 900 DT,Disponible,SUV,5 ans (2+3),5,5,,Electrique,4 CV,184 CH,290 nm 0 tr/min,,Automatique,,Traction,4079 mm,1754 mm,1514 mm,300 L,7.9 s,160 KM/H,,,,Oui,Frontaux | Latéraux | Protège-tête,Oui,DSC,Oui,Freinage automatique anti-collision (AEB),Oui,Oui,Radar de recul | Radar avant | Caméra de recul | Parkassist | Park distance control,Oui,Oui,Avec fonction freinage,,,Feux de jour | Avant | Arrières,En aluminium | 18'',,Adaptatifs | LED,Commandes au volant | Radio numérique DAB,USB-C | Android Auto | Apple Carplay | Bluetooth | Chargeur de téléphone sans fil,Tactile | 9.4 pouces | Circulaire,Avant,,,,Tissu | Schwarz | Vescin,,Conducteur et passager,Oui,,Cuir | Chauffant | Multi-fonctions | Sport,En hauteur et en profondeur,Démarrage mains libres,Automatique | Bizone,À distance,Oui,,Anti-éblouissement,Électriques | Rabattables | Dégivrants,Avant/Arrière,2026-02-08 17:47:22.161121,,,,GPS,,Accès mains libres | Digital Key Card,1005 L,,Oui,Triangle de présignalisation,Autohold,Oui,,Oui,,Oui,,Oui,Éléctrique,,,,,,Oui,,,,,,,Normal | Sport | Eco,,1,,38.5 kWh,309 km,14.5 kWh/100 km,4.25 heures,28 minutes,,,,,,,,Noires,,,,,,,,FCW,Oui,,Teleservices | Connected+,,,Oui,,,,,,,Oui,,,,,,,,,,,,,,,,,,,,,,,,,,,,,,,
Mini,Mini Aceman Electric,https://www.automobile.tn/fr/neuf/mini/aceman,49.2 kWh SE Classic,https://www.automobile.tn/fr/neuf/mini/aceman/49.2-kwh-se-classic,149 900 DT,Disponible,SUV,5 ans (2+3),5,5,,Electrique,5 CV,218 CH,330 nm 0 tr/min,,Automatique,,Traction,4079 mm,1754 mm,1514 mm,300 L,7.1 s,170 KM/H,,,,Oui,Frontaux | Latéraux | Protège-tête,Oui,DSC,Oui,Freinage automatique anti-collision (AEB),Oui,Oui,Radar de recul | Radar avant | Caméra de recul | Parkassist | Autoreverse,Oui,Oui,Avec fonction freinage,,,Feux de jour | Avant | Arrières,En aluminium | 18'',,Adaptatifs | LED,6 haut-parleurs | Commandes au volant | Radio numérique DAB,USB-C | Android Auto | Apple Carplay | Bluetooth | Commande vocale | Chargeur de téléphone sans fil,Tactile | 9.4 pouces | Circulaire,Avant,,,,Tissu | Vescin,,Conducteur et passager,Oui,Lunette et vitres arrières sur-teintées | Athermiques,Cuir | Chauffant | Multi-fonctions | Sport,En hauteur et en profondeur,Démarrage mains libres,Automatique | Bizone,À distance,Oui,,Anti-éblouissement,Électriques | Rabattables | Dégivrants | Avec clignotants intégrés,Avant/Arrière,2026-02-08 17:47:23.966134,,,,GPS,Ouvrant | En verre,Accès mains libres | Digital Key Card,1005 L,,Oui,Triangle de présignalisation | Trousse de premiers secours,Autohold,Oui,,Oui,,Oui,,Oui,Éléctrique,,,,,Anthracite,Oui,,,,,,,Normal | Sport | Eco | MINI Experience,,1,,49.2 kWh,405 km,14.7 kWh/100 km,5.5 heures,30 minutes,,,Oui,,,,,Noires,,,,,,,,FCW,Oui,,eSim | Teleservices | Connected+ Unlimited,,,Oui,,,,,,,Oui,,,,,,,,,,,,,,,,,,,,,,,,,,,,,,,
Mini,Mini Countryman,https://www.automobile.tn/fr/neuf/mini/countryman,1.5 L Classic BVA,https://www.automobile.tn/fr/neuf/mini/countryman/1.5-l-bva-classic,169 900 DT,Disponible,SUV,5 ans (2+3),5,5,3,Essence,8 CV,156 CH,240 nm 1400 tr/min,1499 CM³,Automatique,7,Traction,4444 mm,2069 mm,1661 mm,450 L,8.3 s,212 KM/H,7.1 L/100 km,5.2 L/100 km,5.9 L/100 km,Oui,Frontaux | Latéraux | Rideaux,Oui,ESP,Oui,AFU,,Oui,Radar de recul | Radar avant | Caméra de recul | Parkassist,Oui,,Avec fonction freinage,,Oui,Feux de jour | Avant | Arrières,En aluminium | 17'',,Full LED | Adaptatifs,6 haut-parleurs | Commandes au volant,USB | Apple Carplay | AUX | Bluetooth | Commande vocale | Chargeur de téléphone sans fil,Tactile | 9.4 pouces | Circulaire | OLED,Avant,,Classic,,Tissu | Schwarz | Vescin,,Conducteur et passager,Oui,Lunette et vitres arrières sur-teintées | Calorifuges,Cuir | Chauffant | Multi-fonctions | Sport,En hauteur et en profondeur,,Automatique | Bizone,À distance,Oui,,Anti-éblouissement,Électriques | Rabattables | Dégivrants,Avant/Arrière,2026-02-08 17:47:26.654627,,,,GPS,Ouvrant | Panoramique,Accès mains libres | Digital Key Card,1450 L,,Oui,Triangle de présignalisation,Oui,Oui,,Oui,,Oui,,Oui,Éléctrique,,Oui,,,,Oui,,Ouverture et fermeture motorisées,,,,,Normal | Sport | Eco | MINI Experience,,,,,,,,,,,Oui,,,,,Oui,,,,,,,,FCW,Oui,,Teleservices | Connected+,,,Oui,,,,,,,,,,,,,,,,,,,,,,,,,,,,,,,,,,,,,,
Mini,Mini Countryman,https://www.automobile.tn/fr/neuf/mini/countryman,1.5 L Favoured BVA,https://www.automobile.tn/fr/neuf/mini/countryman/1.5-l-bva-favoured,199 900 DT,Disponible,SUV,5 ans (2+3),5,5,3,Essence,8 CV,156 CH,240 nm 1400 tr/min,1499 CM³,Automatique,7,Traction,4444 mm,2069 mm,1661 mm,450 L,8.3 s,212 KM/H,7.1 L/100 km,5.2 L/100 km,5.9 L/100 km,Oui,Frontaux | Latéraux | Rideaux,Oui,ESP,Oui,Freinage automatique anti-collision (AEB),,Oui,Radar de recul | Radar avant | Système de caméras 360 | Parkassist,Oui,,Avec fonction freinage,,Oui,Feux de jour | Avant | Arrières,En aluminium | 19'' | Bi-ton,,Full LED | Adaptatifs,12 haut-parleurs | Harman/Kardon | Commandes au volant,USB | Apple Carplay | AUX | Bluetooth | Commande vocale | Chargeur de téléphone sans fil,Tactile | 9.4 pouces | Circulaire | OLED,Avant,,Favoured,,Vescin | Vintage Brown,Électriques | Fonction mémoire | Sport,Conducteur et passager,Oui,Lunette et vitres arrières sur-teintées | Calorifuges,Cuir | Chauffant | Multi-fonctions | Sport,En hauteur et en profondeur,,Automatique | Bizone,À distance,Oui,,Anti-éblouissement,Électriques | Rabattables | Dégivrants,Avant/Arrière,2026-02-08 17:47:28.604261,,,,GPS,Ouvrant | Panoramique,Accès mains libres | Digital Key Card,1450 L,,Oui,Triangle de présignalisation,Oui,Oui,,Oui,,Oui,,Oui,Éléctrique,,Oui,,,Anthracite,Oui,,Ouverture et fermeture motorisées,,,,,Normal | Sport | Eco | MINI Experience,,,,,,,,,,,Oui,,,,,Oui,,,,,,,,FCW,Oui,,Teleservices | Connected+,Oui,,Oui,,,,,,TSR,Oui,,,,,,,,,,,,,,,,,,,,,,,,,,,,,,,
Mini,Mini Countryman Electric,https://www.automobile.tn/fr/neuf/mini/countryman-electric/42.5-kwh-favoured,Mini Countryman Electric,https://www.automobile.tn/fr/neuf/mini/countryman-electric/42.5-kwh-favoured,,Disponible,SUV,5 ans (2+3),5,5,,Electrique,5 CV,204 CH,250 nm 0 tr/min,,Automatique,,Traction,4445 mm,1843 mm,1635 mm,460 L,8.6 s,170 KM/H,,,,Oui,Frontaux | Latéraux | Protège-tête,LDW,DSC,Oui,Freinage automatique anti-collision (AEB),Oui,Oui,Radar de recul | Radar avant | Système de caméras 360 | Park distance control | Parkassit Plus,Oui,Oui,Avec fonction freinage | Driving Assistant,,,Feux de jour | Avant | Arrières,En aluminium | 19'',,Full LED | Adaptatifs,12 haut-parleurs | Harman/Kardon | Commandes au volant | Radio numérique DAB,USB-C | Android Auto | Apple Carplay | Bluetooth | Commande vocale | Chargeur de téléphone sans fil,Tactile | 9.4 pouces | Circulaire | OLED,Avant,,,,Vescin | Vintage Brown,Électriques | Réglage lombaire | Fonction mémoire | Sport,Conducteur et passager,Oui,Lunette et vitres arrières sur-teintées | Calorifuges,Cuir | Chauffant | Multi-fonctions | Sport,En hauteur et en profondeur,Démarrage mains libres,Automatique | Bizone,À distance,Oui,,Anti-éblouissement,Électriques | Rabattables | Dégivrants | Avec clignotants intégrés,Avant/Arrière,2026-02-08 17:47:31.416774,,,,GPS | Réalité augmentée,Ouvrant | Panoramique,Accès mains libres | Digital Key Card,1450 L,,Oui,Triangle de présignalisation | Trousse de premiers secours,Autohold,Oui,,Oui,,Oui,,Oui,Éléctrique,,,,Métallisée,Anthracite,Oui,,Ouverture et fermeture motorisées,,,,,Normal | Sport | Eco | MINI Experience,Oui,1,,42.5 kWh,462 km,15.7 kWh/100 km,6.5 heures,30 minutes,,,Oui,,,,,Noires,,,,,,,,FCW,Oui,,eSim | Teleservices | Connected+ Unlimited | Connected+,Oui,,Oui,,,,,,,Oui,,,,,,,,,,,,,,,,,,,,,,,,,,,,,,,
Mini,Mini Cooper Cabriolet,https://www.automobile.tn/fr/neuf/mini/cabriolet/2.0-l-favoured,Mini Cooper Cabriolet,https://www.automobile.tn/fr/neuf/mini/cabriolet/2.0-l-favoured,,Disponible,Cabriolet,5 ans (2+3),5,2,4,Essence,9 CV,163 CH,250 nm 1500 tr/min,1998 CM³,Automatique,7,Traction,3879 mm,1744 mm,1431 mm,215 L,8.2 s,220 KM/H,6.8 L/100 km,6.1 L/100 km,6.5 L/100 km,Oui,Frontaux,Oui,Oui,Oui,Freinage automatique anti-collision (AEB),Oui,Oui,Radar de recul | Radar avant | Système de caméras 360 | Parkassit Plus,Oui,Oui,Driving Assistant,,,Feux de jour | Avant | Arrières,En aluminium | 18'' | Bi-ton,,Adaptatifs | LED,12 haut-parleurs | Harman/Kardon | MMI Navigation Plus | Commandes au volant,Android Auto | Apple Carplay | Bluetooth | Commande vocale | Chargeur de téléphone sans fil,Tactile | 9.4 pouces | Circulaire | OLED,,,,,Similicuir | Vescin | Nightshade Blue,Électriques | Réglage lombaire | Fonction mémoire | Sport,Conducteur,Oui,,Chauffant | Multi-fonctions | Sport,En hauteur et en profondeur,Démarrage mains libres,Automatique | Bizone,À distance,Oui,,Anti-éblouissement,Électriques | Rabattables | Noirs,Avant,2026-02-08 17:47:34.148179,,,,GPS,Capote MINI Yours Union Jack,Accès mains libres,,,Oui,Triangle de présignalisation | Trousse de premiers secours,Oui,Oui,,,,Oui,,Oui,Éléctrique,,,,Métallisée,,,,,,,,,Normal | Sport | Eco | MINI Experience,Oui,,,,,,,,,,Oui,,,,,,,,,,,,,FCW,Oui,,Teleservices | Connected+ Unlimited,Oui,,Oui,,,,,,,,,,,,,,,,,,,,,,,,,,,,,,,,Oui,,,,,,
Mitsubishi,Mitsubishi Attrage Populaire,https://www.automobile.tn/fr/neuf/mitsubishi/attrage-populaire/1.2-l-glx-bvm-populaire,Mitsubishi Attrage Populaire,https://www.automobile.tn/fr/neuf/mitsubishi/attrage-populaire/1.2-l-glx-bvm-populaire,,Sous réserve d'acceptation du dossier par le ministère du commerce,Berline,3 ans,5,4,3,Essence,4 CV,78 CH,100 nm 4000 tr/min,1193 CM³,Manuelle,5,Traction,4245 mm,1670 mm,1515 mm,450 L,12.5 s,174 KM/H,N.C,N.C,4.4 L/100 km,Oui,Frontaux,,,,,,,,Électrique,,,,Oui,,14'',,,2 haut-parleurs,USB | Bluetooth,Tactile | 7 pouces,,,,,Tissu,,,,,3 branches | Multi-fonctions,En hauteur,,Manuelle,À distance,,,,Électriques,Avant/Arrière,2026-02-08 17:47:37.812674,,,,,,,,,,,,,,,,,,,,,,,,,,,,,,,1 prise 12 V,,,,,,,,,,,,,,,,,,,,,,,,,,,,,,,,,,,,,,,,,,,,,,,,Oui,,,,,,,,,,,,,,,,,,,,,
Mitsubishi,Mitsubishi Eclipse Cross,https://www.automobile.tn/fr/neuf/mitsubishi/eclipse-cross/1.5-t-mivec-cvt,Mitsubishi Eclipse Cross,https://www.automobile.tn/fr/neuf/mitsubishi/eclipse-cross/1.5-t-mivec-cvt,,Indisponible,SUV,3 ans ou 100.000 km,5,5,4,Essence,8 CV,150 CH,250 nm 2400 tr/min,1499 CM³,Automatique,,Traction,4405 mm,1805 mm,1674 mm,378 L,9.7 s,200 KM/H,7.9 L/100 km,7.1 L/100 km,6.6 L/100 km,Oui,Frontaux | Latéraux,,,,Freinage automatique anti-collision (AEB),,,Radar de recul | Caméra de recul,Électrique,,,Oui,Oui,,En aluminium | 18'',,,4 haut-parleurs | Commandes au volant,USB | AUX | Bluetooth,Tactile,Avant,,,,Tissu,,,,,,En hauteur,,Automatique,À distance,Oui,,Anti-éblouissement,Électriques | Avec clignotants intégrés,Avant/Arrière,2026-02-08 17:47:40.712516,,,Chromées,,,,,Oui,Oui,,,,Chrome,,Oui,,,Oui,,,,,,,,,Cache Bagages,,,Oui,1 prise 12 V,,,,,,,,,,,,,,,,,Noires,,,,,,,,,,,,,,,,,,,,,,,,,,,,,,,,,,,,,,,,,,,,,,,,,,,,
Mitsubishi,Mitsubishi ASX,https://www.automobile.tn/fr/neuf/mitsubishi/asx/2.0-l-bva,Mitsubishi ASX,https://www.automobile.tn/fr/neuf/mitsubishi/asx/2.0-l-bva,,Indisponible,SUV,3 ans,5,5,4,Essence,9 CV,150 CH,197 nm 4200 tr/min,1998 CM³,Automatique,6,Intégrale,4300 mm,1770 mm,1620 mm,442 L,11.4 s,183 KM/H,8.9 L/100 km,6.4 L/100 km,7.6 L/100 km,Oui,Frontaux | Latéraux,,ESP,Oui,EBA,,,Radar de recul | Caméra de recul,Oui,,Oui,Oui,Oui,Feux de jour | Avant,En aluminium | 17'',Oui,,7 haut-parleurs | Commandes au volant,USB | Bluetooth,Tactile,Avant | Arrière,,,,Cuir,Électriques | Chauffants,,,,Multi-fonctions,En hauteur et en profondeur,,Automatique,À distance,Oui,,,Électriques | Rabattables | Dégivrants,Avant/Arrière,2026-02-08 17:47:43.604851,,,Chromées,,Panoramique,Accès mains libres,,Oui,Oui,,,,Chrome,,,,,Oui,,,,,,,,,,Chromée,,Oui,,,,,,,,,,,,,,,,,,Oui,,,,,,,,,,,,,,,,,,,,,,,,,,,,,,,,,,,,,,,,,,,,,,,,,,,,
Mitsubishi,Mitsubishi L200 Double Cabine,https://www.automobile.tn/fr/neuf/mitsubishi/l200-double-cabine/2.5-l-did,Mitsubishi L200 Double Cabine,https://www.automobile.tn/fr/neuf/mitsubishi/l200-double-cabine/2.5-l-did,,Disponible,Pick up,3 ans ou 100.000 km,5,4,4,Diesel,8 CV,110 CH,200 nm 3500 tr/min,2477 CM³,Manuelle,5,Intégrale,5220 mm,1815 mm,1775 mm,,15 s,167 KM/H,,,8.3 L/100 km,Oui,Frontaux,,,Oui,EBD,,,,Électrique,,,Oui,,,En aluminium | 16'',,,2 haut-parleurs,USB,,Avant,,,,Tissu,,,,,,En hauteur,,Manuelle,À distance,,,,,Avant/Arrière,2026-02-08 17:47:46.453921,,,,,,,,,,,,,,,,,,,,,,,,,,,,,,,,,,,,,,,,,,,,,,,,,,,,,1000 KG,,,,,,,,,,,,,,,,,,,,,,,,Oui,,,,,,,,,,,,,,,,,,,,,,,
Mitsubishi,Mitsubishi Pajero,https://www.automobile.tn/fr/neuf/mitsubishi/pajero/2.8-l,Mitsubishi Pajero,https://www.automobile.tn/fr/neuf/mitsubishi/pajero/2.8-l,,3 mois | Indisponible,SUV,3 ans,7,5,4,Diesel,11 CV,125 CH,292 nm 2000 tr/min,2835 CM³,Manuelle,5,Intégrale,4900 mm,1875 mm,1870 mm,663 L,16.8 s,150 KM/H,15.5 L/100 km,10.7 L/100 km,12.5 L/100 km,Oui,Frontaux,,ESP,Oui,AFU | EBD,,,,Oui,,,,,,17'',,,Oui,,,,,,,Tissu,,,,Teintées,,En hauteur et en profondeur,,Manuelle,À distance,,,,,Avant,2026-02-08 17:47:48.992898,,,,,,,,,,,,,,,,,,,,,,,,,,,,,,,,,,,,,,,,,,,,,,,,,,,Oui,,,,,,,,,,,,,,,,,,,,,,,,,,,,,,,,,,,,,,,,,,,,,,,,,
Mitsubishi,Mitsubishi Pajero Sport,https://www.automobile.tn/fr/neuf/mitsubishi/pajero-sport,2.4 l DiD Business,https://www.automobile.tn/fr/neuf/mitsubishi/pajero-sport/2.4-l-did-business,243 567 DT,3 mois | Indisponible,SUV,3 ans,7,5,4,Diesel,11 CV,181 CH,430 nm 3500 tr/min,2442 CM³,Manuelle,5,Intégrale,4825 mm,1815 mm,1800 mm,971 L,11.4 s,182 KM/H,,,7.4 L/100 km,Oui,Frontaux,,Oui,Oui,AFU | EBD,,,,Oui,,,Oui,,,17'',,,6 haut-parleurs,USB | Bluetooth,,Avant | Arrière,,,,Tissu,,,,Teintées,Multi-fonctions,En hauteur et en profondeur,,Automatique | Bizone,À distance,,Oui,,Électriques | Chromés,Avant/Arrière,2026-02-08 17:47:51.643172,,,,,,,,,,,,,,,,,,,,,,,,,,,,,,Oui,,,,,,,,,,,,,,,,,,Chromées,,,Oui,,,,,,,,,,,,,,,,,,,,,,,,,,Chromés,,,,,,,,,,,,,,,,,,,,,,,
Mitsubishi,Mitsubishi Pajero Sport,https://www.automobile.tn/fr/neuf/mitsubishi/pajero-sport,2.4 l DiD Premium BVA,https://www.automobile.tn/fr/neuf/mitsubishi/pajero-sport/2.4-l-did-bva-premium,267 770 DT,3 mois | Indisponible,SUV,3 ans,7,5,4,Diesel,11 CV,181 CH,430 nm 3500 tr/min,2442 CM³,Automatique,,Intégrale,4825 mm,1815 mm,1800 mm,971 L,11.4 s,182 KM/H,,,7.4 L/100 km,Oui,Frontaux,,Oui,Oui,AFU | EBD,,,Radar de recul | Caméra de recul,Oui,,Oui,Oui,,,En aluminium | 18'',Oui,,10 haut-parleurs,USB | Bluetooth,,Avant | Arrière,,,,Cuir,,,,Teintées,Multi-fonctions,En hauteur et en profondeur,,Automatique | Bizone,À distance,,Oui,,Électriques | Chromés,Avant/Arrière,2026-02-08 17:47:53.533733,,,,,Ouvrant | Panoramique,,,,,,,,,,,,,Oui,,,,,,,,,,,,Oui,,,,,,,,,,,,,,,,,,Chromées,,,Oui,,,,,,,,,,,,,,,,,,,,,,,,,,Chromés,,,,,,,,,,,,,,,,,,,,,,,
Nissan,Nissan Magnite,https://www.automobile.tn/fr/neuf/nissan/magnite,1.0T Acenta,https://www.automobile.tn/fr/neuf/nissan/magnite/1.0t-mt-acenta,60 900 DT,Disponible,SUV,2 ans,5,5,3,Essence,5 CV,100 CH,160 nm 2800 tr/min,999 CM³,Manuelle,5,Traction,3999 mm,1758 mm,1572 mm,336 L,12.3 s,173 KM/H,,,5.6 L/100 km,Oui,Frontaux | Latéraux | Rideaux,,TCS,Oui,EBD,TPMS,Oui,Radar de recul | Caméra de recul,Oui,Oui,,LED,,Feux de jour | Avant | Arrières,En aluminium | 16'' | Bi-ton,,LED,6 haut-parleurs | Commandes au volant,USB | USB-C | Android Auto | Apple Carplay | Bluetooth,Tactile | 8 pouces,Avant | Arrière,,,,Tissu,,Conducteur,Oui,,Multi-fonctions,En hauteur,Démarrage mains libres,Automatique,À distance,Oui,,,Électriques | Rabattables | Noirs | Avec clignotants intégrés,Avant/Arrière,2026-02-08 17:47:57.134515,,,,,,Accès mains libres,690 L,,Oui,,,,,,Oui,,,,,7 pouces,,,,,,,,Chromée,,,1 prise 12 V,,,,,,,,,,,,,,,,,Oui,,,,,,,,,,,,,,,,,,,,,,,,,,,,,,Chromées,,,,,,,,,,,,,,,,,,,,,,
Nissan,Nissan Magnite,https://www.automobile.tn/fr/neuf/nissan/magnite,1.0T CVT Tekna,https://www.automobile.tn/fr/neuf/nissan/magnite/1.0t-cvt-tekna,70 900 DT,Disponible,SUV,2 ans,5,5,3,Essence,5 CV,100 CH,160 nm 2800 tr/min,999 CM³,Automatique,,Traction,3999 mm,1758 mm,1572 mm,336 L,12.3 s,175 KM/H,,,5.3 L/100 km,Oui,Frontaux | Latéraux | Rideaux,,TCS,Oui,EBD,TPMS,Oui,Radar de recul | Système de caméras 360,Oui,Oui,Oui,LED,,Feux de jour | Avant | Arrières,En aluminium | 16'' | Bi-ton,,LED,6 haut-parleurs | Commandes au volant,USB | USB-C | Android Auto | Apple Carplay | Bluetooth,Tactile | 8 pouces,Avant | Arrière,,,,Similicuir/Tissu,,Conducteur,Oui,,Cuir | Multi-fonctions,En hauteur,Démarrage mains libres,Automatique,À distance,Oui,,Anti-éblouissement  | Sans Cadre,Électriques | Rabattables | Noirs | Avec clignotants intégrés,Avant/Arrière,2026-02-08 17:47:59.034155,,,,,,Démarrage à distance | Accès mains libres,690 L,Oui,Oui,,,,,,Oui,,,,,7 pouces,,,,,,,,Chromée,,,1 prise 12 V,,,,,,,,,,,,,,,,,Oui,,,,,,,,,,,,,,,,,,,,,,,,,,,,,,Chromées,,,,,,Oui,,,,,,,,,,,,,,,,
Nissan,Nissan Juke,https://www.automobile.tn/fr/neuf/nissan/juke/1.0-l-dig-t-dct,Nissan Juke,https://www.automobile.tn/fr/neuf/nissan/juke/1.0-l-dig-t-dct,,Disponible,SUV,2 ans,5,5,3,Essence,6 CV,117 CH,200 nm 1750 tr/min,999 CM³,Automatique,7,Traction,4210 mm,1800 mm,1595 mm,422 L,10.4 s,180 KM/H,5.9 L/100 km,4.5 L/100 km,5 L/100 km,Oui,Frontaux | Latéraux | Rideaux,Oui,ESP,Oui,EBD |  Freinage automatique anti-collision (AEB),,Oui,Radar de recul | Radar avant | Système de caméras 360,Électrique,Oui,Oui,LED,Poignées de portes | Rétroviseurs,Feux de jour | Avant | Arrières,En aluminium | 19'',,LED,6 haut-parleurs | Haut-parleurs Bose | Commandes au volant,USB | Android Auto | Apple Carplay | AUX | Bluetooth | Commande vocale | Chargeur de téléphone sans fil,Tactile | 8 pouces,Avant,3,,Cuir,Cuir,Avec Appuie-tête intégrés | Monoform Style,Conducteur,Oui,Lunette et vitres arrières sur-teintées,Cuir | Multi-fonctions | Avec palettes,En hauteur et en profondeur,Démarrage mains libres,Automatique,À distance,Oui,Oui,Anti-éblouissement,Électriques | Rabattables | Dégivrants | Noirs | Avec clignotants intégrés,Avant/Arrière,2026-02-08 17:48:01.737502,,,,GPS,,,,,Oui,,Autohold,,,,Oui,Oui,,Oui,Éléctrique,,,,,,Poches aumônières,,,,,,1 prise 12 V,Normal | Sport | Eco,,,,,,,,,,Cuir | TEP,,,,,,,,,,,,,,,,,,Oui,,,,,,,,,,,,,,,,,,,,,,,,,,,,,,,,,,,,,,,,
Nissan,Nissan Qashqai e-Power,https://www.automobile.tn/fr/neuf/nissan/qashqai-e-power/1.5-l-n-connecta,Nissan Qashqai e-Power,https://www.automobile.tn/fr/neuf/nissan/qashqai-e-power/1.5-l-n-connecta,,Disponible,SUV,2 ans,5,5,3,Essence | Hybride,8 CV,190 CH,330 nm 0 tr/min,1497 CM³,Automatique,1,Traction,4425 mm,1835 mm,1625 mm,504 L,7.9 s,170 KM/H,,,5.2 L/100 km,Oui,Frontaux | Latéraux | Rideaux,Oui,ESP,Oui,EBD | Système anti-collision avec détection des piétons |  Freinage automatique anti-collision (AEB) | NBAS | VDC,Oui,Oui,Radar de recul | Radar avant | Caméra de recul | Système de caméras 360,Oui,Oui,Oui,LED,Poignées de portes,Feux de jour | Avant | Arrières,En aluminium | 18'',,Full LED | Adaptatifs,6 haut-parleurs | Commandes au volant,USB | USB-C | Android Auto | Apple Carplay | AUX | Bluetooth | Chargeur de téléphone sans fil,Tactile | 12 pouces,Avant | Arrière,,,,Tissu,Réglage lombaire,Conducteur et passager,Oui,Teintées | Lunette et vitres arrières sur-teintées,Cuir | Avec palettes,En hauteur et en profondeur,Démarrage mains libres,Automatique | Bizone | Ventilation arrière,À distance,Ecran TFT 7'',Oui,Anti-éblouissement,Électriques | Rabattables | Dégivrants | Avec clignotants intégrés,Avant/Arrière,2026-02-08 17:48:04.551980,Oui,,,GPS,Panoramique,Accès mains libres,,,Oui,,Autohold | HSA,,Chrome,,,Oui,,Oui,Éléctrique,12.3 pouces,,,Métallisée,,,,Ouverture et fermeture motorisées | Ouverture mains libres | Cache Bagages,Chromée,120 g/km,,1 prise 12 V,Normal | Sport | Eco,,,,,,,,,,,,,,,,,,,,,,,,,Oui,,,,,,,158 CH,,,,,,,,,,,1058 km,,,,,,,,,,,,,,,,,,,,,,,,,
Nissan,Nissan Navara,https://www.automobile.tn/fr/neuf/nissan/navara/2.5-dci-4x4-bva-double-cabine,Nissan Navara,https://www.automobile.tn/fr/neuf/nissan/navara/2.5-dci-4x4-bva-double-cabine,,Disponible,Pick up,2 ans,5,4,4,Diesel,10 CV,190 CH,450 nm 2000 tr/min,2488 CM³,Automatique,7,Intégrale,5260 mm,1860 mm,1815 mm,,10.1 s,180 KM/H,,,8.1 L/100 km,Oui,Frontaux | Latéraux,,ESP,Oui,VDC,,,Radar de recul | Caméra de recul | Détection du trafic en marche arrière,Adaptative,,,Oui,Pare-chocs | Rétroviseurs,Avant | Arrières,En aluminium | 18'',,LED,Commandes au volant,USB | AUX | Bluetooth,8 pouces,Avant | Arrière,,,Cuir,Cuir,Conducteur à réglage électrique,Conducteur et passager,Oui,,Multi-fonctions,En hauteur,,Automatique | Bizone | Ventilation arrière,À distance,Oui,,,Électriques,Avant/Arrière,2026-02-08 17:48:07.238734,,Oui,,,,,,,Oui,,HSA,,,,,,,,,,,Elargisseurs d'ailes,,,,,,Chromée | Noire,,,2 prises 12 V,,,,,,,,,,,,,,,,,Oui,,,,,915 KG,,,,,,,,,,,,,,TSA,,,,,,,,,,Oui,Chromées,,,,,,,,,,,,,,,,,,,,,,
Omoda-Jaecoo,Omoda & Jaecoo E5,https://www.automobile.tn/fr/neuf/omoda-jaecoo/e5/61-kwh-premium,Omoda & Jaecoo E5,https://www.automobile.tn/fr/neuf/omoda-jaecoo/e5/61-kwh-premium,,En pré-commande,SUV,7 ans ou 200000 km | Batterie garantie 8 ans ou 160.000 KM,5,5,,Electrique,5 CV,211 CH,288 nm 0 tr/min,,Automatique,,Traction,4424 mm,1830 mm,1588 mm,380 L,11 s,172 KM/H,,,,Oui,Frontaux | Latéraux | Rideaux,LDW,ESP,Oui,Freinage automatique anti-collision (AEB) | MCB | RCCB,TPMS,Oui,Radar de recul | Radar avant | Système de caméras 360,,,Adaptatif (ACC),,,Feux de jour | Avant | Arrières,En aluminium | 18'',,Full LED,8 haut-parleurs | Commandes au volant | Sony,2 USB | USB-C | Android Auto | Apple Carplay | Bluetooth | Commande vocale | Chargeur de téléphone sans fil,Tactile | 12.3 pouces,Avant | Réfrigéré,,,,Similicuir,Électriques | 6 directions | Chauffants | Ventilés | Réglage lombaire | Fonction mémoire | Avec Appuie-tête intégrés,Conducteur,Oui,,Cuir | 3 branches | Multi-fonctions,En hauteur et en profondeur,Démarrage mains libres,Automatique | Bizone,À distance,Oui,,Anti-éblouissement,Électriques | Rabattables | Dégivrants | Avec clignotants intégrés | Éclairage d'accueil à LED,Avant/Arrière,2026-02-08 17:48:11.076299,LCA | LDP | ELK,HDC,,,Ouvrant | Panoramique,Accès mains libres,,Oui,Oui,,HAC,DMS,,,Oui,LED | 64 couleurs,,,Éléctrique | EPB,12.3 pouces,,,Bi-ton | +2000 DT,,Poches aumônières,,Ouverture et fermeture motorisées,,,,2 prises 12 V,Confort | Sport | Eco,RCTA,,,61 kWh,430 km,15.9 kWh/100 km,6.75 heures,30 minutes,,,HUD,,,,,Oui,,,,,,,,FCW | RCW,IHC,,,BSD,,,,,,,,,,,,TJA,,,608 km,,,,,,RSC,,,,,,,,,,,,,,,,,,,
Omoda-Jaecoo,Omoda & Jaecoo C5,https://www.automobile.tn/fr/neuf/omoda-jaecoo/c5/1.5-tgdi-hev-premium,Omoda & Jaecoo C5,https://www.automobile.tn/fr/neuf/omoda-jaecoo/c5/1.5-tgdi-hev-premium,,En pré-commande,SUV,7 ans ou 200000 km | Batterie garantie 8 ans ou 160.000 KM,5,5,4,Essence | Hybride,7 CV,204 CH,310 nm 2500 tr/min,1499 CM³,Automatique,,Traction,4447 mm,1830 mm,1588 mm,380 L,9 s,180 KM/H,,,4.9 L/100 km,Oui,Frontaux | Latéraux | Rideaux,LDW,ESP | RSC,Oui,Freinage automatique anti-collision (AEB),TPMS,Oui,Radar de recul | Radar avant | Système de caméras 360,Oui,,Adaptatif (ACC),LED,,Feux de jour | Avant | Arrières,En aluminium | 18'',,Full LED,8 haut-parleurs | Commandes au volant | Sony,2 USB | USB-C | Android Auto | Apple Carplay | Bluetooth | Commande vocale | Chargeur de téléphone sans fil,Tactile | 12.3 pouces,Avant | Réfrigéré,,,,Similicuir,Électriques | Chauffants | Ventilés | Réglage lombaire | Fonction mémoire | Avec Appuie-tête intégrés,Conducteur,Oui,,Cuir | 3 branches | Multi-fonctions,En hauteur et en profondeur,Démarrage mains libres,Automatique | Bizone,À distance,Oui,,Anti-éblouissement,Électriques | Rabattables | Dégivrants | Avec clignotants intégrés,Avant/Arrière,2026-02-08 17:48:13.940646,LCA | LDP | ELK,HDC,,,Ouvrant,Accès mains libres | Démarrage à distance,,Oui,Oui,,HAC,Oui,,,Oui,LED | 64 couleurs,,,Éléctrique | EPB,12.3 pouces,,,Bi-ton | +2000 DT,,Poches aumônières,,Ouverture et fermeture motorisées,,,,2 prises 12 V,Confort | Sport | Eco,RCTA,,,,,,,,,,,,,,,Oui,,,,,,,,FCW,IHC,,,BSD,,,,143 CH,,,,,,,,TJA,,,,,,,,,,,,,,,,,,,,,,,,,,,,
Omoda-Jaecoo,Omoda & Jaecoo J7,https://www.automobile.tn/fr/neuf/omoda-jaecoo/7/1.5-tgdi-shs,Omoda & Jaecoo J7,https://www.automobile.tn/fr/neuf/omoda-jaecoo/7/1.5-tgdi-shs,,Disponible,SUV,7 ans ou 200000 km | Batterie garantie 8 ans,5,5,4,Essence | Hybride rechargeable,7 CV,279 CH,215 nm 2500 tr/min,1499 CM³,Automatique,,Traction,4500 mm,1865 mm,1670 mm,500 L,8.5 s,180 KM/H,,,4.7 L/100 km,Oui,Frontaux | Latéraux | Rideaux | Genoux conducteur,LDW,ESP,Oui,BAS | EBD | Système anti-collision avec détection des piétons | BOS,TPMS,Oui,Radar de recul | Radar avant | Système de caméras 540°,Oui,,Adaptatif (ACC),Oui,,Feux de jour | Avant | Arrières,En aluminium | 19'',,Full LED,8 haut-parleurs | Commandes au volant | Sony,2 USB | 2 USB-C | Android Auto | Apple Carplay | Bluetooth | Commande vocale | Chargeur de téléphone sans fil,Tactile | 14.8 pouces,Avant | Réfrigéré | Arrière,,,,Similicuir,Électriques | Chauffants | Ventilés | Réglage lombaire | Fonction mémoire,Conducteur,Oui,Acoustiques,Cuir | 3 branches | Chauffant | Multi-fonctions,En hauteur et en profondeur,Démarrage mains libres,Automatique | Bizone | Purificateur d'air,À distance,,,Anti-éblouissement,Électriques | Rabattables | Dégivrants | Avec clignotants intégrés,Avant/Arrière,2026-02-08 17:48:16.749776,LCA | LDP | ELK,,,GPS,Ouvrant | Panoramique,Accès mains libres | Démarrage à distance,,Oui,Oui,,,DMS,,,Oui,Oui,,,Éléctrique | EPB,10.25 pouces,,,Bi-ton | +2000 DT,,,,Ouverture à distance,,,,2 prises 12 V,Normal | Sport | Eco,RCTA,,,18.3 kWh,90 km,,2.6 heures,20 minutes,,,Oui,,,,,Oui,,,,,,,,FCW,,,,BSD,,,,143 CH,204 CH,310 nm,,,Oui,,,Niveau 2 | TJA,,,,,,,,,,,,,,,,,,,,,,,,,,,,
Omoda-Jaecoo,Omoda & Jaecoo J8,https://www.automobile.tn/fr/neuf/omoda-jaecoo/8/1.5-tgdi-shs-4wd,Omoda & Jaecoo J8,https://www.automobile.tn/fr/neuf/omoda-jaecoo/8/1.5-tgdi-shs-4wd,,Disponible,SUV,7 ans ou 200000 km | Batterie garantie 8 ans,5,5,4,Essence | Hybride rechargeable,7 CV,537 CH,215 nm 2500 tr/min,1499 CM³,Automatique,,Intégrale,4820 mm,1930 mm,1710 mm,738 L,5.4 s,180 KM/H,,,6.8 L/100 km,Oui,Frontaux | Latéraux | Rideaux | Genoux conducteur,LDW,ESP,Oui,BAS | EBD | Système anti-collision avec détection des piétons | BOS,TPMS,Oui,Radar de recul | Radar avant | Système de caméras 540°,Oui,,Adaptatif (ACC),Oui,,Feux de jour | Avant | Arrières,En aluminium | 20'',,Full LED,14 haut-parleurs | Commandes au volant | Sony,2 USB | 2 USB-C | Android Auto | Apple Carplay | Bluetooth | Commande vocale | Chargeur de téléphone sans fil,Tactile | 12.3 pouces,Avant | Réfrigéré | Arrière,,,,Similicuir,Électriques | Chauffants | Massants | Ventilés | Réglage lombaire | Fonction mémoire,Conducteur,Oui,Acoustiques,Cuir | 3 branches | Chauffant | Multi-fonctions,En hauteur et en profondeur,Démarrage mains libres,Automatique | Bizone | Purificateur d'air,À distance,,,Anti-éblouissement,Électriques | Rabattables | Dégivrants | Avec clignotants intégrés,Avant/Arrière,2026-02-08 17:48:19.841177,LCA | LDP | ELK,,,GPS,Ouvrant | Panoramique,Accès mains libres | Démarrage à distance,,Oui,Oui,,,DMS,,,Oui,LED | 128 couleurs,,,Éléctrique | EPB,12.3 pouces,,,Bi-ton | +2000 DT,,Poches aumônières,,Ouverture à distance,,,,2 prises 12 V,Normal | Sport | Eco | Offroad | Sable | Neige,RCTA,,,34.46 kWh,160 km,,5.5 heures,20 minutes,,,Oui,,,,,Oui,,,,,,,,FCW,,,,BSD,,,,,421 CH,310 nm,,,Oui,,,Niveau 2 | TJA,,,,,,,,,,,,,,,,,,,,,,,,,,,,
Opel,Opel Corsa,https://www.automobile.tn/fr/neuf/opel/corsa,1.2 Turbo Edition,https://www.automobile.tn/fr/neuf/opel/corsa/1.2-turbo-edition,66 900 DT,Disponible,Citadine,3 ans ou 100.000 km,5,5,3,Essence,5 CV,100 CH,205 nm 2750 tr/min,1199 CM³,Manuelle,6,Traction,4060 mm,1765 mm,1433 mm,309 L,9.9 s,188 KM/H,,,5.1 L/100 km,Oui,Frontaux | Latéraux | Protège-tête,Oui,ESP,Oui,EBD,Oui,,Radar de recul | Radar avant | Caméra de recul 180°,Oui,Oui,Oui,,,Feux de jour,En aluminium | 16'',,Full LED,6 haut-parleurs,USB | Bluetooth | Mirrorlink,Tactile | 10 pouces,,3,,,Tissu,,Conducteur,Oui,Teintées,3 branches | Multi-fonctions | Sport | à méplat,En hauteur et en profondeur,,Manuelle,À distance,Oui,,Anti-éblouissement,Électriques | Rabattables,Avant/Arrière,2026-02-08 17:48:23.801187,Oui,,,,,,,,Oui,,,Oui,,,Oui,,,Oui,,7 pouces,,,,,,,,,,,,,,,,,,,,,,,,,,,,,,,,,,,,,,,,Oui,,,,,,,,TSR,,,,,,,,,,,,,,,,,,,,,,,,,,,,,,,,
Opel,Opel Corsa,https://www.automobile.tn/fr/neuf/opel/corsa,1.2 Turbo GS,https://www.automobile.tn/fr/neuf/opel/corsa/1.2-turbo-gs,76 900 DT,Disponible,Citadine,3 ans ou 100.000 km,5,5,3,Essence,5 CV,100 CH,205 nm 2750 tr/min,1199 CM³,Manuelle,6,Traction,4060 mm,1765 mm,1433 mm,309 L,9.9 s,188 KM/H,,,5.1 L/100 km,Oui,Frontaux | Latéraux | Protège-tête,Oui,ESP,Oui,EBD,Oui,,Radar de recul | Radar avant | Caméra de recul 180°,Oui,Oui,Oui,LED,,Feux de jour | Avant | Arrières,En aluminium | 17'',,Eco LED,6 haut-parleurs,USB | Bluetooth | Mirrorlink,Tactile | 10 pouces,Avant,3,,,Tissu,Sport,Conducteur,Oui,Teintées,Cuir | 3 branches | Multi-fonctions | Sport | à méplat,En hauteur et en profondeur,,Automatique,À distance,Oui,,Anti-éblouissement,Électriques | Rabattables,Avant/Arrière,2026-02-08 17:48:25.546137,Oui,,,,,,,,Oui,,Oui,Oui,,,Oui,,,Oui,,7 pouces,,Design Sport,Bi-ton,,Poches aumônières,,,,,,,,,,,,,,,,,,,,,,,,,,,,,,,,Oui,,,Oui,,,,,,,,TSR,,,,,,,,,,,,,,,,,,,,,,,,,,,,,,,,
Opel,Opel Crossland,https://www.automobile.tn/fr/neuf/opel/crossland/1.2-l-110-ch-bva-edition,Opel Crossland,https://www.automobile.tn/fr/neuf/opel/crossland/1.2-l-110-ch-bva-edition,,Disponible,SUV,3 ans ou 100.000 km,5,5,3,Essence,6 CV,110 CH,205 nm 1500 tr/min,1199 CM³,Automatique,6,Traction,4212 mm,1765 mm,1605 mm,,10.9 s,187 KM/H,,,5.7 L/100 km,Oui,Frontaux | Latéraux | Protège-tête,Oui,ESP,Oui,EBD,Oui,,Radar de recul | Radar avant | Caméra de recul,Oui,Oui,Oui,,,Feux de jour,16'',,Eco LED,6 haut-parleurs | Commandes au volant,USB | Bluetooth,Tactile | 7 pouces,,3,,,Tissu,,Conducteur,Oui,,Cuir | 3 branches | Multi-fonctions,En hauteur et en profondeur,,Manuelle,À distance,Oui,,,Électriques,Avant/Arrière,2026-02-08 17:48:27.996284,,,,,,,,,Oui,,,,,,,,,,,,,,,,,,,Contour chromé,,,,,,,,,,,,,,,,,,,,,,,,,,,,,,,,,,,,,,,,,,,,,,,,,,,,,,,,,,,,,,,,,,,,,,,,
Opel,Opel Mokka,https://www.automobile.tn/fr/neuf/opel/mokka/1.2-l-turbo-130-ch-at8-gs-special-edition,Opel Mokka,https://www.automobile.tn/fr/neuf/opel/mokka/1.2-l-turbo-130-ch-at8-gs-special-edition,,Disponible,SUV,3 ans ou 100.000 km,5,5,3,Essence,7 CV,130 CH,230 nm 1750 tr/min,1199 CM³,Automatique,8,Traction,4151 mm,1791 mm,1531 mm,350 L,9.1 s,200 KM/H,5.9 L/100 km,4.2 L/100 km,4.8 L/100 km,Oui,Frontaux | Latéraux | Protège-tête,Oui,ESP,Oui,,Oui,,Radar de recul | Radar avant | Caméra de recul 180°,Oui,Oui,Oui,LED,,Feux de jour,En aluminium | 17'',,LED,6 haut-parleurs,USB | Android Auto | Apple Carplay | Bluetooth | Mirrorlink,Tactile | 10 pouces,,,,,Similicuir/Tissu,Sport,Conducteur et passager,Oui,Lunette et vitres arrières sur-teintées,Cuir | 3 branches | Multi-fonctions | à méplat | Avec palettes,En hauteur et en profondeur,Démarrage mains libres,Automatique,À distance,Oui,,Anti-éblouissement,Électriques | Rabattables,Avant/Arrière,2026-02-08 17:48:30.548754,,,,GPS | Cartographie Tunisienne,,Accès mains libres,,,Oui,,,,,,,,,Oui,Éléctrique,12 pouces,,,Bi-ton,,Poches aumônières,Aluminium,,,,,,,,,,,,,,,,,,,,,,,,,,,,,,,Oui,,,Oui,,,,,,,,TSR,,,,,,,,,,,,,,,,,,,,,,,,,,,,,,,,
Opel,Opel Astra,https://www.automobile.tn/fr/neuf/opel/astra/1.2-l-gs-limited,Opel Astra,https://www.automobile.tn/fr/neuf/opel/astra/1.2-l-gs-limited,,Disponible,Compacte,3 ans ou 100.000 km,5,5,3,Essence,7 CV,130 CH,230 nm 1750 tr/min,1199 CM³,Automatique,8,Traction,4370 mm,1860 mm,1470 mm,422 L,9.7 s,210 KM/H,5.9 L/100 km,4.6 L/100 km,5.5 L/100 km,Oui,Frontaux | Latéraux | Rideaux,Oui,ESP,Oui,Freinage automatique anti-collision (AEB),Oui,Oui,Radar de recul | Radar avant | Système de caméras 360,Oui,Oui,Adaptatif (ACC),LED,,Feux de jour | Avant | Arrières,En aluminium | 17'',,LED,6 haut-parleurs | Commandes au volant,2 USB-C | Android Auto | Apple Carplay | Bluetooth | Mirrorlink,Tactile | 10 pouces,Avant,,,,Tissu,10 directions | Chauffants | Réglage lombaire,Conducteur et passager,Oui,Lunette et vitres arrières sur-teintées,Chauffant | Multi-fonctions,En hauteur et en profondeur,Démarrage mains libres,Automatique | Bizone,À distance,Oui,,,Électriques | Rabattables,Avant/Arrière,2026-02-08 17:48:33.090536,Oui,,,,Ouvrant,Accès mains libres,,,Oui,,Oui,,,,,,,Oui,Éléctrique,,,,Bi-ton,,,,,Noire,,,,Normal | Sport | Eco,,,,,,,,,,,,,,,,,,,,,,,,FCW,,,,,,,,,,,,TSR,,,,,,,,,,,,,,,,,,,,,,,,,,,,,,,,
Opel,Opel Grandland,https://www.automobile.tn/fr/neuf/opel/grandland/1.6-l-turbo-bva-gs-line,Opel Grandland,https://www.automobile.tn/fr/neuf/opel/grandland/1.6-l-turbo-bva-gs-line,,Disponible,SUV,3 ans ou 100.000 km,5,5,4,Essence,9 CV,165 CH,240 nm 1400 tr/min,1598 CM³,Automatique,6,Traction,4477 mm,1906 mm,1630 mm,514 L,9.5 s,200 KM/H,9.8 L/100 km,5.3 L/100 km,7 L/100 km,Oui,Frontaux | Latéraux | Rideaux,,ESC,Oui,,,Oui,Radar de recul | Radar avant | Caméra de recul | Parkassist,Oui,Oui,Oui,,,Feux de jour | Avant,18'',,LED,Commandes au volant,Android Auto | Apple Carplay | Bluetooth,Tactile | 7 pouces,,3,,,Tissu,Conducteur à réglage électrique | 6 directions | Réglage lombaire,,Oui,Lunette et vitres arrières sur-teintées,Cuir | Multi-fonctions | à méplat,En hauteur et en profondeur,,Automatique,À distance,Oui,,,Électriques,Avant/Arrière,2026-02-08 17:48:35.691534,,,,,,,1652 L,,Oui,,,,,,,LED,,,Éléctrique,,,,Bi-ton,,,,,,,,,,,,,,,,,,,,,,,,,Oui,,,,,,,,,,,,,,,,,,,,,,,,,,,,,,,,,,,,,,,,,,,,,,,,,,,,
Opel,Opel Combo Cargo,https://www.automobile.tn/fr/neuf/opel/combo,1.6 L Diesel Confort L1H1 650 kg,https://www.automobile.tn/fr/neuf/opel/combo/1.6-l-diesel-24-confort-l1h1-650-kg,62 990 DT,Disponible,Utilitaire,3 ans ou 100.000 km,2,3 | 1 porte latérale coulissante | 2 portes arrières battantes tolées,4,Diesel,5 CV,92 CH,230 nm 1750 tr/min,1560 CM³,Manuelle,5,Traction,4403 mm,1921 mm,1796 mm,,13.4 s,177 KM/H,5.4 L/100 km,4.6 L/100 km,4.8 L/100 km,Oui,Frontaux,,ESP,Oui,,Oui,,,Oui,,Oui,,,,15'',,,4 haut-parleurs,USB | Android Auto | Apple Carplay | Bluetooth | Mirrorlink,Tactile | 10 pouces,Avant conducteur,,,,Tissu,Réglage lombaire | Conducteur confort,Conducteur,Tapis de coffre PVC,,3 branches | Multi-fonctions | Sport,En hauteur et en profondeur,,Manuelle,À distance,Oui,,,Électriques | Dégivrants,Avant,2026-02-08 17:48:38.214830,,,,,,,,,Oui,,,,,,,,,,,,,,Métallisée +1000 DT,,,,,,127 g/km,,,,,,,,,,,,,,,,,,,,,,,,650 KG,3.3 m³,,,,,,,,,,,,,,,,,,,,,,,,,,Oui,,,,,,,,,,,,,,,,,,,,
Opel,Opel Combo Cargo,https://www.automobile.tn/fr/neuf/opel/combo,XL 1.6 L Diesel Confort L2H1 1000 kg,https://www.automobile.tn/fr/neuf/opel/combo/xl-1.6-l-diesel-24-confort-l2h1-1000-kg,66 490 DT,Disponible,Utilitaire,3 ans ou 100.000 km,2,3 | 1 porte latérale coulissante | 2 portes arrières battantes tolées,4,Diesel,5 CV,92 CH,230 nm 1750 tr/min,1560 CM³,Manuelle,5,Traction,4753 mm,1921 mm,1815 mm,,13.4 s,177 KM/H,5.4 L/100 km,4.6 L/100 km,4.8 L/100 km,Oui,Frontaux,,ESP,Oui,,Oui,,,Oui,,Oui,,,,16'',,,4 haut-parleurs,USB | Android Auto | Apple Carplay | Bluetooth | Mirrorlink,Tactile | 10 pouces,Avant conducteur,,,,Tissu,Réglage lombaire | Conducteur confort,Conducteur,Tapis de coffre PVC,,3 branches | Multi-fonctions | Sport,En hauteur et en profondeur,,Manuelle,À distance,Oui,,,Électriques | Dégivrants,Avant,2026-02-08 17:48:39.972341,,,,,,,,,Oui,,,,,,,,,,,,,,Métallisée +1000 DT,,,,,,127 g/km,,,,,,,,,,,,,,,,,,,,,,,,1000 KG,3.9 m³,,,,,,,,,,,,,,,,,,,,,,,,,,Oui,,,,,,,,,,,,,,,,,,,,
Peugeot,Peugeot 208,https://www.automobile.tn/fr/neuf/peugeot/208/1.2-l-style,Peugeot 208,https://www.automobile.tn/fr/neuf/peugeot/208/1.2-l-style,,Disponible,Citadine,3 ans,5,5,3,Essence,5 CV,100 CH,205 nm 1750 tr/min,1199 CM³,Manuelle,6,Traction,4055 mm,1745 mm,1430 mm,352 L,10.1 s,194 KM/H,,,5.2 L/100 km,Oui,Frontaux | Latéraux | Rideaux,Oui,ESP,Oui,Freinage automatique anti-collision (AEB),Oui,Oui,Radar de recul,Oui,Oui,Oui,,Pare-chocs | Poignées de portes,Feux de jour | Avant | Arrières,16'' | Bi-ton,,LED,6 haut-parleurs,USB-C | Android Auto | Apple Carplay | Bluetooth | Mirrorlink,Tactile | 10 pouces,,,,,Tissu | Surpiqures,,,Oui,,Cuir | Multi-fonctions,En hauteur et en profondeur,,Manuelle,À distance,Ecran TFT 3.5'',,,Électriques | Dégivrants | Noirs | Avec clignotants intégrés,Avant/Arrière,2026-02-08 17:48:43.364745,Oui,,,,,,,,Oui,,,,,,,,,,,,,,,,,,,Noire,,,,,,,,,,,,,,,,,,,,,,,,,,,,FCW,,,,,,,,,,,,TSR,,,,,,,,,,,,,,,,,,,,,,,,,,,,,,,,
Peugeot,Peugeot 2008,https://www.automobile.tn/fr/neuf/peugeot/2008,1.2 L Puretech 130 Active BVA,https://www.automobile.tn/fr/neuf/peugeot/2008/1.2-l-puretech-130-bva-active-pack-2024,92 900 DT,Disponible,SUV,3 ans,5,5,3,Essence,7 CV,130 CH,230 nm 1750 tr/min,1199 CM³,Automatique,6,Traction,4304 mm,1550 mm,1550 mm,434 L,9.1 s,198 KM/H,,,6.5 L/100 km,Oui,Frontaux | Latéraux | Rideaux,,ESP,Oui,AFU,Oui,,Radar de recul,Électrique,Oui,Oui,,Oui,Feux de jour,En aluminium | 16'',,Signature LED | LED,6 haut-parleurs | Commandes au volant,USB | Bluetooth | Mirrorlink,Tactile | 10 pouces,,,,,Tissu,,Conducteur et passager,Oui,Lunette et vitres arrières sur-teintées,Multi-fonctions,En hauteur et en profondeur,,Automatique,À distance,Oui,,Anti-éblouissement,Électriques | Dégivrants,Avant/Arrière,2026-02-08 17:48:46.045894,,,Chromées | Doubles,,,,,,,,Hill assist,,,,Oui,,,,,i-cockpit,,,,,,,,,148 g/km,,,,,,,,,,,,,,,,,,,,,,,,,,,,,,,,,,,,,,,,,,,,,,,,,,,,,,,Oui,,,,,,,,,,,,,,,,
Peugeot,Peugeot 2008,https://www.automobile.tn/fr/neuf/peugeot/2008,1.2 L Puretech 130 Allure BVA,https://www.automobile.tn/fr/neuf/peugeot/2008/1.2-l-puretech-130-bva-allure-2024,104 900 DT,2 mois,SUV,3 ans,5,5,3,Essence,7 CV,130 CH,230 nm 1750 tr/min,1199 CM³,Automatique,6,Traction,4304 mm,1550 mm,1550 mm,434 L,9.1 s,198 KM/H,,,6.5 L/100 km,Oui,Frontaux,,ESP,Oui,AFU,Oui,,Radar de recul | Radar avant | Caméra de recul,Électrique,Oui,Oui,,Oui,Feux de jour,En aluminium | 17'' | Bi-ton,,Signature LED | LED,6 haut-parleurs | Commandes au volant,USB | Bluetooth | Mirrorlink,Tactile | 10 pouces,Avant,,,,Similicuir/Tissu,Confort,Conducteur et passager,Oui,Lunette et vitres arrières sur-teintées,Multi-fonctions,En hauteur et en profondeur,Démarrage mains libres,Automatique,À distance,Oui,,Anti-éblouissement,Électriques | Rabattables | Dégivrants | Éclairage d'accueil à LED,Avant/Arrière,2026-02-08 17:48:47.850190,,,Chromées | Doubles,,,Accès mains libres,,,Oui,,Hill assist,,,,Oui,,,Oui,Éléctrique,i-cockpit | 10 pouces,,,,,,,,,148 g/km,,,,,,,,,,,,,,,,,,,Noires,,,,,,,,,,,,,,,,,,,,,,,,,,,,,,,,,,,,Oui,,,,,,,,,,,,,,,,
Peugeot,Peugeot Rifter,https://www.automobile.tn/fr/neuf/peugeot/rifter/1.6-l-hdi-92ch,Peugeot Rifter,https://www.automobile.tn/fr/neuf/peugeot/rifter/1.6-l-hdi-92ch,,Disponible,Monospace,3 ans,5,5 | 2 portes latérales coulissantes,4,Diesel,5 CV,92 CH,230 nm 1500 tr/min,1560 CM³,Manuelle,5,Traction,4405 mm,1848 mm,1818 mm,775 L,15.9 s,182 KM/H,7 L/100 km,5.1 L/100 km,5.8 L/100 km,Oui,Frontal conducteur,,ESP,Oui,AFU,Oui,,,Oui,Oui,Oui,,,Feux de jour | Avant,16'',,LED,Commandes au volant,Android Auto | Apple Carplay | Bluetooth | Mirrorlink,Tactile | 10 pouces,Avant,,,,Tissu,,,Oui,,Multi-fonctions,En hauteur et en profondeur,,Manuelle,À distance,Oui,,,Électriques,Avant,2026-02-08 17:48:50.273559,,,,,,,3000 L,,Oui,,,Oui,,,,,,,Éléctrique,,,,,,Oui,,,,,,,,,,,,,,,,,,,,,,,,,,,,,,,,,,,,,,,,,,,,,,,,,,,,,,,,,,,,,,,,,,,,,,,,,,,
Peugeot,Peugeot 408,https://www.automobile.tn/fr/neuf/peugeot/408,1.6 L Allure EAT8,https://www.automobile.tn/fr/neuf/peugeot/408/1.6-l-allure-bva,140 900 DT,Disponible,Berline,3 ans,5,4,4,Essence,13 CV,215 CH,300 nm 2000 tr/min,1598 CM³,Automatique,8,Traction,4687 mm,1848 mm,1480 mm,536 L,8.9 s,220 KM/H,9.2 L/100 km,5.7 L/100 km,7 L/100 km,Oui,Frontaux | Latéraux | Rideaux,,ESP | ASR,Oui,AFU,Oui,,Radar de recul | Caméra de recul,Électrique,,,,Oui,Feux de jour | Avant | Arrières,En aluminium | 18'',,Full LED | Signature LED,6 haut-parleurs | Commandes au volant,4 USB-C | Android Auto | Apple Carplay | Bluetooth | Commande vocale | Mirrorlink,Tactile | 10 pouces,Avant,,,,Mi-TEP,Réglage lombaire,Conducteur et passager,Oui,Lunette et vitres arrières sur-teintées,Multi-fonctions | Croûte de cuir | Avec palettes,En hauteur et en profondeur,,Automatique | Bizone,À distance,Oui,Oui,,Électriques | Rabattables | Dégivrants | Avec clignotants intégrés | Éclairage d'accueil à LED,Avant/Arrière,2026-02-08 17:48:52.814926,,HDC,,,,,,,Oui,,Hill assist,Oui,,,,LED,,Oui,,i-cockpit | Dalle Numérique Haute Définition,,,,,Poches aumônières,,,,,,1 prise 12 V,Normal | Confort | Sport,,,,,,,,,,,,,,,,Aluminium,,,,,,,,,,,,,,,,,,,,,,,,,,,,,,,,,,,,,,,,,,,,,,,,,,,,
Peugeot,Peugeot 408,https://www.automobile.tn/fr/neuf/peugeot/408,1.6 L Allure Pack EAT8,https://www.automobile.tn/fr/neuf/peugeot/408/1.6-l-allure-pack-bva,141 900 DT,Disponible,Berline,3 ans,5,4,4,Essence,13 CV,215 CH,300 nm 2000 tr/min,1598 CM³,Automatique,8,Traction,4687 mm,1848 mm,1480 mm,536 L,8.9 s,220 KM/H,9.2 L/100 km,5.7 L/100 km,7 L/100 km,Oui,Frontaux | Latéraux | Rideaux,,ESP | ASR,Oui,AFU,Oui,,Radar de recul | Radar avant | Caméra de recul,Électrique,,,,Oui,Feux de jour | Avant | Arrières,En aluminium | 18'',,Full LED | Signature LED,6 haut-parleurs | Commandes au volant,Android Auto | 4 USB-C | Apple Carplay | Bluetooth | Commande vocale | Mirrorlink,Tactile | 10 pouces,Avant,,,,Mi-TEP,Réglage lombaire,Conducteur et passager,Oui,Lunette et vitres arrières sur-teintées,Multi-fonctions | Croûte de cuir | Avec palettes,En hauteur et en profondeur,,Automatique | Bizone,À distance,Oui,Oui,,Électriques | Rabattables | Dégivrants | Avec clignotants intégrés | Éclairage d'accueil à LED,Avant/Arrière,2026-02-08 17:48:54.633266,,HDC,,,,Accès mains libres,,,Oui,,Hill assist,Oui,,,,LED,,Oui,Éléctrique,i-cockpit | Dalle Numérique Haute Définition,,,,,Poches aumônières,,,,,,1 prise 12 V,Normal | Confort | Sport,,,,,,,,,,,,,,,,Aluminium,,,,,,,,,,,,,,,,,,,,,,,,,,,,,,,,,,,,,,,,,,,,,,,,,,,,
Peugeot,Peugeot Expert Combi,https://www.automobile.tn/fr/neuf/peugeot/expert-combi/2.0-l-hdi-9-places,Peugeot Expert Combi,https://www.automobile.tn/fr/neuf/peugeot/expert-combi/2.0-l-hdi-9-places,,10 jours,Monospace,3 ans,9,4 | 1 porte latérale coulissante,4,Diesel,8 CV,150 CH,370 nm 2000 tr/min,1997 CM³,Manuelle,6,Traction,4956 mm,1920 mm,1890 mm,N.C,10.3 s,185 KM/H,6.1 L/100 km,5 L/100 km,5.4 L/100 km,Oui,Frontaux,,ESP | ASR,Oui,AFU,Oui,,,Électrique,Oui,Oui,,,,16'',,,4 haut-parleurs | Commandes au volant | Radio numérique DAB,USB | Bluetooth,Tactile | 5 pouces,,,,,Tissu | Bi-ton,,,Oui,,Multi-fonctions,En hauteur et en profondeur,,Automatique | Bizone,Oui,Oui,,,Électriques | Dégivrants,Avant,2026-02-08 17:48:57.131921,,Oui,,,,,,,Oui,,,,,,,,,Oui,,,,,,,Oui,,,,142 g/km,,2 prises 12 V,,,,,,,,,,,,,,,,,,,,,,,,,,,,,,,,,,,,,,,,,,,,,,,,,,,,,,,,,,,,,,,,,,,,,
Peugeot,Peugeot Landtrek Simple Cabine,https://www.automobile.tn/fr/neuf/peugeot/landtrek-simple-cabine,1.9 L Diesel 4x2 Benne tôle pliée,https://www.automobile.tn/fr/neuf/peugeot/landtrek-simple-cabine/1.9-l-diesel-4x2-benne-tole-pliee,75 490 DT,Disponible,Pick up,5 ans ou 400.000 km,2,2,4,Diesel,6 CV,150 CH,350 nm 1800 tr/min,1910 CM³,Manuelle,6,Propulsion,5390 mm,1963 mm,1829 mm,,14.9 s,172 KM/H,,,7.8 L/100 km,Oui,Frontaux,,,Oui,EBD,,,,Oui,,,,Poignées de portes,,16'',,,2 haut-parleurs | Commandes au volant,2 USB | Bluetooth,,,,,,Tissu,,,,,,En hauteur,,Manuelle,Oui,Oui,,,Électriques | Rabattables | Noirs,Avant,2026-02-08 17:48:59.606031,,,,,,,,,,,,,,,,,,,,,,,,,,,,,206 g/km,Oui,1 prise 12 V,,,,,,,,,,,,,,,,,,,,,,1000 KG,,,,,,,,,,,,,,,,,,,,,,,,,,,,,,,,,,,,,,,,,,,,,,,
Peugeot,Peugeot Landtrek Simple Cabine,https://www.automobile.tn/fr/neuf/peugeot/landtrek-simple-cabine,1.9 L Diesel 4x2,https://www.automobile.tn/fr/neuf/peugeot/landtrek-simple-cabine/1.9-l-diesel,79 490 DT,Disponible,Pick up,5 ans ou 400.000 km,2,2,4,Diesel,6 CV,150 CH,350 nm 1800 tr/min,1910 CM³,Manuelle,6,Propulsion,5390 mm,1963 mm,1829 mm,,14.9 s,172 KM/H,,,7.8 L/100 km,Oui,Frontaux,,ESP,Oui,EBD,,,,Oui,,,,Poignées de portes,,16'',,,2 haut-parleurs | Commandes au volant,2 USB | Bluetooth,,,,,,Tissu,,,,,,En hauteur et en profondeur,,Manuelle,Oui,Oui,,,Électriques | Rabattables | Noirs,Avant,2026-02-08 17:49:01.427071,,,,,,,,,,,,,,,,,,,,,,,,,,,,,206 g/km,Oui,1 prise 12 V,,,,,,,,,,,,,,,,,,,,,,1000 KG,,,,,,,,,,,,,,,,,,,,,,,,,,,,,,,,,,,,,,,,,,,,,,,
Peugeot,Peugeot Landtrek Double Cabine,https://www.automobile.tn/fr/neuf/peugeot/landtrek-double-cabine,1.9 L Diesel 4x2,https://www.automobile.tn/fr/neuf/peugeot/landtrek-double-cabine/1.9-l-diesel-4x2,88 990 DT,Disponible,Pick up,5 ans ou 400.000 km,5,4,4,Diesel,6 CV,150 CH,350 nm 1800 tr/min,1910 CM³,Manuelle,6,Propulsion,5330 mm,1963 mm,1897 mm,,14.9 s,172 KM/H,,,7.8 L/100 km,Oui,Frontaux,,ESP,Oui,EBD,,,Radar de recul,Oui,Oui,Oui,Oui,Rétroviseurs,,16'',,,4 haut-parleurs | Commandes au volant,2 USB | Bluetooth,,Avant,,,,Tissu,,,,,,En hauteur,,Manuelle,Oui,Oui,,,Électriques,Avant/Arrière,2026-02-08 17:49:04.042488,,,,,,,,,,,,,,,,,,,,,,,,,,,,,206 g/km,Oui,1 prise 12 V,,,,,,,,,,,,,,,,,,,,,,1000 KG,,,,,,,,,,,,,,,,,,,,,,,,,,,,,,,,,,,,,,,,,,,,,,,
Peugeot,Peugeot Landtrek Double Cabine,https://www.automobile.tn/fr/neuf/peugeot/landtrek-double-cabine,1.9 L Diesel 4x4 Pro Plus,https://www.automobile.tn/fr/neuf/peugeot/landtrek-double-cabine/1.9-l-diesel-4x4-pro-plus,108 900 DT,Disponible,Pick up,5 ans ou 400.000 km,5,4,4,Diesel,8 CV,150 CH,350 nm 1800 tr/min,1910 CM³,Manuelle,6,Intégrale,5330 mm,1963 mm,1897 mm,,15.8 s,171 KM/H,,,8.1 L/100 km,Oui,Frontaux,,ESP,Oui,EBD,,,Radar de recul | Caméra de recul,Oui,Oui,Oui,Oui,Pare-chocs | Rétroviseurs,,En aluminium | 17'',,,Commandes au volant,Bluetooth,Tactile | 10 pouces,Avant,,,,Tissu | Mi-TEP,,,Oui,,,En hauteur,,Manuelle,À distance,Oui,,,Électriques,Avant/Arrière,2026-02-08 17:49:05.796783,,,,,,,,,,,,,,,,,,,,,,,,,,,,,,Oui,1 prise 12 V,,,,,,,,,,,,,,,,,Oui,,,Arrière,,900 KG,,,,,,,,,,,,,,,,,,,,,,,,Oui,,,,,,,,Oui,,,,,,,,,,,,,,,
Peugeot,Peugeot Partner,https://www.automobile.tn/fr/neuf/peugeot/partner,1.6 L HDI 650 Kg,https://www.automobile.tn/fr/neuf/peugeot/partner/1.6-l-hdi-90ch-24-650-kg,63 990 DT,10 jours,Utilitaire,3 ans,2,3 | 1 porte latérale coulissante | 2 portes arrières battantes tolées,4,Diesel,5 CV,92 CH,215 nm 1750 tr/min,1560 CM³,Manuelle,5,Traction,4403 mm,1848 mm,1825 mm,,13.4 s,160 KM/H,5.1 L/100 km,4.3 L/100 km,4.8 L/100 km,Oui,Frontal conducteur,,ESP,Oui,,Oui,,,Électrique,Oui,Oui,,,Feux de jour,15'',,,Radio numérique DAB,USB | Android Auto | Apple Carplay | Bluetooth | Commande vocale | Mirrorlink,Tactile | 10 pouces,,,,,Tissu,,,Tapis de coffre PVC,,,En hauteur et en profondeur,,Manuelle,À distance,,,,Électriques | Dégivrants,Avant,2026-02-08 17:49:08.440987,,,,,,,,,Oui,,,Oui,,,,,,,,,,,,,,,,,,,,,,,,,,,,,,,,,,,,,,,,,650 KG,3.3 m³,,,,,,,,,,,,,,,,,,,,,,,,,,,,,,,,,,,,,,,,,,,,,,
Peugeot,Peugeot Partner,https://www.automobile.tn/fr/neuf/peugeot/partner,1.6 L HDI 1000 Kg,https://www.automobile.tn/fr/neuf/peugeot/partner/1.6-l-hdi-90ch-24-1000-kg,64 990 DT,10 jours,Utilitaire,3 ans,2,3 | 1 porte latérale coulissante | 2 portes arrières battantes tolées,4,Diesel,5 CV,92 CH,215 nm 1750 tr/min,1560 CM³,Manuelle,5,Traction,4403 mm,1848 mm,1825 mm,,13.4 s,160 KM/H,5.1 L/100 km,4.3 L/100 km,4.8 L/100 km,Oui,Frontal conducteur,,ESP,Oui,,Oui,,,Électrique,Oui,Oui,,,Feux de jour,16'',,,Commandes sous le volant | Radio numérique DAB,USB | Android Auto | Apple Carplay | Bluetooth | Commande vocale | Mirrorlink,Tactile | 10 pouces,,,,,Tissu,,,Tapis de coffre PVC,,,En hauteur et en profondeur,,Manuelle,À distance,,,,Électriques | Dégivrants,Avant,2026-02-08 17:49:10.212431,,,,,,,,,Oui,,,Oui,,,,,,,,,,,,,,,,,,,,,,,,,,,,,,,,,,,,,,,,,1000 KG,3.3 m³,,,,,,,,,,,,,,,,,,,,,,,,,,,,,,,,,,,,,,,,,,,,,,
Peugeot,Peugeot Expert,https://www.automobile.tn/fr/neuf/peugeot/expert/2.0-l-hdi-2025,Peugeot Expert,https://www.automobile.tn/fr/neuf/peugeot/expert/2.0-l-hdi-2025,,15 jours,Utilitaire,3 ans,3,5 | 1 porte latérale coulissante | 2 portes arrières battantes tolées,4,Diesel,9 CV,150 CH,370 nm 2000 tr/min,1997 CM³,Manuelle,6,Traction,4983 mm,2010 mm,1895 mm,,9.9 s,170 KM/H,6 L/100 km,5.2 L/100 km,5.5 L/100 km,Oui,Frontaux,,ESP,Oui,,Oui,,Radar de recul,Oui,Oui,Oui,,,,16'',,,Oui,USB | Bluetooth,,Avant,,,,Similicuir/Tissu,,Conducteur et passager,Oui,,,,,Manuelle,À distance,,,,Électriques,Avant,2026-02-08 17:49:12.779714,,,,,,,,,,,,,,,,,,,,,,,,,,,,,,,,,,,,,,,,,,,,,,,,,,,,,1000 KG,5.3 m³,,,,,,,,,,,,,,,,,,,,,,,,,,Oui,,,,,,,,,,,,,,,,,,,,
Peugeot,Peugeot Boxer,https://www.automobile.tn/fr/neuf/peugeot/boxer,2.2 L HDI L2H2 11.5m3,https://www.automobile.tn/fr/neuf/peugeot/boxer/2.2-l-hdi-l2h2-11.5m3,97 900 DT,3 mois,Utilitaire,3 ans,3,4 | 1 porte latérale coulissante | 2 portes arrières battantes tolées,4,Diesel,7 CV,140 CH,340 nm 1750 tr/min,2179 CM³,Manuelle,6,Traction,5413 mm,1870 mm,2522 mm,,N.C,N.C,N.C,N.C,N.C,Oui,Frontal conducteur,,ESP,Oui,AFU,,,Radar de recul,Oui,Oui,Oui,,,,16'',,,,,,Avant conducteur,,,,Tissu,,Conducteur,Oui,,,En hauteur et en profondeur,,Manuelle,À distance,,,,Électriques,Avant,2026-02-08 17:49:15.261657,,,,,,,,,,,,,,,,,,,,,,,,,Oui,,,,,Oui,2 prises 12 V,,,,,,,,,,,,,,,,,,,,,,1390 KG,11.5 m³,,,,,,,,,,,,,,,,,,,,,,,,,,Oui,,,,,,,,,,,,,,,,,,,,
Peugeot,Peugeot Boxer,https://www.automobile.tn/fr/neuf/peugeot/boxer,2.2 L HDI L3H2 13m3,https://www.automobile.tn/fr/neuf/peugeot/boxer/2.2-l-hdi-l3h2,99 900 DT,3 mois,Utilitaire,3 ans,3,4 | 1 porte latérale coulissante | 2 portes arrières battantes tolées,4,Diesel,7 CV,140 CH,340 nm 1750 tr/min,2179 CM³,Manuelle,6,Traction,5998 mm,1422 mm,2522 mm,,N.C,N.C,N.C,N.C,N.C,Oui,Frontal conducteur,,ESP,Oui,AFU,,,Radar de recul,Oui,Oui,Oui,,,,16'',,,,,,Avant conducteur,,,,Tissu,,Conducteur,Oui,,,En hauteur et en profondeur,,Manuelle,À distance,,,,Électriques,Avant,2026-02-08 17:49:17.055052,,,,,,,,,,,,,,,,,,,,,,,,,Oui,,,,,Oui,2 prises 12 V,,,,,,,,,,,,,,,,,,,,,,1225 KG,13 m³,,,,,,,,,,,,,,,,,,,,,,,,,,Oui,,,,,,,,,,,,,,,,,,,,
Peugeot,Peugeot Boxer Double Cabine,https://www.automobile.tn/fr/neuf/peugeot/boxer-plateau-double-cabine/350-l2-plateau-double-cabine,Peugeot Boxer Double Cabine,https://www.automobile.tn/fr/neuf/peugeot/boxer-plateau-double-cabine/350-l2-plateau-double-cabine,,3 mois,Utilitaire,3 ans,7,4 | 1 porte latérale coulissante | 2 portes arrières battantes vitrées,4,Diesel,7 CV,140 CH,340 nm 1750 tr/min,2179 CM³,Manuelle,5,Traction,N.C,N.C,N.C,,N.C,N.C,N.C,N.C,N.C,Oui,Frontal conducteur,,,Oui,AFU,,,Radar de recul,Oui,,,,,,,,,,,,,3,,,Tissu,,,,Teintées,,En hauteur,,Manuelle,À distance,,,,,Avant,2026-02-08 17:49:19.539182,,,,,,,,,,,,,,,,,,,,,,,,,Oui,,,,,,,,,,,,,,,,,,,,,,,,,,,,N.C,,,,,,,,,,,,,,,,,,,,,,,,,,,,,,,,,,,,,,,,,,,,,,,
Peugeot,Peugeot Traveller,https://www.automobile.tn/fr/neuf/peugeot/traveller/2.0-l-hdi-9-places,Peugeot Traveller,https://www.automobile.tn/fr/neuf/peugeot/traveller/2.0-l-hdi-9-places,,3 mois,Monospace,3 ans,9,5 | 2 portes latérales coulissantes,4,Diesel,8 CV,150 CH,370 nm 2000 tr/min,1997 CM³,Manuelle,5,Traction,4983 mm,1920 mm,1890 mm,507 L,11 s,170 KM/H,6 L/100 km,5.2 L/100 km,5.5 L/100 km,Oui,Frontaux | Latéraux,,ESP | ASR,Oui,AFU,Oui,,Radar de recul,Électrique,Oui,Oui,Oui,Pare-chocs | Poignées de portes,Feux de jour | Avant,17'' | Enjoliveurs,,Full LED,Commandes au volant | Radio numérique DAB,USB | Android Auto | Apple Carplay | Bluetooth | Commande vocale | Mirrorlink,Tactile | 10 pouces,Avant conducteur,,,,Tissu | Bi-ton,Réglage lombaire,,,Lunette et vitres arrières sur-teintées,Multi-fonctions,En hauteur et en profondeur,,Automatique | Bizone,À distance,,,,Électriques | Rabattables | Dégivrants,Avant,2026-02-08 17:49:22.024045,,Oui,,,,,,,Oui,,,,,,,,,Oui,,,,,,,,,,,139 g/km,,2 prises 12 V,,,,,,,,,,,,,,,,,,,,,,,,,,,,,,,,,,,,,,,,,,,,,,,,,,,,,,,,,,,,,,,,,,,,,
Porsche,Porsche Macan Electric,https://www.automobile.tn/fr/neuf/porsche/macan-electric,Macan,https://www.automobile.tn/fr/neuf/porsche/macan-electric/100-kwh,295 000 DT,En pré-commande,SUV,2 ans | Batterie garantie 8 ans ou 160.000 KM,5,5,,Electrique,9 CV,340 CH,563 nm 0 tr/min,,Automatique,,Propulsion,4784 mm,1938 mm,1623 mm,540 L,5.7 s,220 KM/H,,,,Oui,Frontaux | Latéraux | Centraux,,Oui,Oui,Système anti-collision avec détection des piétons,TPMS,Oui,Radar de recul | Radar avant | Caméra de recul | Parkassist,Servotronic,,Oui,,Pare-chocs | Poignées de portes | Rétroviseurs,Feux de jour | Avant | Arrières,En aluminium | 20'',,Matrix LED,10 haut-parleurs | Haut-parleurs Bose | Radio numérique DAB,Android Auto | Apple Carplay | Bluetooth | Commande vocale | Chargeur de téléphone sans fil,Tactile | 10.9 pouces,Avant,,Noir brillant,,Cuir,Électriques | 8 directions | Chauffants | Fonction mémoire | Confort,Conducteur et passager,Oui,Lunette et vitres arrières sur-teintées,Cuir | Multi-fonctions,En hauteur et en profondeur,Démarrage mains libres,Automatique | Bizone | Ventilation arrière,À distance,Oui,,,Électriques | Rabattables | Dégivrants | Mémoire de position,Avant/Arrière,2026-02-08 17:49:25.512767,Oui,,,,Ouvrant | Panoramique,,1348 L,Oui,Oui,Triangle de présignalisation,,,Alu satiné,Oui,,LED,Aluminium,Oui,Éléctrique,12.6 pouces,,,,,,,Ouverture et fermeture motorisées,,,,,Normal | Sport | Sport Plus | Offroad,,1,360 CH,100 kWh,536 km,17 kWh/100 km,11.5 heures,21 minutes,Oui,,,,Porsche Active Suspension Management (PASM),,84 L,,,,,,,,,FCW,,,,,,,,,,,,,,,,,,,,,,,,,,,,,,,,,,,,,,,,Oui,Oui,,,
Porsche,Porsche Macan Electric,https://www.automobile.tn/fr/neuf/porsche/macan-electric,Macan 4,https://www.automobile.tn/fr/neuf/porsche/macan-electric/100-kwh-4,318 000 DT,En pré-commande,SUV,2 ans | Batterie garantie 8 ans ou 160.000 KM,5,5,,Electrique,11 CV,387 CH,650 nm 0 tr/min,,Automatique,,Intégrale,4784 mm,1938 mm,1622 mm,540 L,5.2 s,220 KM/H,,,,Oui,Frontaux | Latéraux | Centraux,,Oui,Oui,Système anti-collision avec détection des piétons,TPMS,Oui,Radar de recul | Radar avant | Caméra de recul | Parkassist,Servotronic,,Oui,,Pare-chocs | Poignées de portes | Rétroviseurs,Feux de jour | Avant | Arrières,En aluminium | 20'',,Matrix LED,10 haut-parleurs | Haut-parleurs Bose | Radio numérique DAB,Android Auto | Apple Carplay | Bluetooth | Commande vocale | Chargeur de téléphone sans fil,Tactile | 10.9 pouces,Avant,,Noir brillant | Argent Ombre,,Cuir,Électriques | 8 directions | Chauffants | Fonction mémoire | Confort,Conducteur et passager,Oui,Lunette et vitres arrières sur-teintées,Cuir | Multi-fonctions,En hauteur et en profondeur,Démarrage mains libres,Automatique | Bizone | Ventilation arrière,À distance,Oui,,Anti-éblouissement,Électriques | Rabattables | Dégivrants | Photosensibles | Mémoire de position,Avant/Arrière,2026-02-08 17:49:27.334618,Oui,,,,Ouvrant | Panoramique,,1348 L,Oui,Oui,Triangle de présignalisation,,,Noir Mat,Oui,,LED,Aluminium,Oui,Éléctrique,12.6 pouces,,,Métallisée,,,,Ouverture et fermeture motorisées,,,,,Normal | Sport | Sport Plus | Offroad,,2,408 CH,100 kWh,516 km,17.9 kWh/100 km,11.5 heures,21 minutes,Oui,,,,Porsche Active Suspension Management (PASM),,84 L,,,,,,,,,FCW,,,,,,,,,,,,,,,,,,,,,,,,,,,,,,,,,,,,,,,,Oui,Oui,,,
Porsche,Porsche Macan Electric,https://www.automobile.tn/fr/neuf/porsche/macan-electric,Macan 4S,https://www.automobile.tn/fr/neuf/porsche/macan-electric/100-kwh-4s,370 000 DT,En pré-commande,SUV,2 ans | Batterie garantie 8 ans ou 160.000 KM,5,5,,Electrique,11 CV,448 CH,820 nm 0 tr/min,,Automatique,,Intégrale,4784 mm,1938 mm,1622 mm,540 L,4.1 s,240 KM/H,,,,Oui,Frontaux | Latéraux | Centraux,,Oui,Oui,Système anti-collision avec détection des piétons,TPMS,Oui,Radar de recul | Radar avant | Caméra de recul | Parkassist,Servotronic,,Adaptatif (ACC),,Pare-chocs | Poignées de portes | Rétroviseurs,Feux de jour | Avant | Arrières,En aluminium | 21'',,Matrix LED,10 haut-parleurs | Haut-parleurs Bose | Radio numérique DAB,Android Auto | Apple Carplay | Bluetooth | Commande vocale | Chargeur de téléphone sans fil,Tactile | 10.9 pouces,Avant,,Pack Carbone,,Cuir,Électriques | 18 directions | Chauffants | Ventilés | Fonction mémoire | Sport | Confort,Conducteur et passager,Oui,Lunette et vitres arrières sur-teintées,Cuir | Multi-fonctions | Sport,En hauteur et en profondeur,Démarrage mains libres,Automatique | 4 zones | Ventilation arrière,À distance,Oui,,Anti-éblouissement,Électriques | Rabattables | Dégivrants | Photosensibles | Mémoire de position,Avant/Arrière,2026-02-08 17:49:29.142200,Oui,,,,Ouvrant | Panoramique,,1348 L,Oui,Oui,Triangle de présignalisation,,,Noir Mat,Oui,,LED,Aluminium | Eclairés,Oui,Éléctrique,12.6 pouces,,,Métallisée,,,Acier inoxydable brossé,Ouverture et fermeture motorisées,,,,,Normal | Sport | Sport Plus | Offroad,,2,516 CH,100 kWh,512 km,17.7 kWh/100 km,11.5 heures,21 minutes,Oui,,,,Pneumatique | Porsche Active Suspension Management (PASM),,84 L,,,Étriers rouges,,,,,,FCW,,,,,,,,,,,,,,,,,,,,,,,,,,,,,,,,,,,,,,,,Oui,Oui,Carbone,,
Porsche,Porsche Macan Electric,https://www.automobile.tn/fr/neuf/porsche/macan-electric,Macan Turbo,https://www.automobile.tn/fr/neuf/porsche/macan-electric/100-kwh-turbo,438 000 DT,En pré-commande,SUV,2 ans | Batterie garantie 8 ans ou 160.000 KM,5,5,,Electrique,N.C,584 CH,1130 nm 0 tr/min,,Automatique,,Intégrale,4784 mm,1938 mm,1621 mm,480 L,3.3 s,260 KM/H,,,,Oui,Frontaux | Latéraux | Centraux,,Oui,Oui,Système anti-collision avec détection des piétons,TPMS,Oui,Radar de recul | Radar avant | Caméra de recul | Parkassist,Servotronic,,Adaptatif (ACC),,Pare-chocs | Poignées de portes | Rétroviseurs,Feux de jour | Avant | Arrières,"En aluminium | 22""",,Matrix LED,14 haut-parleurs | Burmester Surround | Radio numérique DAB,Android Auto | Apple Carplay | Bluetooth | Commande vocale | Chargeur de téléphone sans fil,Tactile | 10.9 pouces,Avant,,Pack Carbone,,Cuir étendu,Électriques | 18 directions | Chauffants | Ventilés | Fonction mémoire | Sport | Confort,Conducteur et passager,Oui,Lunette et vitres arrières sur-teintées | Acoustiques | Athermiques,Cuir | Multi-fonctions | Sport,En hauteur et en profondeur,Démarrage mains libres,Automatique | 4 zones | Ventilation arrière,À distance,Oui,,Anti-éblouissement,Électriques | Rabattables | Dégivrants | Photosensibles | Mémoire de position,Avant/Arrière,2026-02-08 17:49:30.965410,Oui,,,Réalité augmentée,Ouvrant | Panoramique,,1288 L,Oui,Oui,Triangle de présignalisation,,,Noir Mat,Oui,,LED,Aluminium | Eclairés,Oui,Éléctrique,12.6 pouces,,,Métallisée,Race-Tex,Oui,Acier inoxydable brossé,Ouverture et fermeture motorisées,,,,,Normal | Sport | Sport Plus | Offroad,,2,639 CH,100 kWh,518 km,18.9 kWh/100 km,11.5 heures,21 minutes,Oui,,Avec réalité augmentée,,Pneumatique | Porsche Active Suspension Management (PASM),,84 L,,,Étriers rouges,,,,,,FCW,,,,,,,,,,,,,,Oui,,,Déclenchement électrique,,,,,,,,,,,,,,,,,,,,,,,Oui,Oui,Carbone,,
Porsche,Porsche Cayenne E-Hybrid,https://www.automobile.tn/fr/neuf/porsche/cayenne-e-hybrid,Cayenne E-Hybrid Black Edition,https://www.automobile.tn/fr/neuf/porsche/cayenne-e-hybrid/3.0-l-v6-pdk-black-edition,395 000 DT,En pré-commande,SUV,2 ans | Batterie garantie 8 ans ou 160.000 KM,5,5,6,Essence | Hybride rechargeable,N.C. CV,470 CH,650 nm 1400 tr/min,2995 CM³,Automatique,8,Intégrale,4930 mm,1983 mm,1676 mm,545 L,4.9 s,254 KM/H,,,1.9 L/100 km,Oui,Frontaux | Latéraux | Rideaux,,Oui,Oui,ABD,Oui,Oui,Radar de recul | Radar avant | Système de caméras 360 | Parkassist | Caméra panoramique 3D,Servotronic Plus,,Oui,,Pare-chocs | Poignées de portes | Rétroviseurs,Feux de jour | Avant | Arrières,"En aluminium | 22""",,HD Matrix LED,Haut-parleurs Bose | Commandes au volant,USB-C | Android Auto | Apple Carplay | Bluetooth | Chargeur de téléphone sans fil,Tactile | 12.3 pouces,Avant,,,,Cuir | Bi-ton,Électriques | Chauffants | Réglage lombaire | Fonction mémoire | Écusson Porsche sur les appuie-tête avant,Conducteur et passager,Oui,Parebrise athermique | Lunette et vitres arrières sur-teintées,Chauffant | Multi-fonctions | Sport | Réglage électrique | Avec palettes,En hauteur et en profondeur,Démarrage mains libres,Automatique | 4 zones | Purificateur d'air,À distance,Oui,Oui,Anti-éblouissement,Électriques | Rabattables | Dégivrants | Photosensibles | Mémoire de position | Éclairage d'accueil à LED,Avant/Arrière,2026-02-08 17:49:33.570747,LCA,Oui,Sport | Bronze Foncé,Boussole,Ouvrant | Panoramique,Accès mains libres,1563 L,Oui,Oui,,Oui,,,,Oui,Oui,Aluminium | Eclairés,Oui,Éléctrique,Porsche Advanced Cockpit | 12.6 pouces,,SportDesign,Métallisée,,,,Ouverture et fermeture motorisées | Ouverture mains libres,,44 g/km,,,Normal | Confort | Sport,,,,25.9 kWh,66 km,,2.7 heures,,10.9,,,Soft close,Pneumatique | Porsche Active Suspension Management (PASM),,,Oui,,Étriers noirs,,,,,,,,,,,,,,304 CH,176 CH,460 nm,,,,,,,,,,,,,,,,,,,,,,,,,,,,,,Oui,Oui,,,
Porsche,Porsche Cayenne E-Hybrid,https://www.automobile.tn/fr/neuf/porsche/cayenne-e-hybrid,Cayenne S E-Hybrid,https://www.automobile.tn/fr/neuf/porsche/cayenne-e-hybrid/s,435 000 DT,En pré-commande,SUV,2 ans | Batterie garantie 8 ans ou 160.000 KM,5,5,6,Essence | Hybride rechargeable,N.C. CV,519 CH,750 nm 1400 tr/min,2995 CM³,Automatique,8,Intégrale,4930 mm,1983 mm,1678 mm,545 L,4.7 s,263 KM/H,,,2.0 L/100 km,Oui,Frontaux | Latéraux | Rideaux,,Oui,Oui,ABD,Oui,Oui,Radar de recul | Radar avant | Système de caméras 360 | Parkassist | Caméra panoramique 3D,Servotronic Plus,,Oui,,Pare-chocs | Poignées de portes | Rétroviseurs,Feux de jour | Avant | Arrières,"En aluminium | 22""",,HD Matrix LED,Haut-parleurs Bose | Commandes au volant,USB-C | Android Auto | Apple Carplay | Bluetooth | Chargeur de téléphone sans fil,Tactile | 12.3 pouces,Avant,,,,Cuir | Bi-ton,Électriques | 18 directions | Chauffants | Réglage lombaire | Fonction mémoire | Sport | Écusson Porsche sur les appuie-tête avant,Conducteur et passager,Oui,Parebrise athermique | Lunette et vitres arrières sur-teintées,Chauffant | Multi-fonctions | Sport | Réglage électrique | Avec palettes,En hauteur et en profondeur,Démarrage mains libres,Automatique | 4 zones | Purificateur d'air,À distance,Oui,Oui,Anti-éblouissement,Électriques | Rabattables | Dégivrants | Photosensibles | Mémoire de position | Éclairage d'accueil à LED,Avant/Arrière,2026-02-08 17:49:35.357796,LCA,Oui,Sport | Bronze Foncé,Boussole,Ouvrant | Panoramique,Accès mains libres,1563 L,Oui,Oui,,Oui,,,,Oui,Oui,Aluminium | Eclairés,Oui,Éléctrique,Porsche Advanced Cockpit | 12.6 pouces,,SportDesign,Métallisée,,,Acier inoxydable brossé,Ouverture et fermeture motorisées | Ouverture mains libres,,43 g/km,,,Normal | Confort | Sport,,,,25.9 kWh,66 km,,2.7 heures,,10.9,,,Soft close,Pneumatique | Porsche Active Suspension Management (PASM),,,Oui,,Étriers rouges,,,,,,,,,,,,,,353 CH,176 CH,460 nm,,,,,,,,,,,,,,,,,,,,,,,,,,,,,,Oui,Oui,,,
Porsche,Porsche Cayenne Electric,https://www.automobile.tn/fr/neuf/porsche/cayenne-electric,Cayenne,https://www.automobile.tn/fr/neuf/porsche/cayenne-electric/113-kwh,398 000 DT,En pré-commande,SUV,2 ans | Batterie garantie 8 ans ou 160.000 KM,5,5,,Electrique,N.C. CV,408 CH,835 nm 0 tr/min,,Automatique,1,Intégrale,4985 mm,1980 mm,1674 mm,781 L,4.8 s,230 KM/H,,,,Oui,Frontaux | Latéraux | Rideaux,Oui,Oui,Oui,,Oui,Oui,Système de caméras 360,Servotronic Plus,,Adaptatif (ACC),,Rétroviseurs,Feux de jour | Avant | Arrières,En aluminium | 21'',,HD Matrix LED,Haut-parleurs Bose | Commandes au volant,,Tactile | 12.5 pouces,,,,,Cuir,Électriques | Chauffants | Fonction mémoire | Écusson Porsche sur les appuie-tête avant,Conducteur et passager,Oui,Parebrise athermique | Lunette et vitres arrières sur-teintées,Multi-fonctions,En hauteur et en profondeur,Démarrage mains libres,Automatique | 4 zones | Ventilation arrière | Purificateur d'air,À distance,Oui,,Anti-éblouissement,Électriques | Rabattables,Avant/Arrière,2026-02-08 17:49:38.125088,LKA | LCA,,,Boussole,Ouvrant | Panoramique,Accès mains libres,1588 L,Oui,Oui,,,,,,,,,Oui,Éléctrique,14.25 pouces,,SportDesign,Métallisée,,,Acier inoxydable brossé,Ouverture et fermeture motorisées | Ouverture mains libres,,,,,,,2,442 CH,113 kWh,642 km,19.7 kWh/100 km,6 heures,16 minutes,14.9 pouces,,,Soft close,Pneumatique | Porsche Active Suspension Management (PASM) | Adaptative,,90 L,,,Étriers noirs,,,,,,,,,,,,,,,,,,,,,,,,22 kwh,,,,,,,,,,,,,,,,,,,,,,,,,,
Porsche,Porsche Cayenne Electric,https://www.automobile.tn/fr/neuf/porsche/cayenne-electric,Cayenne Turbo,https://www.automobile.tn/fr/neuf/porsche/cayenne-electric/turbo,568 000 DT,En pré-commande,SUV,2 ans | Batterie garantie 8 ans ou 160.000 KM,5,5,,Electrique,N.C. CV,857 CH,1500 nm 0 tr/min,,Automatique,1,Intégrale,4985 mm,1980 mm,1674 mm,747 L,2.5 s,260 KM/H,,,,Oui,Frontaux | Latéraux | Rideaux,Oui,Oui,Oui,AFU,Oui,Oui,Système de caméras 360,Servotronic Plus,,Adaptatif (ACC),,Rétroviseurs,Feux de jour | Avant | Arrières,En aluminium | 21'',,HD Matrix LED,Haut-parleurs Bose | Commandes au volant,,Tactile | 12.5 pouces,,,Pack Carbone,,Cuir | Bi-ton,Électriques | 18 directions | Chauffants | Ventilés | Fonction mémoire | Écusson Porsche sur les appuie-tête avant,Conducteur et passager,Oui,Parebrise athermique | Lunette et vitres arrières sur-teintées,Cuir | Chauffant | Multi-fonctions | Sport | Réglage électrique,En hauteur et en profondeur,Démarrage mains libres,Automatique | 4 zones | Ventilation arrière | Purificateur d'air,À distance,Oui,,Anti-éblouissement,Électriques | Rabattables,Avant/Arrière,2026-02-08 17:49:39.978918,LKA | LCA,,,Boussole,Ouvrant | Panoramique | Electrochrome,Accès mains libres,1588 L,Oui,Oui,,,,Noir Brillant,,,,,Oui,Éléctrique,14.25 pouces,,SportDesign,Métallisée,Alcantara,,Acier inoxydable brossé,Ouverture et fermeture motorisées | Ouverture mains libres,,,,,,,2,1156 CH,113 kWh,623 km,20.4 kWh/100 km,6 heures,16 minutes,14.9 pouces,,Avec réalité augmentée,Soft close,Pneumatique | Porsche Active Suspension Management (PASM) | Adaptative | Porsche Active Ride,,90 L,,,Étriers noirs,,,,,,,,,,,,,,,,,,,,,,,,22 kwh,,,,,,,,,,,,,,,,,,,,,,,,,,
Porsche,Porsche Cayenne E-Hybrid Coupé,https://www.automobile.tn/fr/neuf/porsche/cayenne-e-hybrid-coupe,Cayenne E-Hybrid Coupé Black Edition,https://www.automobile.tn/fr/neuf/porsche/cayenne-e-hybrid-coupe/3.0-l-v6-pdk-black-edition,405 000 DT,En pré-commande,SUV,2 ans | Batterie garantie 8 ans ou 160.000 KM,5,5,6,Essence | Hybride rechargeable,N.C. CV,470 CH,650 nm 1400 tr/min,2995 CM³,Automatique,8,Intégrale,4930 mm,1997 mm,1656 mm,404 L,4.9 s,254 KM/H,,,1.9 L/100 km,Oui,Frontaux | Latéraux | Rideaux,,Oui,Oui,ABD,Oui,Oui,Radar de recul | Radar avant | Système de caméras 360 | Parkassist | Caméra panoramique 3D,Servotronic Plus,,Oui,,Pare-chocs | Poignées de portes | Rétroviseurs,Feux de jour | Avant | Arrières,"En aluminium | 22""",,HD Matrix LED,Haut-parleurs Bose | Commandes au volant,USB-C | Android Auto | Apple Carplay | Bluetooth | Chargeur de téléphone sans fil,Tactile | 12.3 pouces,Avant,,,,Cuir | Bi-ton,Électriques | Chauffants | Réglage lombaire | Fonction mémoire | Écusson Porsche sur les appuie-tête avant,Conducteur et passager,Oui,Parebrise athermique | Lunette et vitres arrières sur-teintées,Chauffant | Multi-fonctions | Sport | Réglage électrique | Avec palettes,En hauteur et en profondeur,Démarrage mains libres,Automatique | 4 zones | Purificateur d'air,À distance,Oui,Oui,Anti-éblouissement,Électriques | Rabattables | Dégivrants | Photosensibles | Mémoire de position | Éclairage d'accueil à LED,Avant/Arrière,2026-02-08 17:49:42.630960,LCA,Oui,Sport,Boussole,Panoramique,Accès mains libres,1344 L,Oui,Oui,,Oui,,,,Oui,Oui,Aluminium | Eclairés,Oui,Éléctrique,Porsche Advanced Cockpit | 12.6 pouces,,SportDesign,Métallisée,,,Acier inoxydable brossé,Ouverture et fermeture motorisées | Ouverture mains libres,,44 g/km,,,Normal | Confort | Sport,,,,25.9 kWh,66 km,,2.7 heures,,10.9,,,Soft close,Pneumatique | Porsche Active Suspension Management (PASM),,,Oui,,Étriers noirs,,,,,,,,,,,,,,304 CH,176 CH,460 nm,,,,,,,,,,,,,,,,,,,,,,,,,,,,,,Oui,Oui,,,
Porsche,Porsche Cayenne E-Hybrid Coupé,https://www.automobile.tn/fr/neuf/porsche/cayenne-e-hybrid-coupe,Cayenne S E-Hybrid Coupé Black Edition,https://www.automobile.tn/fr/neuf/porsche/cayenne-e-hybrid-coupe/s-black-edition,445 000 DT,En pré-commande,SUV,2 ans | Batterie garantie 8 ans ou 160.000 KM,5,5,6,Essence | Hybride rechargeable,N.C. CV,519 CH,750 nm 1400 tr/min,2995 CM³,Automatique,8,Intégrale,4930 mm,1997 mm,1656 mm,404 L,4.7 s,263 KM/H,,,2 L/100 km,Oui,Frontaux | Latéraux | Rideaux,,Oui,Oui,ABD,Oui,Oui,Radar de recul | Radar avant | Système de caméras 360 | Parkassist | Caméra panoramique 3D,Servotronic Plus,,Oui,,Pare-chocs | Poignées de portes | Rétroviseurs,Feux de jour | Avant | Arrières,"En aluminium | 22""",,HD Matrix LED,Haut-parleurs Bose | Commandes au volant,USB-C | Android Auto | Apple Carplay | Bluetooth | Chargeur de téléphone sans fil,Tactile | 12.3 pouces,Avant,,,,Cuir,Électriques | 18 directions | Chauffants | Réglage lombaire | Fonction mémoire | Sport | Écusson Porsche sur les appuie-tête avant,Conducteur et passager,Oui,Parebrise athermique | Lunette et vitres arrières sur-teintées,Chauffant | Multi-fonctions | Sport | Réglage électrique | Avec palettes,En hauteur et en profondeur,Démarrage mains libres,Automatique | 4 zones | Purificateur d'air,À distance,Oui,Oui,Anti-éblouissement,Électriques | Rabattables | Dégivrants | Photosensibles | Mémoire de position | Éclairage d'accueil à LED,Avant/Arrière,2026-02-08 17:49:44.392664,LCA,Oui,Sport | Bronze Foncé,Boussole,Panoramique,Accès mains libres,1344 L,Oui,Oui,,Oui,,,,Oui,Oui,Aluminium | Eclairés,Oui,Éléctrique,Porsche Advanced Cockpit | 12.6 pouces,,SportDesign,Métallisée,,,Acier inoxydable brossé,Ouverture et fermeture motorisées | Ouverture mains libres,,44 g/km,,,Normal | Confort | Sport,,,,25.9 kWh,66 km,,2.7 heures,,10.9,,,Soft close,Pneumatique | Porsche Active Suspension Management (PASM),,,Oui,,Étriers rouges,,,,,,,,,,,,,,353 CH,176 CH,460 nm,,,,,,,,,,,,,,,,,,,,,,,,,,,,,,Oui,Oui,,,
Porsche,Porsche Taycan,https://www.automobile.tn/fr/neuf/porsche/taycan,Taycan,https://www.automobile.tn/fr/neuf/porsche/taycan/taycan,448 000 DT,Disponible,Berline,2 ans | Batterie garantie 8 ans ou 160.000 KM,5,4,,Electrique,9 CV,408 CH,410 nm 0 tr/min,,Automatique,2,Propulsion,4963 mm,1966 mm,1379 mm,407 L,4.8 s,230 KM/H,,,,Oui,Frontaux | Latéraux | Rideaux | Genoux,,ASR | PSM,Oui,Système anti-collision avec détection des piétons,TPMS,Oui,Radar de recul | Radar avant | Parkassist | Caméra panoramique 3D,Oui,,Oui,,Pare-chocs | Poignées de portes | Rétroviseurs,Feux de jour | Avant | Arrières,En aluminium | 21'' | Noires,,Matrix LED,Haut-parleurs Bose | Commandes au volant,USB-C | Apple Carplay | Bluetooth | Commande vocale | Chargeur de téléphone sans fil,Tactile | 10.9 pouces,Avant | Arrière,,,,Cuir,Électriques | 18 directions | Chauffants | Réglage lombaire | Sport,Conducteur et passager,Oui,Lunette et vitres arrières sur-teintées,Cuir | Multi-fonctions,En hauteur et en profondeur,,Automatique | Bizone,À distance,Oui,Oui,Anti-éblouissement,Électriques | Rabattables | Dégivrants | Photosensibles | Éclairage d'accueil à LED,Avant/Arrière,2026-02-08 17:49:46.870407,Oui,,,,Panoramique,,,Oui,Oui,,Oui,Oui,Noir Brillant,Oui,,Oui,Aluminium | Eclairés,Oui,Éléctrique,16.8 pouces | Ecran incurvé,,SportDesign,Métallisée,,,Aluminium,,,,,,Normal | Confort | Sport,,1,,89 kWh,503 km,19.7 kWh/100 km,11.5 heures,18 minutes,Oui,,,,Pneumatique | Porsche Active Suspension Management (PASM),,84 L,,,,,,,,,FCW,,,,,,,,,,,,,,,,,,,,,,,,,,,,,,,,,,,,,,,,,Oui,,,
Porsche,Porsche Taycan,https://www.automobile.tn/fr/neuf/porsche/taycan,Taycan 4S,https://www.automobile.tn/fr/neuf/porsche/taycan/taycan-4s,519 000 DT,Disponible,Berline,2 ans | Batterie garantie 8 ans ou 160.000 KM,5,4,,Electrique,12 CV,517 CH,710 nm 0 tr/min,,Automatique,2,Intégrale,4963 mm,1966 mm,1379 mm,407 L,3.7 s,250 KM/H,,,,Oui,Frontaux | Latéraux | Rideaux | Genoux,,ASR | PSM,Oui,Système anti-collision avec détection des piétons,TPMS,Oui,Radar de recul | Radar avant | Parkassist | Caméra panoramique 3D,Oui,,Oui,,Pare-chocs | Poignées de portes | Rétroviseurs,Feux de jour | Avant | Arrières,En aluminium | 21'' | Noires,,Matrix LED,Haut-parleurs Bose | Commandes au volant,USB-C | Apple Carplay | Bluetooth | Commande vocale | Chargeur de téléphone sans fil,Tactile | 10.9 pouces,Avant | Arrière,,,,Cuir,Électriques | 18 directions | Chauffants | Réglage lombaire | Sport,Conducteur et passager,Oui,Lunette et vitres arrières sur-teintées,Cuir | Multi-fonctions,En hauteur et en profondeur,,Automatique | Bizone,À distance,Oui,Oui,Anti-éblouissement,Électriques | Rabattables | Dégivrants | Photosensibles | Éclairage d'accueil à LED,Avant/Arrière,2026-02-08 17:49:48.659861,Oui,,,,Panoramique,,,Oui,Oui,,Oui,Oui,Noir Brillant,Oui,,Oui,Aluminium | Eclairés,Oui,Éléctrique,16.8 pouces | Ecran incurvé,,SportDesign,Métallisée,,,Aluminium,,,,,,Normal | Confort | Sport,,2,598 CH,105 kWh,549 km,20.7 kWh/100 km,13 heures,18 minutes,Oui,,,,Pneumatique | Porsche Active Suspension Management (PASM),,84 L,,,Étriers noirs,PTV Plus,,,,,FCW,,,,,,,,,,,,,,,,,,,,,,,,,,,,,,,,,,,,,,,,,Oui,,,
Porsche,Porsche Taycan Cross Turismo,https://www.automobile.tn/fr/neuf/porsche/taycan-cross-turismo/4-2025,Porsche Taycan Cross Turismo,https://www.automobile.tn/fr/neuf/porsche/taycan-cross-turismo/4-2025,,Disponible,Berline,2 ans | Batterie garantie 8 ans ou 160.000 KM,5,5,,Electrique,12 CV,435 CH,610 nm 0 tr/min,,Automatique,2,Intégrale,4974 mm,1967 mm,1409 mm,446 L,4.7 s,220 KM/H,,,,Oui,Frontaux | Latéraux | Rideaux | Genoux,,ASR | PSM,Oui,Système anti-collision avec détection des piétons,TPMS,Oui,Radar de recul | Radar avant | Parkassist | Caméra panoramique 3D,Oui,,Oui,,Pare-chocs | Poignées de portes | Rétroviseurs,Feux de jour | Avant | Arrières,En aluminium | 21'' | Noires,,Matrix LED,Haut-parleurs Bose | Commandes au volant,USB-C | Apple Carplay | Bluetooth | Commande vocale | Chargeur de téléphone sans fil,Tactile | 10.9 pouces,Avant | Arrière,,Noir brillant,,Cuir,Électriques | 14 directions | Réglage lombaire | Confort,Conducteur et passager,Oui,Lunette et vitres arrières sur-teintées,Cuir | Multi-fonctions,En hauteur et en profondeur,,Automatique | Bizone,À distance,Oui,Oui,Anti-éblouissement,Électriques | Rabattables | Dégivrants | Photosensibles | Éclairage d'accueil à LED,Avant/Arrière,2026-02-08 17:49:51.228402,Oui,,,,Panoramique,,1212 L,Oui,Oui,,Oui,Oui,Noir Brillant,Oui,,Oui,Aluminium | Eclairés,Oui,Éléctrique,16.8 pouces | Ecran incurvé,,SportDesign,Métallisée,,,Aluminium,,,,,,Normal | Confort | Sport,,2,,105 kWh,517 km,22 kWh/100 km,11 heures,18 minutes,Oui,,,Soft close,Pneumatique | Porsche Active Suspension Management (PASM),,84 L,,,,PTV Plus,,,,,FCW,,,,,,,,,,,,,,,,,,,,,,,,,,,,,,,,,,,,,,,,,Oui,,,
Porsche,Porsche Panamera 4 E-Hybrid,https://www.automobile.tn/fr/neuf/porsche/panamera-4-e-hybrid/v6,Porsche Panamera 4 E-Hybrid,https://www.automobile.tn/fr/neuf/porsche/panamera-4-e-hybrid/v6,,En pré-commande,Berline,2 ans | Batterie garantie 8 ans ou 160.000 KM,5,5,6,Essence | Hybride rechargeable,N.C,470 CH,650 nm 2000 tr/min,2894 CM³,Automatique,8,Intégrale,5052 mm,1937 mm,1419 mm,430 L,4.1 s,280 KM/H,,,1.8 L/100 km,Oui,Frontaux | Latéraux | Rideaux | Genoux,,Oui,Oui,ABD,Oui,Oui,Radar de recul | Radar avant | Système de caméras 360 | Parkassist | Caméra panoramique 3D,Servotronic,,Oui,,Oui,Feux de jour | Avant | Arrières,En aluminium | 20'',Oui,HD Matrix LED,Haut-parleurs Bose | Commandes au volant,Android Auto | Apple Carplay | Bluetooth,Tactile | 12.3 pouces,Avant,,,,Cuir,Électriques | 14 directions | Chauffants | Ventilés | Réglage lombaire | Fonction mémoire,Conducteur et passager,Oui,Sur-teintées,Cuir | Chauffant | Multi-fonctions | Avec palettes,En hauteur et en profondeur,Démarrage mains libres,Automatique | 4 zones,À distance,Oui,Oui,Anti-éblouissement,Électriques | Rabattables | Dégivrants | Photosensibles | Mémoire de position,Avant/Arrière,2026-02-08 17:49:53.844899,LCA,,,,Ouvrant | Panoramique,Accès mains libres,1264 L,,Oui,,Oui,,,,,Oui,Aluminium | Eclairés,Oui,Éléctrique,12.3 pouces | Porsche Advanced Cockpit,,,,,Oui,Aluminium,Ouverture et fermeture motorisées,,40 g/km,,,Normal | Confort | Sport,,,,25.9 kWh,54 km,,2.7 heures,,10.9,,,,Pneumatique | Porsche Active Suspension Management (PASM) | Porsche Active Ride,,,,,,,,,,,,,,,,,,,304 CH,190 CH,450 nm,,,,,,,,,,,,,,,,,,,,,,,Déploiement automatique,,,,,,,,Oui,,,
Porsche,Porsche 911,https://www.automobile.tn/fr/neuf/porsche/911/carrera-2024,Porsche 911,https://www.automobile.tn/fr/neuf/porsche/911/carrera-2024,,En pré-commande,Coupé,2 ans,4,2,6,Essence,26 CV,385 CH,450 nm 1950 tr/min,2981 CM³,Automatique,8,Propulsion,4519 mm,1852 mm,1298 mm,132 L,4 s,293 KM/H,12.9 L/100 km,7.4 L/100 km,9.4 L/100 km,Oui,Frontaux | Latéraux | Rideaux,,ASR | PSM,Oui,ABD,Oui,Oui,Radar de recul | Radar avant | Caméra de recul,Servotronic,,Adaptatif (ACC),,Pare-chocs | Poignées de portes | Rétroviseurs,Feux de jour | Avant | Arrières,En aluminium | 20'' | 21'' | Noires,Oui,Full LED | Porsche Dynamic Light System Plus,8 haut-parleurs,Apple Carplay | Bluetooth | Wifi | Porsche Communication Management (PCM),Oui,Avant,,,Cuir,Cuir,Électriques | 4 directions | Sport,Conducteur et passager,Oui,Teintées | Parebrise athermique | Lunette et vitres arrières sur-teintées,Cuir | Chauffant | Sport | Carbone,En hauteur et en profondeur,,Automatique | Bizone,À distance,Oui,Oui,Anti-éblouissement,Électriques | Rabattables | Dégivrants | Photosensibles | Éclairage d'accueil à LED,Avant,2026-02-08 17:49:56.434052,,,Sport | Noires,GPS,Ouvrant | En verre,Accès mains libres,,Porsche Vehicle Tracking System (PVTS),Oui,,Oui,,Noir Brillant,,,,Acier inoxydable,Oui,Éléctrique,,,SportDesign,,Alcantara,Oui,,,,215 g/km,,,Normal | Confort | Sport,,,,,,,,,,,,,Porsche Active Suspension Management (PASM),,,,,,,,,,,,,Oui,,,,,,,,,,,,,,,,,,,,,,,,,,,,,,,Déploiement automatique,,,,,,,,Oui,,,
Renault,Renault Kwid Populaire,https://www.automobile.tn/fr/neuf/renault/kwid/1.0-l-2025,Renault Kwid Populaire,https://www.automobile.tn/fr/neuf/renault/kwid/1.0-l-2025,,Sous réserve d'acceptation du dossier par le ministère du commerce | Sur arrivage,SUV,2 ans,5,5,3,Essence,4 CV,64 CH,92 nm 4250 tr/min,999 CM³,Manuelle,5,Traction,3680 mm,1579 mm,1474 mm,290 L,15.5 s,150 KM/H,,,4.7 L/100 km,Oui,Frontaux | Latéraux,,,Oui,,Oui,,,Oui,,,Oui,Pare-chocs | Rétroviseurs,Feux de jour,14'',,,Oui,USB | AUX | Bluetooth,Oui,,3,,,Tissu,,,,,,,,Manuelle,À distance,Oui,,,,Avant,2026-02-08 17:49:59.963987,,,,,,,,,,,,,,,,,,,,,,,,,,,,,,,,,,,,,,,,,,,,,,,,,,,,,,,,,,,,,,,,,,,,,,,,,,,,,,,Oui,,,,,,,,,,,,,,,,,,,,,
Renault,Renault Clio,https://www.automobile.tn/fr/neuf/renault/clio,1.0 L TCe 100 BVM,https://www.automobile.tn/fr/neuf/renault/clio/1.0-l-tce-100-bvm,66 950 DT,Disponible,Citadine,2 ans ou 100.000 km,5,5,3,Essence,6 CV,100 CH,160 nm 2000 tr/min,1000 CM³,Manuelle,5,Traction,4053 mm,1798 mm,1439 mm,391 L,11.8 s,160 KM/H,7.7 L/100 km,4.6 L/100 km,5.7 L/100 km,Oui,Frontaux | Latéraux,,ESP,Oui,,Oui,Oui,Radar de recul,Oui,,Oui,,Poignées de portes,Feux de jour | Avant,16'',,Full LED,Commandes au volant,2 USB | Android Auto | Apple Carplay | AUX | Bluetooth,Tactile | 7 pouces,,3,,,Tissu,,,Oui,Lunette et vitres arrières sur-teintées,Multi-fonctions,En hauteur et en profondeur,,Manuelle,À distance,Oui,,,Électriques,Avant/Arrière,2026-02-08 17:50:02.563170,,,Chromées,,,,1069 L,,Oui,,,,Chrome,,,,,Oui,,7 pouces,,,,,,,Ouverture à distance,Chromée,,,1 prise 12 V,Normal | Eco,,,,,,,,,,,,,,,,,,,,,,,,,,,,,,,,,,,,,,,,,,,,,,,,,,,,,,,,,,,,,,,,,,,,
Renault,Renault Clio,https://www.automobile.tn/fr/neuf/renault/clio,1.0 L TCe 100 BVA,https://www.automobile.tn/fr/neuf/renault/clio/1.0-l-tce-100-bva,82 400 DT,Sur arrivage,Citadine,2 ans ou 100.000 km,5,5,3,Essence,6 CV,100 CH,160 nm 2000 tr/min,1000 CM³,Automatique,,Traction,4053 mm,1798 mm,1439 mm,391 L,11.8 s,160 KM/H,7.7 L/100 km,4.6 L/100 km,5.7 L/100 km,Oui,Frontaux | Latéraux,,ESP,Oui,,Oui,Oui,Radar de recul | Radar avant,Oui,,Oui,,Poignées de portes,Feux de jour | Avant,17'',,Full LED,Commandes au volant,2 USB | Android Auto | Apple Carplay | AUX | Bluetooth,Tactile | 7 pouces,Avant,3,,,Tissu,,,Oui,Lunette et vitres arrières sur-teintées,Cuir | Multi-fonctions,En hauteur et en profondeur,,Automatique,À distance,Oui,,,Électriques,Avant/Arrière,2026-02-08 17:50:04.368993,,,Chromées,GPS,,,1069 L,,Oui,,,,Chrome,,,Oui,,Oui,Éléctrique,7 pouces,,,,,,,Ouverture à distance,Chromée,,,1 prise 12 V,Normal | Sport | Eco,,,,,,,,,,,,,,,,,,,,,,,,,,,,,,,,,,,,TSR,,,,,,,,,,,,,,,,,,,,,,,,,,,,,,,,
Renault,Renault Clio,https://www.automobile.tn/fr/neuf/renault/clio,1.0 L TCe 100 Esprit Alpine BVA,https://www.automobile.tn/fr/neuf/renault/clio/1.0-l-tce-100-bva-esprit-alpine,82 500 DT,Sur arrivage,Citadine,2 ans ou 100.000 km,5,5,3,Essence,6 CV,100 CH,160 nm 2000 tr/min,1000 CM³,Automatique,,Traction,4053 mm,1798 mm,1439 mm,391 L,11.8 s,160 KM/H,7.7 L/100 km,4.6 L/100 km,5.7 L/100 km,Oui,Frontaux | Latéraux,,ESP,Oui,,Oui,Oui,Radar de recul | Radar avant | Caméra de recul,Oui,,Oui,,Poignées de portes,Feux de jour | Avant,17'',,Full LED,Commandes au volant,2 USB | Android Auto | Apple Carplay | AUX | Bluetooth,Tactile | 7 pouces,Avant,3,,,Cuir | Surpiqures,Sport,,Oui,Lunette et vitres arrières sur-teintées,Cuir | Multi-fonctions | Sport,En hauteur et en profondeur,,Automatique,À distance,Oui,,,Électriques,Avant/Arrière,2026-02-08 17:50:06.127955,Oui,,Chromées,GPS,,,1069 L,,Oui,,Oui,,Chrome,,,Oui,,Oui,Éléctrique,7 pouces,,,,,,,Ouverture à distance,Chromée,,,1 prise 12 V,Normal | Sport | Eco,,,,,,,,,,,,,,,,,,,,,,,,,,,,,,,,,,,,TSR,,,,,,,,,,,,,,,,,,,,,,,,,,,,,,,,
Renault,Renault Megane,https://www.automobile.tn/fr/neuf/renault/megane/1.3-l-tce-140,Renault Megane,https://www.automobile.tn/fr/neuf/renault/megane/1.3-l-tce-140,,Disponible,Compacte,2 ans ou 100.000 km,5,5,4,Essence,8 CV,140 CH,260 nm 1750 tr/min,1332 CM³,Manuelle,6,Traction,4359 mm,1814 mm,1438 mm,402 L,8.2 s,205 KM/H,7.2 L/100 km,5.6 L/100 km,4.9 L/100 km,Oui,Frontaux | Latéraux | Rideaux,,ESP,Oui,AFU,Oui,Oui,Radar de recul | Radar avant | Caméra de recul,Oui,Oui,Oui,Oui,Oui,Avant | Arrières,En aluminium | 16'',,,8 haut-parleurs | Commandes au volant | R-Link 2,2 USB | Bluetooth | Commande vocale,Tactile | 7 pouces,Avant | Arrière,3,Aluminium brossé,Cuir,Similicuir | Velours,Réglage lombaire,Conducteur,Oui,Teintées,Cuir | Multi-fonctions,En hauteur et en profondeur,Démarrage mains libres,Automatique | Bizone,À distance,Oui,Oui,,Électriques | Rabattables | Dégivrants | Éclairage d'accueil à LED,Avant/Arrière,2026-02-08 17:50:08.662639,,,,GPS | Cartographie Tunisienne,,,,,,,Oui,,,,,LED,,Oui,Éléctrique,Oui,,,,,,,,Noire,129 g/km,,,Normal | Confort | Sport | Eco,,,,,,,,,,,,,,,,,,,,,,,,,,,,,,,,,,,,,,,,,,,,,,,,,,,,,,,,,,,,,,,,,,,Oui,
Renault,Renault Megane Sedan,https://www.automobile.tn/fr/neuf/renault/megane-sedan,1.3 L TCE 140,https://www.automobile.tn/fr/neuf/renault/megane-sedan/1.3-l-tce-140,101 650 DT,Disponible,Berline,2 ans ou 100.000 km,5,4,4,Essence,8 CV,140 CH,260 nm 1750 tr/min,1332 CM³,Manuelle,6,Traction,4630 mm,1814 mm,1434 mm,503 L,8.2 s,205 KM/H,7.7 L/100 km,5.4 L/100 km,6.2 L/100 km,Oui,Frontaux | Latéraux,,ESP,Oui,AFU,Oui,Oui,Radar de recul | Radar avant,Oui,,Oui,Oui,Oui,Avant | Arrières,En aluminium | 16'',,,8 haut-parleurs | Commandes au volant,USB | Bluetooth | Commande vocale,Tactile,Avant,3,Aluminium brossé,Cuir,Tissu,Réglage lombaire,Conducteur,Oui,Teintées,Cuir | 3 branches | Multi-fonctions,En hauteur et en profondeur,Démarrage mains libres,Automatique,À distance,Oui,Oui,,Électriques | Dégivrants | Éclairage d'accueil à LED,Avant/Arrière,2026-02-08 17:50:11.218312,,,,GPS | Cartographie Tunisienne,,,,,Oui,,Oui,,,,,LED | 5 Couleurs,,Oui,Éléctrique,Oui,,,,,,,,,141 g/km,,,Normal | Confort | Sport | Eco,,,,,,,,,,,,,,,,,,,,,,,,,,,,,,,,,,,,,,,,,,,,,,,,,,,,,,,,,,,,,,,,,,,Oui,
Renault,Renault Megane Sedan,https://www.automobile.tn/fr/neuf/renault/megane-sedan,1.3 L TCE 140 BVA,https://www.automobile.tn/fr/neuf/renault/megane-sedan/1.3-l-tce-140-bva,109 950 DT,Disponible,Berline,2 ans ou 100.000 km,5,4,4,Essence,8 CV,140 CH,240 nm 1750 tr/min,1332 CM³,Automatique,7,Traction,4630 mm,1814 mm,1434 mm,503 L,8.8 s,212 KM/H,6.4 L/100 km,5.4 L/100 km,6.2 L/100 km,Oui,Frontaux | Latéraux,,ESP,Oui,AFU,Oui,Oui,Radar de recul | Radar avant,Oui,,Oui,Oui,Oui,Avant | Arrières,En aluminium | 16'',,,8 haut-parleurs | Commandes au volant,USB | Bluetooth | Commande vocale,Tactile,Avant,3,Aluminium brossé,Cuir,Tissu,Réglage lombaire,Conducteur,Oui,Teintées,Cuir | 3 branches | Multi-fonctions,En hauteur et en profondeur,Démarrage mains libres,Automatique,À distance,Oui,Oui,,Électriques | Dégivrants | Éclairage d'accueil à LED,Avant/Arrière,2026-02-08 17:50:12.941173,,,,GPS | Cartographie Tunisienne,,,,,Oui,,Oui,,,,,LED | 5 Couleurs,,Oui,Éléctrique,Oui,,,,,,,,,134 g/km,,,Normal | Confort | Sport | Eco,,,,,,,,,,,,,,,,,,,,,,,,,,,,,,,,,,,,,,,,,,,,,,,,,,,,,,,,,,,,,,,,,,,Oui,
Renault,Renault Austral,https://www.automobile.tn/fr/neuf/renault/austral/1.3-l,Renault Austral,https://www.automobile.tn/fr/neuf/renault/austral/1.3-l,,Disponible,SUV,2 ans ou 100.000 km,5,5,4,Essence,8 CV,150 CH,250 nm 2800 tr/min,1332 CM³,Automatique,7,Traction,4505 mm,1830 mm,1620 mm,575 L,8.9 s,199 KM/H,7.5 L/100 km,5.3 L/100 km,6.1 L/100 km,Oui,Frontaux | Latéraux | Rideaux,,Oui,Oui,,Oui,Oui,Radar de recul | Radar avant | Caméra de recul,Oui,Oui,Oui,,Oui,Feux de jour | Avant | Arrières,En aluminium | 19'',,Full LED,Oui,USB | USB-C | Android Auto | Apple Carplay | Bluetooth,Tactile | 9 pouces,Avant | Arrière,3,,,Similicuir/Tissu,,Conducteur et passager,Oui,Lunette et vitres arrières sur-teintées,Cuir | Multi-fonctions | Avec palettes,En hauteur et en profondeur,,Automatique | Bizone,À distance,Oui,Oui,Anti-éblouissement,Électriques | Rabattables | Dégivrants,Avant/Arrière,2026-02-08 17:50:15.747579,Oui,,,,Panoramique,,,,Oui,,Oui,,Chrome,,,LED,,Oui,Éléctrique,12 pouces,,,Métallisée,,,,,Chromée,,,,Confort | Sport | Eco | Perso,,,,,,,,,,,,,,,,Oui,,,,,,,,,,,,,,,,,,,,,,,,,,,,,,,,,,,,,,,,,,,,,,,,,,,,
Renault,Renault Express Van,https://www.automobile.tn/fr/neuf/renault/express-van/diesel,Renault Express Van,https://www.automobile.tn/fr/neuf/renault/express-van/diesel,,Disponible,Utilitaire,2 ans ou 100.000 km,2,4 | 1 porte latérale coulissante | 2 portes arrières battantes tolées,4,Diesel,5 CV,95 CH,240 nm 1750 tr/min,1461 CM³,Manuelle,6,Traction,4363 mm,1751 mm,1842 mm,,13 s,163 KM/H,,,6.1 L/100 km,Oui,Frontaux,,,Oui,AFU,,,,Oui,,,,,Feux de jour,15'',,,Commandes sous le volant,USB | Bluetooth,,,,,,Tissu,,,Tapis de coffre PVC,,,,,Manuelle,À distance,Oui,,,Électriques,Avant,2026-02-08 17:50:18.453656,,,,,,,,,,,,,,,,,,,,,,,,,Oui,,,,,,1 prise 12 V,,,,,,,,,,,,,,,,,,,,,,750 KG,3.3 m³,,,,,,,,,,,,,,,,,,,,,,,,,,,,,,,,,,,,,,,,,,,,,,
Renault,Renault Express Combi,https://www.automobile.tn/fr/neuf/renault/express-combi/1.5-l-dci,Renault Express Combi,https://www.automobile.tn/fr/neuf/renault/express-combi/1.5-l-dci,,Disponible,Monospace,2 ans ou 100.000 km,5,5 | 2 portes latérales coulissantes,4,Diesel,5 CV,95 CH,240 nm 1750 tr/min,1461 CM³,Manuelle,6,Traction,4394 mm,1751 mm,1842 mm,800 L,13 s,163 KM/H,,,6.1 L/100 km,Oui,Frontaux,,,Oui,AFU,,,,Oui,,Oui,,,Feux de jour,15'',,,Commandes sous le volant,USB | Bluetooth,,,,,,Tissu,,,Oui,,,,,Manuelle,À distance,Oui,,,Électriques | Avec clignotants intégrés,Avant,2026-02-08 17:50:21.158324,,,,,,,,,,,,,,,,,,,,,,,,,Oui,,,Chromée,,,1 prise 12 V,,,,,,,,,,,,,,,,,Oui,,,,,,,,,,,,,,,,,,,,,,,,,,,,,,,,,,,,,,,,,,,,,,,,,,,,
Renault,Renault Master,https://www.automobile.tn/fr/neuf/renault/master,2.3 L 8m3,https://www.automobile.tn/fr/neuf/renault/master/2.3-l-8-m3,84 900 DT,,Utilitaire,2 ans ou 100.000 km,3,2 | 1 porte latérale coulissante | 2 portes arrières battantes tolées,4,Diesel,8 CV,125 CH,310 nm 1250 tr/min,2298 CM³,Manuelle,6,Traction,5048 mm,2070 mm,2287 mm,,9.7 s,196 KM/H,9.1 L/100 km,7.1 L/100 km,7.8 L/100 km,Oui,Frontal conducteur,,,Oui,AFU,,,,Oui,,,,,,,,,,,,,,,,Tissu,,,,Teintées,,,,Manuelle,,,,,,Avant,2026-02-08 17:50:23.676882,,,,,,,,,,,,,,,,,,,,,,,,,,,,,,Oui,,,,,,,,,,,,,,,,,,,,,,,,8 m³,,,,,,,,,,,,,,,,,,,,,,,,,,,,,,,,,,,,,,,,,,,,,,
Renault,Renault Master,https://www.automobile.tn/fr/neuf/renault/master,2.3 L 10.8 m3,https://www.automobile.tn/fr/neuf/renault/master/2.3-l-10.8-m3,87 950 DT,,Utilitaire,2 ans ou 100.000 km,3,2 | 1 porte latérale coulissante | 2 portes arrières battantes tolées,4,Diesel,8 CV,125 CH,310 nm 1250 tr/min,2298 CM³,Manuelle,6,Traction,5548 mm,2070 mm,2287 mm,,9.7 s,196 KM/H,9.1 L/100 km,7.1 L/100 km,7.8 L/100 km,Oui,Frontal conducteur,,,Oui,AFU,,,,Oui,,,,,,,,,,,,,,,,Tissu,,,,Teintées,,,,Manuelle,,,,,,Avant,2026-02-08 17:50:25.476862,,,,,,,,,,,,,,,,,,,,,,,,,,,,,,Oui,,,,,,,,,,,,,,,,,,,,,,,,10.8 m³,,,,,,,,,,,,,,,,,,,,,,,,,,,,,,,,,,,,,,,,,,,,,,
Renault,Renault Master,https://www.automobile.tn/fr/neuf/renault/master,2.3 L 13 m3,https://www.automobile.tn/fr/neuf/renault/master/2.3-l-13-m3,89 950 DT,,Utilitaire,2 ans ou 100.000 km,3,2 | 1 porte latérale coulissante | 2 portes arrières battantes tolées,4,Diesel,8 CV,125 CH,310 nm 1250 tr/min,2298 CM³,Manuelle,6,Traction,6198 mm,2070 mm,2475 mm,,9.7 s,196 KM/H,9.1 L/100 km,7.1 L/100 km,7.8 L/100 km,Oui,Frontal conducteur,,,Oui,AFU,,,,Oui,,,,,,,,,,,,,,,,Tissu,,,,Teintées,,,,Manuelle,,,,,,Avant,2026-02-08 17:50:27.248413,,,,,,,,,,,,,,,,,,,,,,,,,,,,,,Oui,,,,,,,,,,,,,,,,,,,,,,,,13 m³,,,,,,,,,,,,,,,,,,,,,,,,,,,,,,,,,,,,,,,,,,,,,,
Seat,Seat Ibiza,https://www.automobile.tn/fr/neuf/seat/ibiza,1.0 L MPI Reference,https://www.automobile.tn/fr/neuf/seat/ibiza/1.0-l-mpi,64 980 DT,En pré-commande,Citadine,3 ans,5,5,3,Essence,4 CV,80 CH,93 nm 3700 tr/min,999 CM³,Manuelle,5,Traction,4059 mm,1780 mm,1447 mm,355 L,14.7 s,170 KM/H,,,5.3 L/100 km,Oui,Frontaux | Latéraux | Protège-tête,,ESP,Oui,,Oui,Oui,Radar de recul,Oui,Oui,Oui,Oui,,Avant,En aluminium | 15'',,LED,Commandes au volant,USB-C,Tactile | 8.25 pouces,,,,,Tissu,,Conducteur,Oui,,Multi-fonctions,En hauteur et en profondeur,,Manuelle,À distance,Oui,Oui,,Électriques,Avant/Arrière,2026-02-08 17:50:30.928960,,,,,,,,,Oui,,Oui,Oui,,Oui,,,,Oui,,Oui,,,,,,,,,,,,,,,,,,,,,,,,,,,,,,,,,,,,,,,,,,,,,,,,,,,,,,,,,,,,,,,,,,,,,,,,,,,,,,,,
Seat,Seat Ibiza,https://www.automobile.tn/fr/neuf/seat/ibiza,1.0 L MPI Style,https://www.automobile.tn/fr/neuf/seat/ibiza/1.0-l-mpi-style,69 980 DT,En pré-commande,Citadine,3 ans,5,5,3,Essence,4 CV,80 CH,93 nm 3700 tr/min,999 CM³,Manuelle,5,Traction,4059 mm,1780 mm,1447 mm,355 L,14.7 s,170 KM/H,,,5.3 L/100 km,Oui,Frontaux | Latéraux | Protège-tête,,ESP,Oui,,Oui,Oui,Radar de recul | Radar avant,Oui,Oui,Oui,Oui,,Avant | Arrières,En aluminium | 16'',,LED,Commandes au volant,USB-C | Android Auto | Apple Carplay | Bluetooth,Tactile | 8.25 pouces,Avant,,,Cuir,Tissu,,Conducteur et passager,Oui,,Cuir | Multi-fonctions | Sport,En hauteur et en profondeur,,Automatique,À distance,Oui,Oui,Anti-éblouissement,Électriques | Rabattables | Dégivrants,Avant/Arrière,2026-02-08 17:50:32.750173,,,,,,,,,Oui,,Oui,Oui,,Oui,,,,Oui,,Oui,,,,,,,,,,,,,,,,,,,,,,,,,,,,,,,,,,,,,,,,,,,,,,,,,,,,,,,,,,,,,,,,,,,,,,,,,,,,,,,,
Seat,Seat Ibiza,https://www.automobile.tn/fr/neuf/seat/ibiza,1.0 L TSI Reference BVA,https://www.automobile.tn/fr/neuf/seat/ibiza/1.0-l-tsi-bva-reference,74 980 DT,En pré-commande,Citadine,3 ans,5,5,3,Essence,6 CV,115 CH,200 nm 2000 tr/min,999 CM³,Automatique,7,Traction,4059 mm,1780 mm,1447 mm,355 L,9.4 s,195 KM/H,7 L/100 km,5.1 L/100 km,5.8 L/100 km,Oui,Frontaux | Latéraux | Protège-tête,,ESP,Oui,,Oui,Oui,Radar de recul,Oui,Oui,Oui,Oui,,Avant | Arrières,En aluminium | 15'',,LED,Commandes au volant,USB-C,Tactile | 8.25 pouces,,,,,Tissu,,Conducteur,Oui,,Multi-fonctions,En hauteur et en profondeur,,Manuelle,À distance,Oui,Oui,,Électriques,Avant/Arrière,2026-02-08 17:50:34.501437,,,,,,,,,Oui,,Oui,Oui,,Oui,,,,Oui,,Oui,,,,,,,,,,,,,,,,,,,,,,,,,,,,,,,,,,,,,,,,,,,,,,,,,,,,,,,,,,,,,,,,,,,,,,,,,,,,,,,,
Seat,Seat Ibiza,https://www.automobile.tn/fr/neuf/seat/ibiza,1.0 L TSI  Move BVA,https://www.automobile.tn/fr/neuf/seat/ibiza/1.0-l-tsi-bva-move,86 980 DT,En pré-commande,Citadine,3 ans,5,5,3,Essence,6 CV,115 CH,200 nm 2000 tr/min,999 CM³,Automatique,7,Traction,4059 mm,1780 mm,1447 mm,355 L,9.4 s,195 KM/H,7 L/100 km,5.1 L/100 km,5.8 L/100 km,Oui,Frontaux | Latéraux | Protège-tête,,ESP,Oui,,Oui,Oui,Radar de recul | Radar avant | Caméra de recul,Oui,Oui,Oui,Oui,,Avant | Arrières,En aluminium | 16'',,LED,Commandes au volant,USB-C | Android Auto | Apple Carplay | Bluetooth | Commande vocale,Tactile | 9.2 pouces,Avant,,,Cuir,Tissu,,Conducteur et passager,Oui,,Cuir | Multi-fonctions | Sport,En hauteur et en profondeur,Démarrage mains libres,Automatique,À distance,Oui,Oui,Anti-éblouissement,Électriques | Rabattables | Dégivrants,Avant/Arrière,2026-02-08 17:50:36.226585,,,,,Ouvrant,Accès mains libres,,,Oui,,Oui,Oui,,Oui,,,,Oui,,Oui,,,,,,,,,,,,,,,,,,,,,,,,,,,,,,,,,,,,,,,,,,,,,,,,,,,,,,,,,,,,,,,,,,,,,,,,,,,,,,,,
Seat,Seat Ibiza,https://www.automobile.tn/fr/neuf/seat/ibiza,1.0 L TSI  FR BVA,https://www.automobile.tn/fr/neuf/seat/ibiza/1.0-l-tsi-bva-fr,90 980 DT,En pré-commande,Citadine,3 ans,5,5,3,Essence,6 CV,115 CH,200 nm 2000 tr/min,999 CM³,Automatique,7,Traction,4059 mm,1780 mm,1447 mm,355 L,9.4 s,195 KM/H,7 L/100 km,5.1 L/100 km,5.8 L/100 km,Oui,Frontaux | Latéraux | Protège-tête,,ESP,Oui,,Oui,Oui,Radar de recul | Radar avant | Caméra de recul,Oui,Oui,Oui,Oui,,Avant | Arrières,En aluminium | 18'',,LED,Commandes au volant,USB-C | Android Auto | Apple Carplay | Bluetooth | Commande vocale,Tactile | 9.2 pouces,Avant,,,Cuir,Tissu,Sport,Conducteur et passager,Oui,Lunette et vitres arrières sur-teintées | Athermiques,Cuir | Multi-fonctions | Sport | Avec palettes,En hauteur et en profondeur,Démarrage mains libres,Automatique,À distance,Oui,Oui,Anti-éblouissement,Électriques | Rabattables | Dégivrants,Avant/Arrière,2026-02-08 17:50:38.021069,,,,,Ouvrant,Accès mains libres,,,Oui,,Oui,Oui,,Oui,,,,Oui,,Oui,,,,,,,,,,,,,,,,,,,,,,,,,,,,,,,,,,,,,,,,,,,,,,,,,,,,,,,,,,,,,,,,,,,,,,,,,,,,,,,,
Seat,Seat Arona,https://www.automobile.tn/fr/neuf/seat/arona,1.0 TSI Style,https://www.automobile.tn/fr/neuf/seat/arona/1.0-tsi-style-plus,90 980 DT,Disponible,SUV,3 ans,5,5,3,Essence,6 CV,116 CH,200 nm 2000 tr/min,999 CM³,Automatique,7,Traction,4154 mm,1780 mm,1537 mm,400 L,9.8 s,182 KM/H,6.1 L/100 km,4.7 L/100 km,5.2 L/100 km,Oui,Frontaux | Latéraux | Protège-tête,,ESP,Oui,,Oui,Oui,Radar de recul,Oui,Oui,Oui,Oui,Pare-chocs | Rétroviseurs,Feux de jour,En aluminium | 17'',,LED,Commandes au volant,USB-C | AUX | Bluetooth | Mirrorlink,Tactile | 8.25 pouces,Avant,3,,Cuir,Tissu,,Conducteur,Oui,,Cuir | Multi-fonctions | Sport,En hauteur et en profondeur,,Automatique,À distance,Oui,Oui,Anti-éblouissement,Électriques | Rabattables | Dégivrants,Avant/Arrière,2026-02-08 17:50:40.625418,,,,,,,,,Oui,Oui,Oui,Oui,,,,,,Oui,,Oui,,,,,Oui,,,,,,,,,,,,,,,,,,,,,,,Noires,,,,,,,,,,Oui,,,,,,,,,,,,,,,,,,,,,,,,,,,,,,,,,,,,,,,,,,
Seat,Seat Arona,https://www.automobile.tn/fr/neuf/seat/arona,1.0 TSI Xperience,https://www.automobile.tn/fr/neuf/seat/arona/1.0-tsi-xperience,97 980 DT,Disponible,SUV,3 ans,5,5,3,Essence,6 CV,116 CH,200 nm 2000 tr/min,999 CM³,Automatique,7,Traction,4154 mm,1780 mm,1537 mm,400 L,9.8 s,182 KM/H,6.1 L/100 km,4.7 L/100 km,5.2 L/100 km,Oui,Frontaux | Latéraux | Protège-tête,,ESP,Oui,,Oui,Oui,Radar de recul | Radar avant | Caméra de recul,Oui,Oui,Oui,Oui,Pare-chocs | Rétroviseurs,Feux de jour | Avant | Arrières,En aluminium | 18'',,Full LED,Commandes au volant,USB-C | AUX | Bluetooth | Commande vocale | Mirrorlink,Tactile | 9.2 pouces,Avant,3,,Cuir,Tissu,,Conducteur,,,Cuir | Multi-fonctions | Sport,En hauteur et en profondeur,Démarrage mains libres,Automatique,À distance,Oui,Oui,Anti-éblouissement,Électriques | Rabattables | Dégivrants,Avant/Arrière,2026-02-08 17:50:42.403969,,,,,,Accès mains libres,,,Oui,Oui,Oui,Oui,Chrome,,,Oui,,Oui,,Digital Cockpit,,,,,Oui,,,,,,,Confort | Sport | Eco,,,,,,,,,,,,,,,,Métal brillant,,,,,,,,,,Oui,,,,,,,,,,,,,,,,,,,,,,,,,,,,,,,,,,,,,,,,,,
Seat,Seat Arona,https://www.automobile.tn/fr/neuf/seat/arona,1.0 TSI FR,https://www.automobile.tn/fr/neuf/seat/arona/1.0-tsi-fr,99 980 DT,Disponible,SUV,3 ans,5,5,3,Essence,6 CV,116 CH,200 nm 2000 tr/min,999 CM³,Automatique,7,Traction,4154 mm,1780 mm,1537 mm,400 L,9.8 s,182 KM/H,6.1 L/100 km,4.7 L/100 km,5.2 L/100 km,Oui,Frontaux | Latéraux | Protège-tête,,ESP,Oui,,Oui,Oui,Radar de recul | Radar avant | Caméra de recul,Oui,Oui,Oui,Oui,Pare-chocs | Rétroviseurs,Feux de jour | Avant | Arrières,En aluminium | 18'',,Full LED,Commandes au volant | Subwoofer 300W,USB-C | AUX | Bluetooth | Commande vocale | Mirrorlink,Tactile | 9.2 pouces,Avant,3,,Cuir,Suédine,,Conducteur,,,Cuir | Multi-fonctions | Sport | Avec palettes,En hauteur et en profondeur,Démarrage mains libres,Automatique,À distance,Oui,Oui,Anti-éblouissement,Électriques | Rabattables | Dégivrants,Avant/Arrière,2026-02-08 17:50:44.180649,,,,,,Accès mains libres,,,Oui,Oui,Oui,Oui,Chrome,,,Oui,,Oui,,Digital Cockpit,,,,,Oui,,,,,,,Confort | Sport | Eco,,,,,,,,,,,,,,,,Métal brillant,,,,,,,,,,Oui,,,,,,,,,,,,,,,,,,,,,,,,,,,,,,,,,,,,,,,,,,
Seat,Seat Leon,https://www.automobile.tn/fr/neuf/seat/leon,1.4 TSI Dynamic,https://www.automobile.tn/fr/neuf/seat/leon/1.4-tsi-dynamic,108 980 DT,Sur arrivage,Compacte,3 ans,5,5,4,Essence,8 CV,150 CH,250 nm 1400 tr/min,1395 CM³,Automatique,8,Traction,4368 mm,1799 mm,1456 mm,380 L,8.2 s,215 KM/H,7 L/100 km,4.6 L/100 km,5.5 L/100 km,Oui,Frontaux | Latéraux | Genoux | Protège-tête,,ESC,Oui,EBD,Oui,Oui,Radar de recul | Radar avant,Servotronic,Oui,Oui,Oui,Oui,Feux de jour | Avant | Arrières,En aluminium | 16'',,LED,Oui,USB-C | Apple Carplay | Bluetooth | Commande vocale,Tactile | 10.4 pouces,Avant,3,,,Tissu,Réglage lombaire,Conducteur et passager,Oui,Athermiques,Cuir | Multi-fonctions | Sport | Avec palettes,En hauteur et en profondeur,Démarrage mains libres,Automatique | 3 zones | Ventilation arrière,À distance,Oui,Oui,Anti-éblouissement,Électriques | Dégivrants | Avec clignotants intégrés,Avant/Arrière,2026-02-08 17:50:46.756891,,,,,,Accès mains libres,,,Oui,,Oui,,,Oui,,,,Oui,Éléctrique,Oui,,,,,,,,,118 g/km,,,,,,,,,,,,,,,,,,,,,,,,,,,,,,,,,,,,,,,,,,,,,,,,,,,,,,,,,,,,,,,,,,,,,,,
Seat,Seat Leon,https://www.automobile.tn/fr/neuf/seat/leon,1.4 TSI FR Black Edition,https://www.automobile.tn/fr/neuf/seat/leon/1.4-tsi-fr-black-edition,129 980 DT,Sur arrivage,Compacte,3 ans,5,5,4,Essence,8 CV,150 CH,250 nm 1400 tr/min,1395 CM³,Automatique,8,Traction,4368 mm,1799 mm,1456 mm,380 L,8.2 s,215 KM/H,7 L/100 km,4.6 L/100 km,5.5 L/100 km,Oui,Frontaux | Latéraux | Protège-tête,,ESC,Oui,EBD,Oui,Oui,Radar de recul | Radar avant | Caméra de recul | Parkassist,Servotronic,Oui,Oui,Oui,Oui,Feux de jour | Avant | Arrières | Clignotants à défilement,En aluminium | 18'',,Adaptatifs | Matrix LED,6 haut-parleurs,USB-C | Android Auto | Apple Carplay | Bluetooth | Commande vocale,Tactile | 12.9 pouces,Avant,3,,,Tissu,Conducteur à réglage électrique | Réglage lombaire | Fonction mémoire,Conducteur et passager,Oui,Lunette et vitres arrières sur-teintées | Athermiques,Cuir | Multi-fonctions | Sport | Avec palettes,En hauteur et en profondeur,Démarrage mains libres,Automatique | 3 zones | Ventilation arrière,À distance,Oui,Oui,Anti-éblouissement,Électriques | Rabattables | Dégivrants | Mémoire de position | Noirs | Avec clignotants intégrés,Avant/Arrière,2026-02-08 17:50:48.500922,,,,GPS,Ouvrant | Panoramique,Accès mains libres,,Oui,Oui,,Oui,,,Oui,Oui,LED,Eclairés,Oui,Éléctrique,Oui,,FR,,,,,,,118 g/km,,,Normal | Confort | Sport | Eco,,,,,,,,,,,,,,,,,,,,,,,,,,,,,,Oui,,,,,,,,,,,,,,,,,,,,,,,,,,,,,,,,,,,,,,Noires
Seat,Seat Ateca,https://www.automobile.tn/fr/neuf/seat/ateca,1.4 L TSI Style,https://www.automobile.tn/fr/neuf/seat/ateca/2020-1.4-l-tsi-style,127 980 DT,Disponible,SUV,3 ans,5,5,4,Essence,8 CV,150 CH,250 nm 1500 tr/min,1395 CM³,Automatique,8,Traction,4381 mm,1841 mm,1615 mm,510 L,8.5 s,201 KM/H,7.4 L/100 km,5.7 L/100 km,6.3 L/100 km,Oui,Frontaux | Latéraux | Genoux | Protège-tête,,ESP,Oui,,Oui,Oui,Radar de recul | Caméra de recul,Servotronic,Oui,Oui,Oui,Oui,Feux de jour | Avant | Arrières | Clignotants à défilement,En aluminium | 18'',,LED,Commandes au volant,USB-C | Android Auto | Apple Carplay | Bluetooth,Tactile | 8.25 pouces,Avant | Arrière,3,,Cuir,Alcantara | Cuir | Tissu,Réglage lombaire,Conducteur et passager,Oui,,Cuir | Multi-fonctions | Sport | Avec palettes,En hauteur et en profondeur,Démarrage mains libres,Automatique,À distance,Oui,Oui,Anti-éblouissement,Électriques | Dégivrants,Avant/Arrière,2026-02-08 17:50:51.023347,,,,,Ouvrant | Panoramique,Accès mains libres,,,Oui,,,Oui,Chrome,Oui,,Oui,,Oui,Éléctrique,Digital Cockpit,,,,,Poches aumônières,,,,,,,,,,,,,,,,,,,,,,,Chromées,,,,,,,,,,,,,,,,,,,,,,,,,,,,,,,,,,,,,,,,,,,,,,,,,,,,
Seat,Seat Ateca,https://www.automobile.tn/fr/neuf/seat/ateca,1.4 L TSI FR,https://www.automobile.tn/fr/neuf/seat/ateca/1.4-l-tsi-fr,142 980 DT,Disponible,SUV,3 ans,5,5,4,Essence,8 CV,150 CH,250 nm 1500 tr/min,1395 CM³,Automatique,8,Traction,4381 mm,1841 mm,1615 mm,510 L,8.5 s,201 KM/H,7.4 L/100 km,5.7 L/100 km,6.3 L/100 km,Oui,Frontaux | Latéraux | Genoux | Protège-tête,,ESP,Oui,,Oui,Oui,Radar de recul | Système de caméras 360 | Parkassist,Servotronic,Oui,Oui,Oui,Oui,Feux de jour | Avant | Arrières | Clignotants à défilement,En aluminium | 19'',,LED,Commandes au volant | Système Audio Beats | Subwoofer 340W,USB-C | Android Auto | Apple Carplay | Bluetooth | Commande vocale,Tactile | 8.25 pouces,Avant | Arrière,3,,Cuir,Cuir/Alcantara,Conducteur à réglage électrique | Chauffants | Réglage lombaire | Fonction mémoire,Conducteur et passager,Oui,,Cuir | Multi-fonctions | Sport | Avec palettes,En hauteur et en profondeur,Démarrage mains libres,Automatique,À distance,Oui,Oui,Anti-éblouissement,Électriques | Rabattables | Dégivrants | Mémoire de position,Avant/Arrière,2026-02-08 17:50:52.821409,,,,GPS,Ouvrant | Panoramique,Accès mains libres,,,Oui,,,Oui,Chrome,Oui,,Oui,,Oui,Éléctrique,Digital Cockpit,,FR,,,Poches aumônières,,Ouverture et fermeture motorisées | Ouverture mains libres,,,,,Confort | Sport | Eco,,,,,,,,,,,,,,,,Chromées,,,,,,,,,,,,,,,,,,,,,,,,,,,,,,,,,,,,,,,,,,,,,,,,,,,,
Seat,Seat Ateca,https://www.automobile.tn/fr/neuf/seat/ateca,1.4 L TSI FR Black Edition,https://www.automobile.tn/fr/neuf/seat/ateca/1.4-l-tsi-fr-black-edition,144 980 DT,Disponible,SUV,3 ans,5,5,4,Essence,8 CV,150 CH,250 nm 1500 tr/min,1395 CM³,Automatique,8,Traction,4381 mm,1841 mm,1615 mm,510 L,8.5 s,201 KM/H,7.4 L/100 km,5.7 L/100 km,6.3 L/100 km,Oui,Frontaux | Latéraux | Genoux | Protège-tête,,ESP,Oui,,Oui,Oui,Radar de recul | Système de caméras 360 | Parkassist,Servotronic,Oui,Oui,Oui,Oui,Feux de jour | Avant | Arrières | Clignotants à défilement,En aluminium | 19'' | Noires,,LED,Commandes au volant | Subwoofer,USB-C | Android Auto | Apple Carplay | Bluetooth | Commande vocale,Tactile | 8.25 pouces,Avant | Arrière,3,,Cuir,Cuir,Conducteur à réglage électrique | Chauffants | Réglage lombaire | Fonction mémoire,Conducteur et passager,Oui,,Cuir | Chauffant | Multi-fonctions | Sport | Avec palettes,En hauteur et en profondeur,Démarrage mains libres,Automatique,À distance,Oui,Oui,Anti-éblouissement,Électriques | Rabattables | Dégivrants | Mémoire de position,Avant/Arrière,2026-02-08 17:50:54.647176,,,,GPS,Ouvrant | Panoramique,Accès mains libres,,,Oui,,,Oui,,Oui,,Oui,,Oui,Éléctrique,Digital Cockpit,,FR,,,Poches aumônières,,Ouverture et fermeture motorisées | Ouverture mains libres,,,,,Confort | Sport | Eco,,,,,,,,,,,,,,,,Noires,,,XDS,,,,,,,,,,,,,,,,,,,,,,,,,,,,,,,,,,,,,,,,,,,,,,,,,
Skoda,Skoda Fabia,https://www.automobile.tn/fr/neuf/skoda/fabia,1.0 L MPI Essence,https://www.automobile.tn/fr/neuf/skoda/fabia/1.0-l-mpi-essence,66 980 DT,Disponible,Citadine,3 ans,5,5,3,Essence,4 CV,80 CH,93 nm 3700 tr/min,999 CM³,Manuelle,5,Traction,4108 mm,1780 mm,1482 mm,380 L,15.5 s,178 KM/H,6 L/100 km,4.3 L/100 km,5.1 L/100 km,Oui,Frontaux,,ESP,Oui,,,,,Oui,,Oui,Oui,Pare-chocs | Poignées de portes | Rétroviseurs,Feux de jour,14'',,LED,SWING | 4 haut-parleurs,2 USB-C | Bluetooth,Tactile | 6.5 pouces,Avant,3,,Cuir,Tissu,,Conducteur,Oui,Athermiques,Multi-fonctions,En hauteur et en profondeur,,Manuelle,À distance,Oui,Oui,,Électriques | Dégivrants,Avant,2026-02-08 17:50:58.256170,,,,,,,,,Oui,,,,,,,,,,,,,,,,Porte-lunettes,,,Chromée,116 g/km,Oui,,,,,,,,,,,,,,,,,,,,,,,,,,,,,,,,,,,,,,,,,,,,,,,,,,,,,Avant,,,,,,,,,,,,,,,,,
Skoda,Skoda Fabia,https://www.automobile.tn/fr/neuf/skoda/fabia,1.0 L MPI Selection,https://www.automobile.tn/fr/neuf/skoda/fabia/1.0-l-mpi-selection,72 980 DT,Disponible,Citadine,3 ans,5,5,3,Essence,4 CV,80 CH,93 nm 3700 tr/min,999 CM³,Manuelle,5,Traction,4108 mm,1780 mm,1482 mm,380 L,15.5 s,178 KM/H,6 L/100 km,4.3 L/100 km,5.1 L/100 km,Oui,Frontaux | Latéraux,,ESP,Oui,,,,Radar de recul,Oui,,Oui,Oui,Pare-chocs | Poignées de portes | Rétroviseurs,Feux de jour | Arrières,En aluminium | 15'',,LED,SWING | 4 haut-parleurs,2 USB-C | Bluetooth,Tactile | 6.5 pouces,Avant,3,,Cuir,Tissu,Réglage lombaire,Conducteur et passager,Oui,Athermiques,Cuir | Multi-fonctions,En hauteur et en profondeur,Démarrage mains libres,Manuelle,À distance,Oui,Oui,,Électriques | Dégivrants,Avant/Arrière,2026-02-08 17:50:59.951515,,,,,,Accès mains libres,,,Oui,,,,,,Oui,,,,,,,,,,Porte-lunettes,,,Chromée,116 g/km,Oui,,,,,,,,,,,,,,,,,,,,,,,,,,,,,,,,,,,,,,,,,,,,,,,,,,,,,Avant,,,,,,,,,,,,,,,,,
Skoda,Skoda Fabia,https://www.automobile.tn/fr/neuf/skoda/fabia,1.0 L MPI Monte Carlo,https://www.automobile.tn/fr/neuf/skoda/fabia/1.0-l-mpi-monte-carlo,85 980 DT,Disponible,Citadine,3 ans,5,5,3,Essence,4 CV,80 CH,93 nm 3700 tr/min,999 CM³,Manuelle,5,Traction,4108 mm,1780 mm,1482 mm,380 L,15.5 s,178 KM/H,6 L/100 km,4.3 L/100 km,5.1 L/100 km,Oui,Frontaux | Latéraux,,ESP,Oui,,,,Radar de recul,Oui,Oui,Oui,Oui,Pare-chocs | Poignées de portes | Rétroviseurs,Feux de jour | Arrières,En aluminium | 16'',,LED,SWING | 6 haut-parleurs,2 USB-C | Bluetooth | SmartLink,Tactile | 8 pouces,Avant,3,,Cuir,Tissu,Réglage lombaire | Sport,Conducteur et passager,Oui,Athermiques,Cuir | Multi-fonctions | Sport,En hauteur et en profondeur,Démarrage mains libres,Automatique,À distance,Oui,Oui,Anti-éblouissement,Électriques | Dégivrants | Noirs,Avant/Arrière,2026-02-08 17:51:01.731592,,,,,Panoramique,Accès mains libres,,,Oui,,,,,,Oui,,Chromés,Oui,,Virtual Cockpit,,Sport,,,Porte-lunettes,,,Noire,116 g/km,Oui,,,,,,,,,,,,,,,,,,,,,,,,,,,Oui,,,,,,,,,,,,,,,,,,,,,,,,,,Avant,,,,,,,,,,,,,,,,,
Skoda,Skoda Kushaq,https://www.automobile.tn/fr/neuf/skoda/kushaq,1.0 TSI Ambition,https://www.automobile.tn/fr/neuf/skoda/kushaq/1.0-tsi-ambition,77 980 DT,Disponible,SUV,3 ans,5,5,3,Essence,6 CV,116 CH,178 nm 1750 tr/min,999 CM³,Manuelle,6,Traction,4221 mm,1760 mm,1612 mm,385 L,10.8 s,189 KM/H,6.7 L/100 km,4.5 L/100 km,5.2 L/100 km,Oui,Frontaux,,ESP,Oui,,Oui,Oui,Radar de recul | Caméra de recul,Oui,,Oui,Oui,Pare-chocs | Rétroviseurs,Avant,En aluminium | 16'',,LED,6 haut-parleurs | Commandes au volant,2 USB-C | Android Auto | Apple Carplay | Bluetooth,Tactile | 10 pouces,Avant | Arrière,3,,Cuir,Tissu,,Conducteur,,Athermiques,Cuir | Multi-fonctions,En hauteur et en profondeur,,Automatique,À distance,Oui,,,Électriques | Rabattables,Avant/Arrière,2026-02-08 17:51:04.385635,,,,,,,,,Oui,,Oui,,Noir Brillant,,Oui,,Baguettes dans les baies de porte,,,,,,,,Poches aumônières | Porte-lunettes,,,,,,1 prise 12 V,,,,,,,,,,,,,,,,,Oui,,,,,,,,,,,,,,,,,,,,,,,,,,,,,,,,,,,,,,,,,,,,,,,,,,,,
Skoda,Skoda Kushaq,https://www.automobile.tn/fr/neuf/skoda/kushaq,1.0 TSI Ambition BVA,https://www.automobile.tn/fr/neuf/skoda/kushaq/1.0-tsi-bva-ambition,84 980 DT,Disponible,SUV,3 ans,5,5,3,Essence,7 CV,116 CH,178 nm 1750 tr/min,999 CM³,Automatique,6,Traction,4221 mm,1760 mm,1612 mm,385 L,10.8 s,189 KM/H,6.7 L/100 km,4.5 L/100 km,5.2 L/100 km,Oui,Frontaux,,ESP,Oui,,Oui,Oui,Radar de recul | Caméra de recul,Oui,,Oui,Oui,Pare-chocs | Rétroviseurs,Avant,En aluminium | 16'',,LED,6 haut-parleurs | Commandes au volant,2 USB-C | Android Auto | Apple Carplay | Bluetooth,Tactile | 10 pouces,Avant | Arrière,3,,Cuir,Tissu,,Conducteur,,Athermiques,Cuir | Multi-fonctions | Avec palettes,En hauteur et en profondeur,,Automatique,À distance,Oui,,,Électriques | Rabattables,Avant/Arrière,2026-02-08 17:51:06.149783,,,,,,,,,Oui,,Oui,,Noir Brillant,,Oui,,Baguettes dans les baies de porte,,,,,,,,Poches aumônières | Porte-lunettes,,,,,,1 prise 12 V,,,,,,,,,,,,,,,,,Oui,,,,,,,,,,,,,,,,,,,,,,,,,,,,,,,,,,,,,,,,,,,,,,,,,,,,
Skoda,Skoda Kushaq,https://www.automobile.tn/fr/neuf/skoda/kushaq,1.0 TSI Style BVA,https://www.automobile.tn/fr/neuf/skoda/kushaq/1.0-tsi-bva-style,90 980 DT,Disponible,SUV,3 ans,5,5,3,Essence,7 CV,116 CH,178 nm 1750 tr/min,999 CM³,Automatique,6,Traction,4221 mm,1760 mm,1612 mm,385 L,10.8 s,189 KM/H,6.7 L/100 km,4.5 L/100 km,5.2 L/100 km,Oui,Frontaux | Latéraux | Protège-tête,,ESP,Oui,,Oui,Oui,Radar de recul | Caméra de recul,Oui,,Oui,Oui,Pare-chocs | Rétroviseurs,Avant | Arrières,En aluminium | 17'',,LED,6 haut-parleurs | Commandes au volant | Subwoofer,2 USB-C | Android Auto | Apple Carplay | Bluetooth | Chargeur de téléphone sans fil,Tactile | 10 pouces,Avant | Arrière,3,,Cuir,Similicuir,Ventilés,Conducteur,,Athermiques,Cuir | Multi-fonctions | Avec palettes,En hauteur et en profondeur,,Automatique,À distance,Oui,,Anti-éblouissement,Électriques | Rabattables,Avant/Arrière,2026-02-08 17:51:07.948339,,,,,Ouvrant | En verre,Accès mains libres,,,Oui,,Oui,,Noir Brillant,,Oui,,Baguettes dans les baies de porte,Oui,,Oui,,,,,Poches aumônières | Porte-lunettes,,,,,,1 prise 12 V,,,,,,,,,,,,,,,,,Oui,,,,,,,,,,,,,,,,,,,,,,,,,,,,,,,,,,,,,,,,,,,,,,,,,,,,
Skoda,Skoda Scala,https://www.automobile.tn/fr/neuf/skoda/scala,1.0 L TSI Essence DSG,https://www.automobile.tn/fr/neuf/skoda/scala/1.0-l-tsi-dsg-essence,86 980 DT,Sur arrivage,Compacte,3 ans,5,5,3,Essence,6 CV,116 CH,200 nm 2000 tr/min,999 CM³,Automatique,7,Traction,4362 mm,1793 mm,1514 mm,467 L,10.1 s,202 KM/H,6.9 L/100 km,4.7 L/100 km,5.4 L/100 km,Oui,Frontaux | Latéraux,,ESP,Oui,,Oui,Oui,Radar de recul,Oui,Oui,Oui,Oui,Pare-chocs | Poignées de portes | Rétroviseurs,Avant | Arrières,En aluminium | 16'',,LED,8 haut-parleurs,USB-C | Android Auto | Apple Carplay | Bluetooth | SmartLink,Tactile | 8.25 pouces,Avant,,,Cuir,Tissu,,Conducteur et passager,Oui,Athermiques,Multi-fonctions,,,Manuelle,À distance,Oui,Oui,,Électriques | Dégivrants,Avant/Arrière,2026-02-08 17:51:10.563971,,,,,,,,,Oui,,Oui,,,,,,,,,,,,,,,,,Chromée,,,,,,,,,,,,,,,,,,,,,,,,,,,,,,,,,,,,,,,,,,,,,,,,,,,,,,,Avant,,,,,,,,,,,,,,,,,
Skoda,Skoda Scala,https://www.automobile.tn/fr/neuf/skoda/scala,1.0 L TSI Selection DSG,https://www.automobile.tn/fr/neuf/skoda/scala/1.0-l-tsi-dsg-selection,100 980 DT,Sur arrivage,Compacte,3 ans,5,5,3,Essence,6 CV,116 CH,200 nm 2000 tr/min,999 CM³,Automatique,7,Traction,4362 mm,1793 mm,1514 mm,467 L,10.1 s,202 KM/H,6.9 L/100 km,4.7 L/100 km,5.4 L/100 km,Oui,Frontaux | Latéraux,,ESP,Oui,,Oui,Oui,Radar de recul | Radar avant | Caméra de recul,Oui,Oui,Oui,Oui,Pare-chocs | Poignées de portes | Rétroviseurs,Avant | Arrières | Clignotants à défilement,En aluminium | 17'',,Matrix LED,8 haut-parleurs,USB-C | Android Auto | Apple Carplay | Bluetooth | SmartLink | Chargeur de téléphone sans fil,Tactile | 8.25 pouces,Avant,,,Cuir,Tissu,Réglage lombaire,Conducteur et passager,Oui,Athermiques,Cuir | Multi-fonctions | Avec palettes,En hauteur et en profondeur,Démarrage mains libres,Automatique,À distance,Oui,Oui,Anti-éblouissement,Électriques | Rabattables | Dégivrants | Photosensibles,Avant/Arrière,2026-02-08 17:51:12.368845,,,,,Panoramique | En verre,Accès mains libres,,,Oui,,Oui,,Chrome,,Oui,,,Oui,,10.25 pouces | Virtual Cockpit,,,,,,,Ouverture mains libres,Chromée,,,,Normal | Sport | Eco,,,,,,,,,,,,,,,,,,,,,,,,,Oui,,,,,,,,,,,,,,,,,,,,,,,,,,Avant,,,,,,,,,,,,,,,,,
Skoda,Skoda Scala,https://www.automobile.tn/fr/neuf/skoda/scala,1.0 L TSI Monte Carlo DSG,https://www.automobile.tn/fr/neuf/skoda/scala/1.0-l-tsi-dsg-monte-carlo,109 980 DT,Sur arrivage,Compacte,3 ans,5,5,3,Essence,6 CV,116 CH,200 nm 2000 tr/min,999 CM³,Automatique,7,Traction,4362 mm,1793 mm,1514 mm,467 L,10.1 s,202 KM/H,6.9 L/100 km,4.7 L/100 km,5.4 L/100 km,Oui,Frontaux | Latéraux,Oui,ESP,Oui,,Oui,Oui,Radar de recul | Radar avant | Caméra de recul,Oui,Oui,Oui,Oui,Pare-chocs | Poignées de portes,Avant | Arrières | Clignotants à défilement,En aluminium | 17'',,Matrix LED,8 haut-parleurs,USB-C | Android Auto | Apple Carplay | Bluetooth | SmartLink | Chargeur de téléphone sans fil,Tactile | 8.25 pouces,Avant,,,Cuir,Tissu,Réglage lombaire | Sport,Conducteur et passager,Oui,Athermiques,Cuir | Multi-fonctions | Sport | Avec palettes,En hauteur et en profondeur,Démarrage mains libres,Automatique,À distance,Oui,Oui,Anti-éblouissement,Électriques | Rabattables | Dégivrants | Photosensibles | Noirs,Avant/Arrière,2026-02-08 17:51:14.151108,,,,,Panoramique | En verre,Accès mains libres,,Anti-soulèvement,Oui,,Oui,Oui,Noir Brillant,,Oui,Oui,Baguettes dans les baies de porte,Oui,,10.25 pouces | Virtual Cockpit,,Monte-Carlo,,,,,Ouverture mains libres,Noire,,,,Normal | Sport | Eco,,,,,,,,,,,,,,,,,,,,,,,,,Oui,,,,,,,,,,,,,,,,,,,,,,,,,,Avant,,,,,,,,,,,,,,,,,
Skoda,Skoda Kamiq,https://www.automobile.tn/fr/neuf/skoda/kamiq,1.0 L TSI Essence DSG,https://www.automobile.tn/fr/neuf/skoda/kamiq/1.0-l-tsi-dsg-essence,89 980 DT,Sur arrivage,SUV,3 ans,5,5,3,Essence,6 CV,116 CH,200 nm 2000 tr/min,999 CM³,Automatique,7,Traction,4241 mm,1793 mm,1562 mm,400 L,10.2 s,195 KM/H,,,5.7 L/100 km,Oui,Frontaux | Latéraux,,ESP,Oui,,Oui,,Radar de recul,Oui,Oui,Oui,Oui,Poignées de portes | Rétroviseurs,Avant | Arrières,En aluminium | 16'',,LED,8 haut-parleurs,USB-C | Bluetooth | SmartLink,Tactile,Avant,,,Cuir,Tissu,,Conducteur et passager,,Athermiques,Multi-fonctions,En hauteur et en profondeur,,Manuelle,À distance,Oui,Oui,,Électriques | Dégivrants,Avant/Arrière,2026-02-08 17:51:16.716537,,,,,,,,,Oui,,Oui,,,,,,,,,,,,,,,,,Chromée,,,,,,,,,,,,,,,,,,,,Noires,,,,,,,,,,,,,,,,,,,,,,,,,,,,,,,,,,,Avant,,,,,,,,,,,,,,,,,
Skoda,Skoda Kamiq,https://www.automobile.tn/fr/neuf/skoda/kamiq,1.0 L TSI Selection DSG,https://www.automobile.tn/fr/neuf/skoda/kamiq/1.0-l-tsi-dsg-selection,102 980 DT,Sur arrivage,SUV,3 ans,5,5,3,Essence,6 CV,116 CH,200 nm 2000 tr/min,999 CM³,Automatique,7,Traction,4241 mm,1793 mm,1562 mm,400 L,10.2 s,195 KM/H,,,5.7 L/100 km,Oui,Frontaux | Latéraux,,ESP,Oui,,Oui,,Radar de recul | Radar avant | Caméra de recul,Oui,Oui,Oui,Oui,Poignées de portes | Rétroviseurs,Avant | Arrières | Clignotants à défilement,En aluminium | 17'',,Matrix LED,8 haut-parleurs,USB-C | Bluetooth | SmartLink | Chargeur de téléphone sans fil,Tactile,Avant,,,Cuir,Tissu,Réglage lombaire,Conducteur et passager,,Athermiques,Cuir | Multi-fonctions | Avec palettes,En hauteur et en profondeur,Démarrage mains libres,Automatique,À distance,Oui,Oui,Anti-éblouissement,Électriques | Dégivrants,Avant/Arrière,2026-02-08 17:51:18.514062,,,,,Panoramique | En verre,Accès mains libres,,Anti-soulèvement,Oui,,Oui,Oui,Chrome,,,,,Oui,,Virtual Cockpit,,,,,,,Ouverture et fermeture motorisées,Chromée,,,,Eco,,,,,,,,,,,,,,,,Argent,,,,,,,,,,,,,,,,,,,,,,,,,,,,,,,,,,,Avant,,,,,,,,,,,,,,,,,
Skoda,Skoda Kamiq,https://www.automobile.tn/fr/neuf/skoda/kamiq,1.0 L TSI Monte Carlo DSG,https://www.automobile.tn/fr/neuf/skoda/kamiq/1.0-l-tsi-dsg-monte-carlo,107 980 DT,Sur arrivage,SUV,3 ans,5,5,3,Essence,6 CV,116 CH,200 nm 2000 tr/min,999 CM³,Automatique,7,Traction,4241 mm,1793 mm,1562 mm,400 L,10.2 s,195 KM/H,,,5.7 L/100 km,Oui,Frontaux | Latéraux,,ESP,Oui,,Oui,,Radar de recul | Radar avant | Caméra de recul,Oui,Oui,Oui,Oui,Pare-chocs | Poignées de portes,Avant | Arrières | Clignotants à défilement,En aluminium | 17'',,Matrix LED,8 haut-parleurs,USB-C | Bluetooth | SmartLink | Chargeur de téléphone sans fil,Tactile,Avant,,,Cuir,Tissu,Réglage lombaire | Sport,Conducteur et passager,,Athermiques,Cuir | Multi-fonctions | Sport | Avec palettes,En hauteur et en profondeur,Démarrage mains libres,Automatique,À distance,Oui,Oui,Anti-éblouissement,Électriques | Dégivrants | Noirs,Avant/Arrière,2026-02-08 17:51:20.315179,,,,,Panoramique | En verre,Accès mains libres,,Anti-soulèvement,Oui,,Oui,Oui,Noir Brillant,,,Oui,Chromés,Oui,,Virtual Cockpit,,Sport,,,,,Ouverture et fermeture motorisées,Noire,,,,Eco,,,,,,,,,,,,,,,,Noires,,,,,,,,,,,,,,,,,,,,,,,,,,,,,,,,,,,Avant,,,,,,,,,,,,,,,,,
Skoda,Skoda Octavia,https://www.automobile.tn/fr/neuf/skoda/octavia,1.4 TSI Essence BVA,https://www.automobile.tn/fr/neuf/skoda/octavia/1.4-tsi-bva-essence,114 980 DT,Disponible,Berline,3 ans,5,4,4,Essence,8 CV,150 CH,250 nm 1500 tr/min,1395 CM³,Automatique,8,Traction,4698 mm,1829 mm,1470 mm,600 L,8.2 s,219 KM/H,6 L/100 km,4.2 L/100 km,4.8 L/100 km,Oui,Frontaux | Latéraux | Protège-tête,Oui,ESC,Oui,,Oui,Oui,Radar de recul | Radar avant,Servotronic,Oui,Oui,Oui,Pare-chocs | Rétroviseurs,Feux de jour | Avant | Arrières,En aluminium | 16'',,LED,8 haut-parleurs | Commandes au volant,2 USB-C | Android Auto | Apple Carplay | Bluetooth | SmartLink | Chargeur de téléphone sans fil,Tactile | 10 pouces,Avant,3,Chromée,,Similicuir/Tissu,Réglage lombaire,Conducteur et passager,Oui,Athermiques,Cuir | Multi-fonctions | Avec palettes,En hauteur et en profondeur,Démarrage mains libres,Automatique,À distance,Oui,Oui,Anti-éblouissement,Électriques | Dégivrants,Avant/Arrière,2026-02-08 17:51:22.907005,,,,,,Accès mains libres,,,Oui,,Oui,Oui,,,,Oui,Chromés,Oui,Éléctrique,10.25 pouces,,,,,,,,,,,1 prise 12 V,,,,,,,,,,,,,,,,,,,,XDS,,,,,,,,,,,Oui,,,,,,,,,,,,,,,,,,,,,Avant,,,,,,,,,,,,,,,,,
Skoda,Skoda Octavia,https://www.automobile.tn/fr/neuf/skoda/octavia,1.4 TSI Selection BVA,https://www.automobile.tn/fr/neuf/skoda/octavia/1.4-tsi-bva-selection,124 980 DT,Disponible,Berline,3 ans,5,4,4,Essence,8 CV,150 CH,250 nm 1500 tr/min,1395 CM³,Automatique,8,Traction,4698 mm,1829 mm,1470 mm,600 L,8.2 s,219 KM/H,6 L/100 km,4.2 L/100 km,4.8 L/100 km,Oui,Frontaux | Latéraux | Protège-tête,Oui,ESC,Oui,,Oui,Oui,Radar de recul | Radar avant | Caméra de recul,Servotronic,Oui,Oui,Oui,Pare-chocs | Rétroviseurs,Feux de jour | Avant | Arrières,En aluminium | 17'',,LED,8 haut-parleurs | Commandes au volant,2 USB-C | Android Auto | Apple Carplay | Bluetooth | SmartLink | Chargeur de téléphone sans fil,Tactile | 10 pouces,Avant | Arrière,3,Chromée,,Similicuir/Tissu,Réglage lombaire,Conducteur et passager,Oui,Parebrise athermique,Cuir | Multi-fonctions | Avec palettes,En hauteur et en profondeur,Démarrage mains libres,Automatique,À distance,Oui,Oui,Anti-éblouissement,Électriques | Rabattables | Dégivrants | Photosensibles,Avant/Arrière,2026-02-08 17:51:24.653128,,,,,,Accès mains libres,,,Oui,,Oui,Oui,,,,Oui,Chromés,Oui,Éléctrique,10.25 pouces,,,,,,,,,,,1 prise 12 V,,,,,,,,,,,,,,,,,,,,XDS,,,,,,,,,,,Oui,,,,,,,,,,,,,,,,,,,,,Avant,,,,,,,,,,,,,,,,,
Skoda,Skoda Octavia,https://www.automobile.tn/fr/neuf/skoda/octavia,1.4 TSI Sportline BVA,https://www.automobile.tn/fr/neuf/skoda/octavia/1.4-tsi-bva-sportline,144 980 DT,Sur commande,Berline,3 ans,5,4,4,Essence,8 CV,150 CH,250 nm 1500 tr/min,1395 CM³,Automatique,8,Traction,4698 mm,1829 mm,1470 mm,600 L,8.2 s,219 KM/H,6 L/100 km,4.2 L/100 km,4.8 L/100 km,Oui,Frontaux | Latéraux | Protège-tête,Oui,ESC,Oui,,Oui,Oui,Radar de recul | Radar avant | Caméra de recul,Progressive,Oui,Oui,Oui,Pare-chocs | Poignées de portes,Feux de jour | Avant | Arrières | Clignotants à défilement,En aluminium | 18'',Oui,Directionnels | Matrix LED,8 haut-parleurs | Commandes au volant,2 USB-C | Android Auto | Apple Carplay | Bluetooth | SmartLink | Chargeur de téléphone sans fil,Tactile | 10 pouces,Avant | Arrière,3,Black Middle Carbon,,Similicuir/Tissu,Électriques | Chauffants | Réglage lombaire | Fonction mémoire | Sport,Conducteur et passager,Oui,Parebrise athermique,Cuir | Multi-fonctions | Sport | Avec palettes,En hauteur et en profondeur,Démarrage mains libres,Automatique,À distance,Oui,Oui,Anti-éblouissement,Électriques | Rabattables | Dégivrants | Photosensibles | Mémoire de position | Noirs,Avant/Arrière,2026-02-08 17:51:26.486709,,,,,,Accès mains libres,,Anti-soulèvement,Oui,,Oui,Oui,,,Oui,Oui,Chromés,Oui,Éléctrique,10.25 pouces,,,,,,Aluminium,Ouverture mains libres,Noire,,,1 prise 12 V,,,,,,,,,,,,,,Sport,,,,,,XDS,,,,,,,,,,,Oui,,,,,,,,,,,,,,,,,,,,,Avant,,,,,,,,,,,,,,,,,
Skoda,Skoda Superb,https://www.automobile.tn/fr/neuf/skoda/superb,1.5 TSI Essence DSG,https://www.automobile.tn/fr/neuf/skoda/superb/1.5-tsi-dsg-essence,155 980 DT,En pré-commande,Berline,3 ans,5,5,4,Essence | Hybride léger,8 CV,150 CH,250 nm 1500 tr/min,1495 CM³,Automatique,7,Traction,4912 mm,1849 mm,1481 mm,645 L,9.0 s,225 KM/H,,,6 L/100 km,Oui,Frontaux | Latéraux | Genoux | Protège-tête,,ESC | ASR,Oui,EBD | HBA,Oui,Oui,Radar de recul | Caméra de recul,Servotronic,Oui,Oui,,,Feux de jour | Avant | Arrières,En aluminium | 17'',,LED,8 haut-parleurs | Commandes au volant,USB-C | Android Auto | Apple Carplay | Bluetooth | Commande vocale | SmartLink,Tactile | 13 pouces,Avant | Arrière,3,,,Tissu,Chauffants,Conducteur et passager,Oui,Parebrise athermique | Lunette et vitres arrières sur-teintées,Cuir | Multi-fonctions | Avec palettes,En hauteur et en profondeur,Démarrage mains libres,Automatique | Bizone,À distance,Oui,Oui,,Électriques | Dégivrants,Avant/Arrière,2026-02-08 17:51:29.063994,,,,GPS,,,,Anti-soulèvement,Oui,,Oui,Oui,,,,,Chromés,Oui,Éléctrique,10.25 pouces | Virtual Cockpit,,,,,,,,,,,1 prise 12 V,,,,,,,,,,,,,,,,,,,,XDS+,,,,,,Oui,,,,,,,,,,,,,,,,,,,,,,,,,,,,,,,,,,,,,,,,,,,
Skoda,Skoda Superb,https://www.automobile.tn/fr/neuf/skoda/superb,1.5 TSI Selection DSG,https://www.automobile.tn/fr/neuf/skoda/superb/1.5-tsi-dsg-selection,184 980 DT,En pré-commande,Berline,3 ans,5,5,4,Essence | Hybride léger,8 CV,150 CH,250 nm 1500 tr/min,1495 CM³,Automatique,7,Traction,4912 mm,1849 mm,1481 mm,645 L,9.0 s,225 KM/H,,,6 L/100 km,Oui,Frontaux | Latéraux | Genoux | Protège-tête,,ESC | ASR,Oui,EBD | HBA,Oui,Oui,Radar de recul | Radar avant | Système de caméras 360 | Parkassist,Servotronic,Oui,Oui,,,Feux de jour | Avant | Arrières,En aluminium | 19'',,Directionnels | Matrix LED,12 haut-parleurs | Commandes au volant | Canton,USB-C | Android Auto | Apple Carplay | Bluetooth | Commande vocale | SmartLink | Chargeur de téléphone sans fil,Tactile | 13 pouces,Avant | Arrière,3,,,Cuir/similicuir,Électriques | Chauffants | Massants | Ventilés | Fonction mémoire,Conducteur et passager,Oui,Parebrise athermique | Lunette et vitres arrières sur-teintées,Cuir | Multi-fonctions | Avec palettes,En hauteur et en profondeur,Démarrage mains libres,Automatique | 3 zones | Ventilation arrière,À distance,Oui,Oui,Anti-éblouissement,Électriques | Rabattables | Dégivrants | Photosensibles | Mémoire de position | Éclairage d'accueil à LED,Avant/Arrière,2026-02-08 17:51:30.875966,,,,GPS,,Accès mains libres,,Anti-soulèvement,Oui,,Oui,Oui,Chrome,,,Oui,Chromés,Oui,Éléctrique,10.25 pouces | Virtual Cockpit,,,,,,,Ouverture et fermeture motorisées | Ouverture mains libres | Cache Bagages,,,,1 prise 12 V,,,,,,,,,,,,,,,,,,,,XDS+,Pour vitres de portes arrières | Pour lunette arrière,,,,,Oui,,,,,Oui,,,,,,,,,,,,,,,,,,,,,,,,,,,,,,,,,,,,,,
Ssangyong,Ssangyong Tivoli,https://www.automobile.tn/fr/neuf/ssangyong/tivoli/1.5-t-ilovit-2024,Ssangyong Tivoli,https://www.automobile.tn/fr/neuf/ssangyong/tivoli/1.5-t-ilovit-2024,,Disponible,SUV,3 ans ou 100.000 km,5,5,4,Essence,8 CV,163 CH,260 nm 1500 tr/min,1497 CM³,Automatique,6,Traction,4225 mm,1810 mm,1615 mm,423 L,N.C,175 KM/H,9.9 L/100 km,6.1 L/100 km,7.5 L/100 km,Oui,Frontaux,,ESP,Oui,ESS | HBA,,Oui,Radar de recul | Radar avant | Caméra de recul,Oui,,Oui,LED,Pare-chocs | Poignées de portes | Rétroviseurs,Feux de jour,En aluminium | 16'',,Full LED,6 haut-parleurs | Commandes au volant,USB | Android Auto | Apple Carplay | AUX | Bluetooth,Tactile | 8 pouces,Avant | Arrière,,,Cuir,Similicuir,,Conducteur,Oui,Lunette et vitres arrières sur-teintées,Cuir | Chauffant | Multi-fonctions | Sport,En hauteur,Démarrage mains libres,Automatique | Bizone,À distance,Oui,,Anti-éblouissement,Électriques | Rabattables | Dégivrants | Avec clignotants intégrés,Avant/Arrière,2026-02-08 17:51:34.290872,,HDC,,,,Accès mains libres,,Périmétrique,Oui,,HSA,,,,Oui,,,Oui,,10.25 pouces,,,,,Porte-lunettes,,Cache Bagages,,,Oui,1 prise 12 V,Normal | Sport | Winter,,,,,,,,,,,,,,,,Oui,,,,,,,,,,,,,,,,,,,,,,,,,,,,,,,,,,,,,,,,,,,,,,,,,,,,
Ssangyong,Ssangyong Korando,https://www.automobile.tn/fr/neuf/ssangyong/korando/1.5-l-gdi-limited-bva,Ssangyong Korando,https://www.automobile.tn/fr/neuf/ssangyong/korando/1.5-l-gdi-limited-bva,,Disponible,SUV,3 ans,5,5,4,Essence,9 CV,163 CH,280 nm 1500 tr/min,1497 CM³,Automatique,6,Traction,4450 mm,1870 mm,1620 mm,551 L,12 s,188 KM/H,8.3 L/100 km,6.4 L/100 km,7 L/100 km,Oui,Frontaux | Latéraux,,ESP,Oui,,Oui,Oui,Radar de recul | Radar avant | Caméra de recul,Électrique,,Cruise control,,Poignées de portes | Rétroviseurs,Feux de jour | Avant | Arrières,En aluminium | 19'',,Full LED,6 haut-parleurs | Commandes au volant,USB | Android Auto | Apple Carplay | Bluetooth | iPod | Chargeur de téléphone sans fil,Tactile | 8 pouces,Avant | Arrière,,Chromée,,Cuir | Nappa,Électriques | Chauffants | Ventilés,Conducteur et passager,Oui,Teintées | Lunette et vitres arrières sur-teintées,Cuir | Avec palettes,En hauteur et en profondeur,Démarrage mains libres,Automatique | Bizone,À distance,Ecran TFT 10.25'',,Anti-éblouissement,Électriques | Rabattables | Dégivrants | Avec clignotants intégrés | Éclairage d'accueil à LED,Avant/Arrière,2026-02-08 17:51:36.982326,,Oui,,,Ouvrant,Accès mains libres,,Oui,Oui,,Oui,,Chrome,,Oui,Oui,,Oui,Éléctrique,10.25 pouces,,,,,,,Ouverture et fermeture motorisées,Chromée,162 g/km,,1 prise 12 V,Normal | Sport | Winter,,,,,,,,,,,,,,,,Oui,,,,,,,,,,,,Oui,,,,,,,,,,,,,,,,,,,,,,,,,,,,,,,,,,,,,,,,
Ssangyong,Ssangyong Musso,https://www.automobile.tn/fr/neuf/ssangyong/musso/2.2-l-diesel-4wd-crm,Ssangyong Musso,https://www.automobile.tn/fr/neuf/ssangyong/musso/2.2-l-diesel-4wd-crm,,Disponible,Pick up,3 ans,5,4,4,Diesel,7 CV,181 CH,400 nm 1400 tr/min,2157 CM³,Manuelle,6,Intégrale,5095 mm,1950 mm,1840 mm,,N.C,185 KM/H,10.9 L/100 km,7.2 L/100 km,8.6 L/100 km,Oui,Frontaux,,ESP,Oui,EBD | ESS,TPMS,Oui,Radar de recul | Radar avant | Caméra de recul,Oui,,Cruise control,LED,Poignées de portes | Rétroviseurs,,En aluminium | 17'',,Bi-xénon,6 haut-parleurs | Commandes au volant,USB | Android Auto | Apple Carplay | Bluetooth,Tactile | 12 pouces,Avant | Arrière,,,Cuir,Tissu,,Conducteur,Oui,,Cuir,En hauteur,Démarrage mains libres,Automatique | Bizone,À distance,Oui,,Anti-éblouissement,Électriques | Rabattables | Dégivrants | Avec clignotants intégrés,Avant/Arrière,2026-02-08 17:51:39.714049,,HDC,,,,Accès mains libres,,,Oui,,HSA,,,,,,,Oui,,10.25 pouces,,,,,Porte-lunettes,,,,,Oui,1 prise 12 V,Eco | Power | Winter,,,,,,,,,,,,,,,,,,,Oui,,790 KG,,,,,,,,,,,,,,,,,,,,,,,,,,,,ARP,,,,,,,,,,,,,,,,,,,
Ssangyong,Ssangyong Rexton,https://www.automobile.tn/fr/neuf/ssangyong/rexton/2.2-l-diesel-bva-5-places,Ssangyong Rexton,https://www.automobile.tn/fr/neuf/ssangyong/rexton/2.2-l-diesel-bva-5-places,,Disponible,SUV,3 ans ou 100.000 km,5,5,4,Diesel,12 CV,202 CH,400 nm 1400 tr/min,2157 CM³,Automatique,8,Intégrale,4850 mm,1960 mm,1825 mm,784 L,N.C,187 KM/H,9.5 L/100 km,6.2 L/100 km,7.4 L/100 km,Oui,Frontaux | Latéraux | Rideaux,LDW,ESP | TCS,Oui,AFU | BAS | EBD | HBA |  Freinage automatique anti-collision (AEB),TPMS,Oui,Radar de recul | Radar avant | Système de caméras 360 | Détection du trafic en marche arrière,Oui,,Cruise control,LED,,Feux de jour | Avant | Arrières,En aluminium | 20'',,Full LED,8 haut-parleurs | Commandes au volant,2 USB | Android Auto | Apple Carplay | AUX | Bluetooth | 1 fente pour carte SD | Chargeur de téléphone sans fil,Tactile | 8 pouces,Avant,,Chromée,Cuir,Cuir | Nappa,Électriques | Chauffants | Ventilés | Fonction mémoire,Conducteur et passager,Oui,Teintées | Lunette et vitres arrières sur-teintées | Acoustiques | Athermiques,Cuir | Chauffant | Multi-fonctions | Chrome | Avec palettes,En hauteur et en profondeur,Démarrage mains libres,Automatique | Bizone,À distance,Oui,,Anti-éblouissement,Électriques | Rabattables | Dégivrants | Avec clignotants intégrés | Éclairage d'accueil à LED,Avant/Arrière,2026-02-08 17:51:42.310351,LKA,HDC,,,Ouvrant,Accès mains libres,,Périmétrique,Oui,,HSA,DAA,Chrome,,,LED,Eclairés,Oui,Éléctrique,Oui,,,,,Poches aumônières,,Ouverture et fermeture motorisées,Chromée,,Oui,1 prise 12 V,,Rear Cross Traffic Monitor,,,,,,,,,,,,,,,Oui,,,,,,,,,Oui,,,BSD,,,,,,,,,,,,,,,,,,,,,ARP,,,,,,,,,,,,,,,,,,,
Suzuki,Suzuki Celerio Populaire,https://www.automobile.tn/fr/neuf/suzuki/celerio-populaire/1.0-l-gl,Suzuki Celerio Populaire,https://www.automobile.tn/fr/neuf/suzuki/celerio-populaire/1.0-l-gl,,Disponible | Sous réserve d'acceptation du dossier par le ministère du commerce,Citadine,3 ans,5,5,3,Essence,4 CV,68 CH,90 nm 3500 tr/min,998 CM³,Manuelle,5,Traction,3695 mm,1655 mm,1555 mm,295 L,14 s,155 KM/H,5.1 L/100 km,3.7 L/100 km,4.3 L/100 km,Oui,Frontaux,,ESP,,,,,Radar de recul,Électrique,,,Oui,Poignées de portes | Rétroviseurs,,En aluminium | 15'',,,4 haut-parleurs | Commandes au volant,USB | Android Auto | Apple Carplay | Bluetooth,Tactile | 7 pouces,,,,,Tissu,,,,,3 branches,En hauteur,,Manuelle,À distance,,Oui,,Électriques,Avant/Arrière,2026-02-08 17:51:45.978550,,,,,,,,Oui,,,,,,,,,,,,,,,,,,,,Chromée | Noire,,,1 prise 12 V,,,,,,,,,,,,,,,,,,,,,,,,,,,,,,,,,,,,,,,,,,,,,,,,Oui,,,,,,,,,,,,,,,,,,,,,
Suzuki,Suzuki Swift,https://www.automobile.tn/fr/neuf/suzuki/swift,1.2 L GL,https://www.automobile.tn/fr/neuf/suzuki/swift/1.2-l-gl-mt,56 400 DT,En pré-commande,Citadine,3 ans,5,5,3,Essence,4 CV,82 CH,112 nm 4300 tr/min,1197 CM³,Manuelle,5,Traction,3860 mm,1735 mm,1520 mm,265 L,12.5 s,170 KM/H,,,4.4 L/100 km,Oui,Frontaux | Latéraux | Rideaux,,ESP,Oui,EBD,,,Radar de recul | Caméra de recul,Oui,,,,,,14'' | Enjoliveurs,,,Commandes au volant,USB | Bluetooth,Tactile | 7 pouces,,,,,Tissu,,Conducteur,Oui,,Multi-fonctions,En hauteur,,Automatique,À distance,Oui,Oui,,Électriques | Rabattables | Avec clignotants intégrés,Avant/Arrière,2026-02-08 17:51:48.810029,,,,,,,,Oui,,,HHC,,,,,,,,,,,,,,,,,,,,1 prise 12 V,,,,,,,,,,,,,,,,,,,,,,,,,,,,,,,,,,,,,,,,,,,,,,,,,,,,,,,,,,,,,,,,,,,,,
Suzuki,Suzuki Swift,https://www.automobile.tn/fr/neuf/suzuki/swift,1.2 L CVT GL,https://www.automobile.tn/fr/neuf/suzuki/swift/1.2-l-cvt-gl,60 400 DT,En pré-commande,Citadine,3 ans,5,5,3,Essence,4 CV,82 CH,112 nm 4300 tr/min,1197 CM³,Automatique,,Traction,3860 mm,1735 mm,1520 mm,265 L,12.5 s,165 KM/H,,,4.4 L/100 km,Oui,Frontaux | Latéraux | Rideaux,,ESP,Oui,EBD,,,Radar de recul | Caméra de recul,Oui,,,,,,14'' | Enjoliveurs,,,Commandes au volant,USB | Bluetooth,Tactile | 7 pouces,,,,,Tissu,,Conducteur,Oui,,Multi-fonctions,En hauteur,,Automatique,À distance,Oui,,,Électriques | Rabattables | Avec clignotants intégrés,Avant/Arrière,2026-02-08 17:51:50.575521,,,,,,,,Oui,,,HHC,,,,,,,,,,,,,,,,,,,,1 prise 12 V,,,,,,,,,,,,,,,,,,,,,,,,,,,,,,,,,,,,,,,,,,,,,,,,,,,,,,,,,,,,,,,,,,,,,
Suzuki,Suzuki Swift,https://www.automobile.tn/fr/neuf/suzuki/swift,1.2 L GLX,https://www.automobile.tn/fr/neuf/suzuki/swift/1.2-l-mt-glx,60 400 DT,En pré-commande,Citadine,3 ans,5,5,3,Essence,4 CV,82 CH,112 nm 4300 tr/min,1197 CM³,Manuelle,5,Traction,3860 mm,1735 mm,1520 mm,265 L,12.5 s,170 KM/H,,,4.4 L/100 km,Oui,Frontaux | Latéraux | Rideaux,,ESP,Oui,EBD,,,Radar de recul | Caméra de recul,Électrique,,Oui,Oui,Pare-chocs | Poignées de portes | Rétroviseurs,,En aluminium | 15'',,LED,Commandes au volant,USB | Bluetooth,Tactile | 9 pouces,,,,,Tissu,,Conducteur,Oui,,Cuir | 3 branches | Multi-fonctions,En hauteur,Démarrage mains libres,Automatique,À distance,Oui,Oui,,Électriques | Rabattables | Avec clignotants intégrés,Avant/Arrière,2026-02-08 17:51:52.347200,,,,,,,,Oui,,,HHC,,,,,,,,,,,,,,,,,,,,1 prise 12 V,,,,,,,,,,,,,,,,,,,,,,,,,,,,,,,,,,,,,,,,,,,,,,,,,,,,,,,,,,,,,,,,,,,,,
Suzuki,Suzuki Swift,https://www.automobile.tn/fr/neuf/suzuki/swift,1.2 L CVT GLX,https://www.automobile.tn/fr/neuf/suzuki/swift/1.2-l-cvt-glx,64 900 DT,En pré-commande,Citadine,3 ans,5,5,3,Essence,4 CV,82 CH,112 nm 4300 tr/min,1197 CM³,Automatique,,Traction,3860 mm,1735 mm,1520 mm,265 L,12.5 s,165 KM/H,,,4.4 L/100 km,Oui,Frontaux | Latéraux | Rideaux,,ESP,Oui,EBD,,,Radar de recul | Caméra de recul,Électrique,,Oui,Oui,Pare-chocs | Poignées de portes | Rétroviseurs,,En aluminium | 15'',,LED,Commandes au volant,USB | Bluetooth,Tactile | 9 pouces,,,,,Tissu,,Conducteur,Oui,,Cuir | 3 branches | Multi-fonctions | Avec palettes,En hauteur,Démarrage mains libres,Automatique,À distance,Oui,,,Électriques | Rabattables | Avec clignotants intégrés,Avant/Arrière,2026-02-08 17:51:54.169508,,,,,,,,Oui,,,HHC,,,,,,,,,,,,,,,,,,,,1 prise 12 V,,,,,,,,,,,,,,,,,,,,,,,,,,,,,,,,,,,,,,,,,,,,,,,,,,,,,,,,,,,,,,,,,,,,,
Suzuki,Suzuki Dzire,https://www.automobile.tn/fr/neuf/suzuki/dzire,1.2 L GL+,https://www.automobile.tn/fr/neuf/suzuki/dzire/1.2-l-glplus,56 900 DT,En pré-commande,Berline,3 ans ou 100.000 km,5,4,3,Essence,4 CV,82 CH,112 nm 4300 tr/min,1197 CM³,Manuelle,5,Traction,3995 mm,1765 mm,1550 mm,382 L,13.5 s,160 KM/H,5.3 L/100 km,3.9 L/100 km,4.3 L/100 km,Oui,Frontaux | Latéraux | Rideaux,,ESP,Oui,EBD,,Oui,Radar de recul | Caméra de recul,Oui,,Oui,,Pare-chocs | Poignées de portes | Rétroviseurs,,En aluminium | 15'',,,Commandes au volant,USB | Bluetooth,Tactile | 7 pouces,Arrière,,,,Tissu,,,Oui,,3 branches | Multi-fonctions,En hauteur,,Automatique,À distance,Oui,,,Électriques | Avec clignotants intégrés,Avant/Arrière,2026-02-08 17:51:56.677315,,,,,,,,Oui,,,HHC,,,,,,,,,,,,,,,,,Noire,,,1 prise 12 V,,,,,,,,,,,,,,,,,,,,,,,,,,,,,,,,,,,,,,,,,,,,,,,,,,,,,,,,,,,,,,,,,,,,,
Suzuki,Suzuki Dzire,https://www.automobile.tn/fr/neuf/suzuki/dzire,1.2 L GLX,https://www.automobile.tn/fr/neuf/suzuki/dzire/1.2-l-glx,60 400 DT,En pré-commande,Berline,3 ans ou 100.000 km,5,4,3,Essence,4 CV,82 CH,112 nm 4300 tr/min,1197 CM³,Manuelle,5,Traction,3995 mm,1765 mm,1550 mm,382 L,13.5 s,160 KM/H,5.3 L/100 km,3.9 L/100 km,4.3 L/100 km,Oui,Frontaux | Latéraux | Rideaux,,ESP,Oui,EBD,,Oui,Radar de recul | Caméra de recul,Électrique,,Oui,Oui,Pare-chocs | Poignées de portes | Rétroviseurs,Feux de jour,En aluminium | 15'',,,Commandes au volant,USB | Bluetooth,Tactile | 9 pouces,Arrière,,,,Tissu,,,Oui,,Cuir | 3 branches | Multi-fonctions,En hauteur,Démarrage mains libres,Automatique,À distance,Oui,Oui,,Électriques | Avec clignotants intégrés,Avant/Arrière,2026-02-08 17:51:58.477509,,,,,,,,Oui,,,HHC,,,,,,,,,,,,,,,,,Noire,,,1 prise 12 V,,,,,,,,,,,,,,,,,,,,,,,,,,,,,,,,,,,,,,,,,,,,,,,,,,,,,,,,,,,,,,,,,,,,,
Suzuki,Suzuki Dzire,https://www.automobile.tn/fr/neuf/suzuki/dzire,1.2 L CVT GL+,https://www.automobile.tn/fr/neuf/suzuki/dzire/1.2-l-cvt-glplus,61 400 DT,En pré-commande,Berline,3 ans ou 100.000 km,5,4,3,Essence,4 CV,82 CH,112 nm 4300 tr/min,1197 CM³,Automatique,,Traction,3995 mm,1765 mm,1550 mm,382 L,13.5 s,160 KM/H,5.3 L/100 km,4 L/100 km,4.5 L/100 km,Oui,Frontaux | Latéraux | Rideaux,,ESP,Oui,EBD,,Oui,Radar de recul | Caméra de recul,Oui,,Oui,,Pare-chocs | Poignées de portes | Rétroviseurs,,En aluminium | 15'',,,Commandes au volant,USB | Bluetooth,Tactile | 7 pouces,Arrière,,,,Tissu,,,Oui,,3 branches | Multi-fonctions,En hauteur,,Automatique,À distance,Oui,,,Électriques | Avec clignotants intégrés,Avant/Arrière,2026-02-08 17:52:00.222639,,,,,,,,Oui,,,HHC,,,,,,,,,,,,,,,,,Noire,,,1 prise 12 V,,,,,,,,,,,,,,,,,,,,,,,,,,,,,,,,,,,,,,,,,,,,,,,,,,,,,,,,,,,,,,,,,,,,,
Suzuki,Suzuki Dzire,https://www.automobile.tn/fr/neuf/suzuki/dzire,1.2 L CVT GLX,https://www.automobile.tn/fr/neuf/suzuki/dzire/1.2-l-cvt-glx,65 400 DT,En pré-commande,Berline,3 ans ou 100.000 km,5,4,3,Essence,4 CV,82 CH,112 nm 4300 tr/min,1197 CM³,Automatique,,Traction,3995 mm,1765 mm,1550 mm,382 L,13.5 s,160 KM/H,5.3 L/100 km,4 L/100 km,4.5 L/100 km,Oui,Frontaux | Latéraux | Rideaux,,ESP,Oui,EBD,,Oui,Radar de recul | Caméra de recul,Électrique,,Oui,Oui,Pare-chocs | Poignées de portes | Rétroviseurs,Feux de jour,En aluminium | 15'',,,Commandes au volant,USB | Bluetooth,Tactile | 9 pouces,Arrière,,Effet bois,,Tissu,,Conducteur,Oui,,Cuir | 3 branches | Multi-fonctions,En hauteur,Démarrage mains libres,Automatique,À distance,Oui,Oui,,Électriques | Avec clignotants intégrés,Avant/Arrière,2026-02-08 17:52:02.024048,,,,,,Accès mains libres,,Oui,,,HHC,,,,,,,,,,,,,,,,,Noire,,,1 prise 12 V,,,,,,,,,,,,,,,,,,,,,,,,,,,,,,,,,,,,,,,,,,,,,,,,,,,,,,,,,,,,,,,,,,,,,
Suzuki,Suzuki Baleno,https://www.automobile.tn/fr/neuf/suzuki/baleno,1.5 L GL BVM,https://www.automobile.tn/fr/neuf/suzuki/baleno/1.5-l-gl-bvm,67 900 DT,Disponible,Compacte,3 ans,5,5,4,Essence,6 CV,105 CH,138 nm 4400 tr/min,1462 CM³,Manuelle,5,Traction,3990 mm,1745 mm,1500 mm,318 L,11.2 s,160 KM/H,7 L/100 km,4.9 L/100 km,5.7 L/100 km,Oui,Frontaux,,ESP,Oui,EBD,,,Radar de recul | Caméra de recul,Oui,,Oui,Oui,Rétroviseurs,,En aluminium | 16'',,,4 haut-parleurs | Commandes au volant,USB | USB-C | AUX | Bluetooth,Tactile,Avant,,,,Tissu,,,,,Multi-fonctions,En hauteur et en profondeur,,Automatique,À distance,Oui,,,Électriques | Rabattables | Avec clignotants intégrés,Avant/Arrière,2026-02-08 17:52:04.556218,,,,,,,,Oui,,,,,,,Oui,,,,,,,,,,,,,Chromée | Noire,,,1 prise 12 V,,,,,,,,,,,,,,,,,,,,,,,,,,,,,,,,,,,,,,,,,,,,,,,,,,,,,,,,,,,,,,,,,,,,,
Suzuki,Suzuki Baleno,https://www.automobile.tn/fr/neuf/suzuki/baleno,1.5 L GLX BVA,https://www.automobile.tn/fr/neuf/suzuki/baleno/1.5-l-glx-bva,76 900 DT,Disponible,Compacte,3 ans,5,5,4,Essence,6 CV,105 CH,138 nm 4400 tr/min,1462 CM³,Automatique,4,Traction,3990 mm,1745 mm,1500 mm,318 L,11.2 s,160 KM/H,7 L/100 km,4.9 L/100 km,5.7 L/100 km,Oui,Frontaux | Latéraux | Rideaux,,ESP,Oui,EBD,,,Radar de recul | Système de caméras 360,Oui,,Oui,Oui,Rétroviseurs,Feux de jour | Avant,En aluminium | 16'',,LED,4 haut-parleurs | Commandes au volant,USB | USB-C | Android Auto | AUX | Bluetooth,Tactile | 9 pouces,Avant,,,,Tissu,,Conducteur,,Teintées | Lunette et vitres arrières sur-teintées,Cuir | Multi-fonctions,En hauteur et en profondeur,Démarrage mains libres,Automatique,À distance,Oui,Oui,,Électriques | Rabattables | Avec clignotants intégrés,Avant/Arrière,2026-02-08 17:52:06.338056,,,,,,Accès mains libres,,Oui,Oui,,Oui,,,,Oui,,Chromés,,,,,,,,,,,Chromée | Noire,,,1 prise 12 V,,,,,,,,,,,,Oui,,,,,,,,,,,,,,,,,,,,,,,,,,,,,,,,,,,Chromées,,,,,,,,,,,,,,,,,,,,,,
Suzuki,Suzuki Fronx,https://www.automobile.tn/fr/neuf/suzuki/fronx,1.5 L GL BVM,https://www.automobile.tn/fr/neuf/suzuki/fronx/1.5-l-bvm,76 900 DT,Disponible,SUV,3 ans ou 100.000 km,5,5,4,Essence,6 CV,105 CH,138 nm 4400 tr/min,1462 CM³,Manuelle,5,Traction,3995 mm,1765 mm,1550 mm,304 L,9.56 s,175 KM/H,,,5.5 L/100 km,Oui,Frontaux | Latéraux | Rideaux,,ESP,Oui,EBD,,,Radar de recul | Caméra de recul,Oui,,Oui,Oui,Poignées de portes,Feux de jour | Avant | Arrières,En aluminium | 16'',,LED,4 haut-parleurs | Commandes au volant,USB | Android Auto | Apple Carplay | Bluetooth,Tactile | 7 pouces,Avant,,,,Tissu,,,Oui,,,En hauteur et en profondeur,,Automatique,À distance,Oui,,,Électriques | Rabattables | Avec clignotants intégrés,Avant/Arrière,2026-02-08 17:52:09.006667,,,,,,,1009 L,Oui,Oui,,,,,,Oui,,,,,,,,,,,,,Chromée | Noire,,,1 prise 12 V,,,,,,,,,,,,,,,,,,,,,,,,,,,,,,,,,,,,,,,,,,,,,,,,,,,,,,,,,,,,,,,,,,,,,
Suzuki,Suzuki Fronx,https://www.automobile.tn/fr/neuf/suzuki/fronx,1.5 L GLX BVA,https://www.automobile.tn/fr/neuf/suzuki/fronx/1.5-l-bva-glx,87 900 DT,Disponible,SUV,3 ans ou 100.000 km,5,5,4,Essence,6 CV,105 CH,138 nm 4400 tr/min,1462 CM³,Automatique,4,Traction,3995 mm,1765 mm,1550 mm,304 L,9.56 s,175 KM/H,,,5.5 L/100 km,Oui,Frontaux | Latéraux | Rideaux,,ESP,Oui,EBD,,,Radar de recul | Système de caméras 360,Oui,,Oui,Oui,Rétroviseurs,Feux de jour | Avant | Arrières,En aluminium | 16'',,LED,6 haut-parleurs | Commandes au volant,USB | Android Auto | Apple Carplay | Bluetooth | Chargeur de téléphone sans fil,Tactile | 9 pouces,Avant,,,,Tissu,,Conducteur,,Lunette et vitres arrières sur-teintées,Cuir | Multi-fonctions,En hauteur et en profondeur,Démarrage mains libres,Automatique,À distance,Oui,Oui,,Électriques | Rabattables | Avec clignotants intégrés,Avant/Arrière,2026-02-08 17:52:10.797574,,,,,,Accès mains libres,1009 L,Oui,Oui,,Oui,,,,Oui,,,,,,,,,,,,,Chromée | Noire,,,1 prise 12 V,,,,,,,,,,,,Oui,,,,,Chromées,,,,,,,,,,,,,,,,,,,,,,,,,,,,,,Chromées,,,,,,,,,,,,,,,,,,,,,,
Suzuki,Suzuki Jimny 5 portes,https://www.automobile.tn/fr/neuf/suzuki/jimny-5p/1.5-l-4x4-bva-raid-edition,Suzuki Jimny 5 portes,https://www.automobile.tn/fr/neuf/suzuki/jimny-5p/1.5-l-4x4-bva-raid-edition,,2 mois,SUV,3 ans,4,5,4,Essence,6 CV,102 CH,130 nm 4000 tr/min,1462 CM³,Automatique,4,Intégrale,3965 mm,1645 mm,1705 mm,211 L,N.C,145 KM/H,7.7 L/100 km,6.2 L/100 km,6.8 L/100 km,Oui,Frontaux | Latéraux | Rideaux,,ESP,Oui,,,Oui,Radar de recul | Caméra de recul,Oui,Oui,,Oui,,Feux de jour,En aluminium | 15'',Oui,LED,Commandes au volant,USB | Android Auto | Apple Carplay | Bluetooth,Tactile | 9 pouces,,,,,Tissu,,,Oui,,3 branches,En hauteur,,Automatique,À distance,Oui,,,Électriques | Noirs,Avant/Arrière,2026-02-08 17:52:13.333411,,Oui,,,,,,,Oui,,Oui,,,,,,,Oui,,,,Raid Edition,,,,,,,,,1 prise 12 V,,,,,,,,,,,,,,,,,,,,,,,,,,,,,,,,,,,,,,,,,,,,,,Oui,,,,,,,,,,,,,,,,,,,,,,,
Tata,Tata Super Ace Simple Cabine,https://www.automobile.tn/fr/neuf/tata/super-ace/1.4-l-turbo-diesel-simple-cabine-2023,Tata Super Ace Simple Cabine,https://www.automobile.tn/fr/neuf/tata/super-ace/1.4-l-turbo-diesel-simple-cabine-2023,,Sur arrivage,Pick up,5 ans ou 125.000 km,2,2,4,Diesel,5 CV,71 CH,140 nm 3000 tr/min,1396 CM³,Manuelle,5,Propulsion,4320 mm,1565 mm,1864 mm,,N.C,135 KM/H,8.85 L/100 km,5.78 L/100 km,6.9 L/100 km,,,,,,,,,,Oui,,,,,,14'',,,Oui,,,,,,,Tissu,,,,,,,,Manuelle,,,,,,Avant,2026-02-08 17:52:16.705558,,,,,,,,,,,,,,,,,,,,,,,,,,,,,,,,,,,,,,,,,,,,,,,,,,,,,940 KG,,,,,,,,,,,,,,,,,,,,,,,,,,,,,,,,,,,,,,,,,,,,,,,
Tata,Tata Xenon X2 Simple Cabine,https://www.automobile.tn/fr/neuf/tata/xenon-x2/2.2l-turbo,Tata Xenon X2 Simple Cabine,https://www.automobile.tn/fr/neuf/tata/xenon-x2/2.2l-turbo,,Disponible,Pick up,5 ans ou 125.000 km,2,2,4,Diesel,7 CV,150 CH,320 nm 1500 tr/min,2179 CM³,Manuelle,5,Propulsion,5312 mm,1860 mm,1788 mm,,N.C,160 KM/H,9.1 L/100 km,6.6 L/100 km,7.6 L/100 km,Oui,,,,,,,,,Oui,,,Oui,,,16'',,,Oui,,,,,,,Tissu,,,Oui,,,,,Manuelle,À distance,,,,,Avant,2026-02-08 17:52:19.281210,,,,,,,,Oui,,,,,,,,,,,,,,,,,,,,,,,,,,,,,,,,,,,,,,,,,,,,,1210 KG,,,,,,,,,,,,,,,,,,,,,,,,,,,,,,,,,,,,,,,,,,,,,,,
Tata,Tata Xenon X2 Double Cabine 4x2,https://www.automobile.tn/fr/neuf/tata/xenon-dc/2.2-l-4x2-2023,Tata Xenon X2 Double Cabine 4x2,https://www.automobile.tn/fr/neuf/tata/xenon-dc/2.2-l-4x2-2023,,Sur arrivage,Pick up,5 ans ou 125.000 km,5,4,4,Diesel,7 CV,150 CH,320 nm 1500 tr/min,2179 CM³,Manuelle,5,Propulsion,5312 mm,1860 mm,1803 mm,,N.C,160 KM/H,9.7 L/100 km,6.6 L/100 km,7.8 L/100 km,Oui,Frontaux,,,,,,,,Oui,,,Oui,,,En aluminium | 16'',,,Oui,,,,,,,Tissu,,,,,,,,Manuelle,À distance,,,,Électriques,Avant/Arrière,2026-02-08 17:52:21.861260,,,,,,,,Oui,,,,,,,,,,,,,,,,,,,,,,,1 prise 12 V,,,,,,,,,,,,,,,,,,,,,,1030 KG,,,,,,,,,,,,,,,,,,,,,,,,,,,,,,Avant,,,,,,,,,,,,,,,,,
Tata,Tata Xenon X2 Double Cabine 4x4,https://www.automobile.tn/fr/neuf/tata/xenon-x2-double-cabine-4x4/2.2-l-4x4,Tata Xenon X2 Double Cabine 4x4,https://www.automobile.tn/fr/neuf/tata/xenon-x2-double-cabine-4x4/2.2-l-4x4,,Sur arrivage,Pick up,5 ans ou 125.000 km,5,4,4,Diesel,7 CV,150 CH,320 nm 1500 tr/min,2179 CM³,Manuelle,5,Intégrale,5312 mm,1860 mm,1805 mm,,N.C,160 KM/H,9.7 L/100 km,6.6 L/100 km,7.8 L/100 km,Oui,Frontaux,,,,,,,,Oui,,,Oui,,,En aluminium | 16'',,,Oui,,,,,,,Tissu,,,,,,,,Manuelle,À distance,,,,Électriques,Avant/Arrière,2026-02-08 17:52:24.460935,,,,,,,,Oui,,,,,,,,,,,,,,,,,,,,,,,1 prise 12 V,,,,,,,,,,,,,,,,,,,,,,990 KG,,,,,,,,,,,,,,,,,,,,,,,,,,,,,,Avant,,,,,,,,,,,,,,,,,
Toyota,Toyota Yaris Hybride,https://www.automobile.tn/fr/neuf/toyota/yaris-hybride/1.5-l-cvt-france,Toyota Yaris Hybride,https://www.automobile.tn/fr/neuf/toyota/yaris-hybride/1.5-l-cvt-france,,Disponible,Citadine,3 ans ou 100.000 km | Batterie garantie 5 ans ou 150.000 km,5,5,3,Essence | Hybride,4 CV,116 CH,120 nm 3600 tr/min,1490 CM³,Automatique,5,Traction,3940 mm,1745 mm,1470 mm,284 L,9.7 s,175 KM/H,2.2 L/100 km,3.2 L/100 km,2.8 L/100 km,Oui,Frontaux | Latéraux | Rideaux | Centraux,,ESP,Oui,EBA | EBD,,Oui,Caméra de recul,Électrique,,Oui,,Pare-chocs | Poignées de portes | Rétroviseurs,Feux de jour | Arrières,15'',,,Commandes au volant | Toyota Touch,USB | Android Auto | Apple Carplay | Bluetooth | Commande vocale | Chargeur de téléphone sans fil,Tactile | 9 pouces,Avant,3,,Cuir,Tissu,,Conducteur,Oui,,Cuir | Multi-fonctions,En hauteur et en profondeur,,Automatique,À distance,Ecran TFT 4.2'',,,Électriques | Avec clignotants intégrés,Avant,2026-02-08 17:52:28.109560,,,,,,,947 L,,Oui,,Autohold,,,,Oui,,,,Éléctrique,,,,Métallisée,,,,,,,,,Confort | Sport | Eco,,,,,,,,,,,,,,,,,,,,,,,,,,,,,,,,,,,,,,,,,,,,,,,,,,,,,,,,,,,,,,,,,,,,
Toyota,Toyota Yaris Cross Hybride,https://www.automobile.tn/fr/neuf/toyota/yaris-cross/1.5-l-cvt-2023,Toyota Yaris Cross Hybride,https://www.automobile.tn/fr/neuf/toyota/yaris-cross/1.5-l-cvt-2023,,Disponible,SUV,3 ans ou 100.000 km | Batterie garantie 5 ans ou 150.000 km,5,5,3,Essence | Hybride,5 CV,116 CH,120 nm 3600 tr/min,1490 CM³,Automatique,,Traction,4180 mm,1765 mm,1595 mm,397 L,11.2 s,170 KM/H,,,4.4 L/100 km,Oui,Frontaux | Latéraux | Rideaux,,VSC,Oui,,Oui,,Caméra de recul,Oui,,,Oui,Poignées de portes,Clignotants à défilement,En aluminium | 17'' | Noires,,Full LED,Commandes au volant,USB | Android Auto | Apple Carplay | Bluetooth | Chargeur de téléphone sans fil,Tactile,Avant | Arrière,,,,Cuir/Tissu,Chauffants,Conducteur,Oui,Lunette et vitres arrières sur-teintées,Cuir | Multi-fonctions,En hauteur et en profondeur,Démarrage mains libres,Automatique | Bizone,À distance,Oui,,Anti-éblouissement,Électriques | Rabattables,Avant/Arrière,2026-02-08 17:52:30.651055,,,,,,Accès mains libres,1097 L,,Oui,,Oui,,,,,,,Oui,Éléctrique,,,,,,,,Ouverture et fermeture motorisées,,,,,Normal | Sport | Eco | EV Mode,,,,,,,,,,,Oui,,,,,,,,,,,,,,,,,,,,,,,,,,,,,,,,,,,,,,,,,,,,,,,,,,,,,,,,,
Toyota,Toyota RAV 4 Hybride,https://www.automobile.tn/fr/neuf/toyota/rav-4-hybride/2.5-l-hybride,Toyota RAV 4 Hybride,https://www.automobile.tn/fr/neuf/toyota/rav-4-hybride/2.5-l-hybride,,Disponible,SUV,3 ans ou 100.000 km | Batterie garantie 5 ans ou 150.000 km,5,5,4,Essence | Hybride,9 CV,218 CH,221 nm 5200 tr/min,2478 CM³,Automatique,7,Traction,4600 mm,1855 mm,1690 mm,580 L,8.4 s,180 KM/H,5.0 L/100 km,4.8 L/100 km,4.8 L/100 km,Oui,Frontaux | Latéraux | Rideaux | Genoux,,VSC,Oui,EBA | EBD,,Oui,Radar de recul | Radar avant | Caméra de recul,Oui,,Oui,Oui,Poignées de portes,Feux de jour | Arrières,En aluminium | 18'',,Full LED,Commandes au volant,USB | Android Auto | Apple Carplay | AUX | Bluetooth | Chargeur de téléphone sans fil,Tactile | 8 pouces,Avant | Arrière,3,Noir brillant,Cuir,Cuir,Conducteur à réglage électrique | Chauffants | Réglage lombaire | Fonction mémoire,Conducteur et passager,Oui,Lunette et vitres arrières sur-teintées,Cuir | Multi-fonctions,En hauteur et en profondeur,Démarrage mains libres,Automatique | Bizone,À distance,Ecran TFT 7'',,Anti-éblouissement,Électriques | Rabattables | Dégivrants | Avec clignotants intégrés,Avant/Arrière,2026-02-08 17:52:33.490957,,,Doubles,,Ouvrant | Panoramique,Accès mains libres,,,Oui,,Oui,,Chrome,,,Oui,,Oui,Éléctrique,,,,,,,,,,,,,Normal | Sport | Eco | EV Mode,,,,,,,,,,,,,,,,Oui,,,,,,,,,,,,,,,,,,,,,,,,,,,,,,,,,,,,,,,,,,,,,,,,,,,,
Toyota,Toyota Fortuner,https://www.automobile.tn/fr/neuf/toyota/fortuner/2.4-l-d-4d-bva,Toyota Fortuner,https://www.automobile.tn/fr/neuf/toyota/fortuner/2.4-l-d-4d-bva,,Disponible,SUV,3 ans ou 100.000 km,7,5,4,Diesel,8 CV,150 CH,400 nm 1600 tr/min,2393 CM³,Automatique,6,Intégrale,4795 mm,1855 mm,1835 mm,253 L,9.4 s,175 KM/H,9.6 L/100 km,6.7 L/100 km,7.4 L/100 km,Oui,Frontaux | Genoux,,VSC,Oui,,,,Radar de recul | Caméra de recul,Adaptative,,Oui,LED,,Feux de jour | Avant | Arrières,En aluminium | 18'',,LED,Oui,Android Auto | Apple Carplay | Bluetooth,8 pouces,Avant | Arrière,,,,Tissu | Surpiqures,,Conducteur,Oui,,Cuir | Multi-fonctions,En hauteur et en profondeur,Démarrage mains libres,Automatique | Bizone | Ventilation arrière,À distance,Oui,,Anti-éblouissement,Électriques | Rabattables | Avec clignotants intégrés,Avant/Arrière,2026-02-08 17:52:36.020212,,Oui,,,,Accès mains libres,,Oui,Oui,,HAC,,Chrome,,,,,,,,,,Métallisée,,,,,Chromée | Piano Black,,,1 prise 12 V,,,,,,,,,,,,,,,,,Oui,,,Arrière,,,,,,,,,,,,,,,,,,,,,,,,,,Oui,Chromées,,,,,,,,,,,,,,,,,,,,,,
Toyota,Toyota Prado,https://www.automobile.tn/fr/neuf/toyota/prado,2.8 L TX Business BVA,https://www.automobile.tn/fr/neuf/toyota/prado/2.8-l-tx-bva,324 000 DT,Sur arrivage,SUV,3 ans ou 100.000 km,7,5,4,Diesel,11 CV,204 CH,500 nm 1600 tr/min,2755 CM³,Automatique,8,Intégrale,4930 mm,1980 mm,1935 mm,621 L,9.9 s,175 KM/H,,,7.9 L/100 km,Oui,Frontaux | Latéraux | Genoux,,VSC,Oui,EBD,,Oui,,Électrique,,,LED,Oui,Feux de jour | Avant | Arrières,En aluminium | 18'',,LED,6 haut-parleurs | Système Audio JBL,USB-C | Android Auto | Apple Carplay | Bluetooth,Tactile | 8 pouces,Avant | Arrière,,,Cuir,Tissu,,Conducteur et passager,Oui,,Cuir | Multi-fonctions,En hauteur et en profondeur,Démarrage mains libres,Automatique | 3 zones | Ventilation arrière,À distance,Oui,,,Électriques | Noirs | Avec clignotants intégrés,Avant/Arrière,2026-02-08 17:52:38.674770,,Oui,,,,,,Oui,Oui,,Oui,,,,Oui,,,,Éléctrique,7 pouces,,,,,,,,,,,,Normal | Sport | Eco,,,,,,,,,,,,,,,,Oui,,,Central,,,,,,,,,,,,,,,,,,,,,,,,,,Oui,,,,,,,,,,,,,,,,,,,,,,,
Toyota,Toyota Prado,https://www.automobile.tn/fr/neuf/toyota/prado,2.8 L WX Adventure BVA,https://www.automobile.tn/fr/neuf/toyota/prado/2.8-l-wx-bva-adventure,379 000 DT,Sur arrivage,SUV,3 ans ou 100.000 km,7,5,4,Diesel,11 CV,204 CH,500 nm 1600 tr/min,2755 CM³,Automatique,8,Intégrale,4930 mm,1980 mm,1935 mm,621 L,9.9 s,175 KM/H,,,7.9 L/100 km,Oui,Frontaux | Latéraux | Genoux,,VSC,Oui,EBD,,Oui,Radar de recul | Radar avant | Système de caméras 360,Électrique,,Oui,LED,Oui,Feux de jour | Avant | Arrières,En aluminium | 18'',,Full LED,10 haut-parleurs | Système Audio JBL,USB-C | Android Auto | Apple Carplay | Bluetooth | Chargeur de téléphone sans fil | HDMI,Tactile | 12.3 pouces,Avant | Réfrigéré | Arrière,,,Cuir,Cuir,Électriques | Chauffants | Ventilés | Réglage lombaire | Fonction mémoire,Conducteur et passager,Oui,Teintées,Cuir | Multi-fonctions,En hauteur et en profondeur,Démarrage mains libres,Automatique | 3 zones | Ventilation arrière,À distance,Oui,,Anti-éblouissement  | Sans Cadre | Avec caméra arrière,Électriques | Rabattables | Dégivrants | Noirs | Avec clignotants intégrés,Avant/Arrière,2026-02-08 17:52:40.490087,,Oui,,,Ouvrant,Accès mains libres,,Oui,Oui,,Oui,,,,Oui,Oui,,,Éléctrique,12.3 pouces,,,,,,,Ouverture et fermeture motorisées | Cache Bagages,,,,,Normal | Sport | Eco,,,,,,,,,,,Oui,,,,,Oui,,,Arrière | Central,,,,,,,,,,,,,,,,,,,,,,Oui,,,,Oui,,,,,,,,,,,,,,,,,,,,,,,
Toyota,Toyota Land Cruiser 300,https://www.automobile.tn/fr/neuf/toyota/land-cruiser-300,3.5 L V6 Bi-Turbo Essence 4WD VX,https://www.automobile.tn/fr/neuf/toyota/land-cruiser-300/3.5-l-v6-bi-turbo-essence-4wd-vx,530 000 DT,Disponible,SUV,3 ans ou 100.000 km,7,5,6,Essence,32 CV,415 CH,650 nm 2000 tr/min,3445 CM³,Automatique,10,Intégrale,4980 mm,1980 mm,1950 mm,175 L,6.8 s,210 KM/H,,,10.8 L/100 km,Oui,Frontaux | Latéraux | Rideaux | Genoux,,VSC,Oui,,,,Radar de recul | Radar avant | Caméra de recul | Caméra avant | Système de caméras 360,Oui,,Oui,,Oui,Feux de jour | Avant | Arrières,En aluminium | 18'',,Full LED,14 haut-parleurs | Système Audio JBL,USB | USB-C | Android Auto | Apple Carplay | Chargeur de téléphone sans fil | HDMI,Tactile | 12.3 pouces | écrans pour passagers arrières,Avant | Réfrigéré,,,,Cuir perforé,Électriques | Chauffants | Ventilés | Fonction mémoire,Conducteur et passager,Oui,Lunette et vitres arrières sur-teintées,Cuir,En hauteur et en profondeur,Démarrage mains libres,Automatique | 4 zones,À distance,Oui,,Anti-éblouissement,Électriques | Rabattables | Dégivrants,Avant/Arrière,2026-02-08 17:52:43.041661,,DAC,,,Ouvrant,Accès mains libres,1004 L,,Oui,,Oui,,,,,LED,,Oui,Éléctrique,,,,,,,,Ouverture et fermeture motorisées,Chromée,,,,,,,,,,,,,,,Oui,,,,,Noires,,,Arrière,,,,,,,,,,,,,,,,TSC,,,,,,,,,Oui,Oui,,,,,,,,,,,,,,,,,,,,,,,
Toyota,Toyota Land Cruiser 300,https://www.automobile.tn/fr/neuf/toyota/land-cruiser-300,3.3 L V6 Bi-Turbo Diesel 4WD VX,https://www.automobile.tn/fr/neuf/toyota/land-cruiser-300/3.3-l-v6-bi-turbo-diesel-4wd-vx,560 000 DT,Disponible,SUV,3 ans ou 100.000 km,7,5,6,Diesel,21 CV,306 CH,700 nm 1600 tr/min,3346 CM³,Automatique,10,Intégrale,4980 mm,1980 mm,1950 mm,175 L,7.4 s,200 KM/H,11.3 L/100 km,7.6 L/100 km,8.9 L/100 km,Oui,Frontaux | Latéraux | Rideaux | Genoux,,VSC,Oui,,,,Radar de recul | Radar avant | Caméra de recul | Caméra avant | Système de caméras 360,Oui,,Oui,,Oui,Feux de jour | Avant | Arrières,En aluminium | 18'',,Full LED,14 haut-parleurs | Système Audio JBL,USB | USB-C | Android Auto | Apple Carplay | Chargeur de téléphone sans fil | HDMI,Tactile | 12.3 pouces | écrans pour passagers arrières,Avant | Réfrigéré,,,,Cuir perforé,Électriques | Chauffants | Ventilés | Fonction mémoire,Conducteur et passager,Oui,Lunette et vitres arrières sur-teintées,Cuir,En hauteur et en profondeur,Démarrage mains libres,Automatique | 4 zones,À distance,Oui,,Anti-éblouissement,Électriques | Rabattables | Dégivrants,Avant/Arrière,2026-02-08 17:52:44.883649,,DAC,,,Ouvrant,Accès mains libres,1004 L,,Oui,,Oui,,,,,LED,,Oui,Éléctrique,,,,,,,,Ouverture et fermeture motorisées,Chromée,,,,,,,,,,,,,,,Oui,,,,,Noires,,,Arrière,,,,,,,,,,,,,,,,TSC,,,,,,,,,Oui,Oui,,,,,,,,,,,,,,,,,,,,,,,
Toyota,Toyota Hilux Simple Cabine,https://www.automobile.tn/fr/neuf/toyota/hilux-simple-cabine/2.4-l-diesel-d-4d-4x4,Toyota Hilux Simple Cabine,https://www.automobile.tn/fr/neuf/toyota/hilux-simple-cabine/2.4-l-diesel-d-4d-4x4,,Disponible,Pick up,3 ans ou 100.000 km,2,2,4,Diesel,8 CV,150 CH,400 nm 1600 tr/min,2393 CM³,Manuelle,6,Intégrale,5325 mm,1800 mm,1795 mm,,13.2 s,170 KM/H,8.2 L/100 km,6.3 L/100 km,7 L/100 km,Oui,Frontaux | Genoux conducteur,,VSC,Oui,,,,,Adaptative,,,,,,17'',,,Oui,,,,,,,Tissu,,,,,Multi-fonctions,En hauteur,,Manuelle,À distance,Oui,,,Électriques,Avant,2026-02-08 17:52:47.369844,,,,,,,,,,,HAC,,,,,,,,,,,,,,,,,Chromée,,,,,,,,,,,,,,,,,,,,,,,Arrière,,1125 KG,,,,,,,,,,,,,,TSC,,,,,,,,,,Oui,,,,,,,,,,,,,,,,,,,,,,,
Toyota,Toyota Hilux Double Cabine,https://www.automobile.tn/fr/neuf/toyota/hilux,2.4 L Diesel D-4D 4x4,https://www.automobile.tn/fr/neuf/toyota/hilux/2.4-l-diesel-d-4d-4x4-double-cabine,159 800 DT,Disponible,Pick up,3 ans ou 100.000 km,5,4,4,Diesel,8 CV,150 CH,400 nm 1600 tr/min,2393 CM³,Manuelle,6,Intégrale,5330 mm,1800 mm,1815 mm,,13.2 s,170 KM/H,8.2 L/100 km,6.3 L/100 km,7 L/100 km,Oui,Frontaux | Latéraux | Rideaux | Genoux conducteur,,VSC,Oui,,,,,Oui,,,,,,17'',,,Oui,Android Auto | Apple Carplay | Bluetooth,8 pouces,,,,,Tissu,,,,,Multi-fonctions,En hauteur et en profondeur,,Manuelle,À distance,Oui,,,Électriques,Avant/Arrière,2026-02-08 17:52:49.961409,,,,,,,,Oui,,,HAC,,,,,,,,,,,,,,,,,Chromée,,,,,,,,,,,,,,,,,,,,,,,Arrière,,850 KG,,,,,,,,,,,,,,,,,,,,,,,,Oui,,,,,,,,,2.35 m²,,,,,,,,,,,,,,
Toyota,Toyota Hilux Double Cabine,https://www.automobile.tn/fr/neuf/toyota/hilux,2.4 L Diesel D-4D 4x4 BVA,https://www.automobile.tn/fr/neuf/toyota/hilux/2.4-l-diesel-d-4d-4x4-bva-double-cabine,192 900 DT,Disponible,Pick up,3 ans ou 100.000 km,5,4,4,Diesel,8 CV,150 CH,400 nm 1600 tr/min,2393 CM³,Automatique,6,Intégrale,5330 mm,1800 mm,1815 mm,,13.2 s,170 KM/H,8.2 L/100 km,6.3 L/100 km,7 L/100 km,Oui,Frontaux | Genoux conducteur,,VSC,Oui,,,,Radar de recul | Radar avant | Caméra de recul,Oui,,Oui,LED,,Feux de jour | Avant | Arrières,En aluminium | 17'',,LED,Oui,Android Auto | Apple Carplay | Bluetooth,8 pouces,Avant | Arrière,,,,Tissu | Surpiqures,,Conducteur,Oui,,Multi-fonctions,En hauteur et en profondeur,Démarrage mains libres,Automatique | Bizone | Ventilation arrière,À distance,Oui,,,Électriques,Avant/Arrière,2026-02-08 17:52:51.711683,,,,,,Accès mains libres,,Oui,Oui,,HAC,,,,,,,,,,,,,,,,,Chromée | Noire,,,1 prise 12 V,,,,,,,,,,,,,,,,,,,,Arrière,,850 KG,,,,,,,,,,,,,,,,,,,,,,,,Oui,,,,,,,,,2.35 m²,,,,,,,,,,,,,,
Toyota,Toyota Hiace 16 places,https://www.automobile.tn/fr/neuf/toyota/hiace/2.5-l-diesel-16-places,Toyota Hiace 16 places,https://www.automobile.tn/fr/neuf/toyota/hiace/2.5-l-diesel-16-places,,Disponible,Minibus,1 an ou 50000 km,16,5 | 2 portes latérales coulissantes,4,Diesel,10 CV,102 CH,260 nm 1600 tr/min,2494 CM³,Manuelle,5,Propulsion,5380 mm,1880 mm,2285 mm,,24.1 s,145 KM/H,8 L/100 km,11.6 L/100 km,9.3 L/100 km,Oui,Frontal conducteur,,,,,,,,Oui,,,,,,15'',,,Oui,USB | AUX,,,,,,Tissu,,,Plastique antidérapant,,,,,Manuelle | Ventilation arrière,,,,,,,2026-02-08 17:52:54.171178,,,,,,,,,,,,,,,,,,,,,,,,,,,,,,,1 prise 12 V,,,,,,,,,,,,,,,,,,,,,,,,,,,,,,,,,,,,,,,,,,,,,,,,,,,,,,,,,,,,,,,,,,,,,
Toyota,Toyota Coaster,https://www.automobile.tn/fr/neuf/toyota/coaster/4.2-l,Toyota Coaster,https://www.automobile.tn/fr/neuf/toyota/coaster/4.2-l,,Disponible,Minibus,1 an ou 50000 km,23,2 | 1 porte latérale battante,4,Diesel,11 CV,130 CH,284 nm 2200 tr/min,4164 CM³,Manuelle,5,Propulsion,6990 mm,2080 mm,2635 mm,,N.C,100 KM/H,N.C,N.C,N.C,Oui,Frontal conducteur,,,,,,,,Oui,,,,,,17'',,,Oui,USB | AUX,,,,,,Tissu,,,Plastique antidérapant,,,,,Manuelle | Ventilation arrière,,,,,,,2026-02-08 17:52:56.651900,,,,,,,,,,,,,,,,,,,,,,,,,,,,,,,,,,,,,,,,,,,,,,,,,,,,,,,,,,,,,,,,,,,,,,,,,,,,,,,,,,,,,,,,,,,,,Oui,,,,,,,
Toyota,Toyota Hiace Van,https://www.automobile.tn/fr/neuf/toyota/hiace-van/3.0-l-diesel,Toyota Hiace Van,https://www.automobile.tn/fr/neuf/toyota/hiace-van/3.0-l-diesel,,Disponible,Utilitaire,3 ans,3,3 | 1 porte latérale coulissante,4,Diesel,10 CV,92 CH,197 nm 4000 tr/min,2986 CM³,Manuelle,5,Propulsion,4695 mm,1695 mm,1980 mm,,N.C,140 KM/H,10.6 L/100 km,7.8 L/100 km,8.8 L/100 km,,,,,,,,,,Oui,,,,,,15'',,,Oui,USB,,,,,,Tissu,,Conducteur et passager,Oui,Avant et arrière feuilletées | Vitres latérales en verre trempé,4 branches,En hauteur,,Manuelle,Oui,,,,,,2026-02-08 17:52:59.188851,,,,,,,,,,,,,,,,,,,,,,,,,,,,,,,1 prise 12 V,,,,,,,,,,,,,,,,,,,,,,1030 KG,6 m³,,,,,,,,,,,,,,,,,,,,,,,,,,,,,,,,,,,,,,,,,,,,,,
Volkswagen,Volkswagen Virtus,https://www.automobile.tn/fr/neuf/volkswagen/virtus,1.0 L TSI Confortline,https://www.automobile.tn/fr/neuf/volkswagen/virtus/1.0-l-confortline,68 980 DT,3 mois,Berline,2 ans,5,4,3,Essence,6 CV,116 CH,178 nm 1750 tr/min,999 CM³,Manuelle,6,Traction,4561 mm,1752 mm,1507 mm,521 L,10.7 s,187 KM/H,6.7 L/100 km,4.5 L/100 km,5.2 L/100 km,Oui,Frontaux,,ESP | ASR,Oui,,Oui,Oui,Radar de recul,Oui,,,,Pare-chocs | Rétroviseurs,Feux de jour | Avant | Arrières,16'',,LED,6 haut-parleurs,Android Auto | Apple Carplay | Bluetooth,Tactile,,3,,,Tissu,,Conducteur,Oui,Athermiques,Multi-fonctions,En hauteur et en profondeur,,Manuelle,À distance,Affichage multifonctions plus,,,Électriques | Avec clignotants intégrés,Avant/Arrière,2026-02-08 17:53:02.770029,,,,,,,,,,,,Oui,,,,,,,,,,,,,Poches aumônières,,,,,,1 prise 12 V,,,,,,,,,,,,,,,,,,,,,,,,,,,,,,,,,,,,,,,,,,,,,,,,,,,,,,,,,,,,,,,,,,,,,
Volkswagen,Volkswagen Virtus,https://www.automobile.tn/fr/neuf/volkswagen/virtus,1.0 L TSI Highline BVA,https://www.automobile.tn/fr/neuf/volkswagen/virtus/1.0-l-highline,79 980 DT,Disponible,Berline,2 ans,5,4,3,Essence,7 CV,116 CH,178 nm 1750 tr/min,999 CM³,Automatique,6,Traction,4561 mm,1752 mm,1507 mm,521 L,10.7 s,187 KM/H,6.7 L/100 km,4.5 L/100 km,5.2 L/100 km,Oui,Frontaux,,ESP | ASR,Oui,,Oui,Oui,Radar de recul | Radar avant | Caméra de recul,Oui,,Oui,Oui,Pare-chocs | Rétroviseurs,Feux de jour | Avant | Arrières,En aluminium | 16'',,LED,8 haut-parleurs,USB | USB-C | Android Auto | Apple Carplay | Bluetooth | Chargeur de téléphone sans fil,Tactile,Avant,3,,Cuir,Tissu,,Conducteur,Oui,Athermiques,Cuir | Multi-fonctions | Avec palettes,En hauteur et en profondeur,Démarrage mains libres,Automatique,À distance,Affichage multifonctions plus,,,Électriques | Rabattables | Dégivrants | Avec clignotants intégrés,Avant/Arrière,2026-02-08 17:53:04.570470,,,,,,Accès mains libres,,,,,Oui,Oui,,,,,,,,,,,,,Poches aumônières,,,,,,1 prise 12 V,,,,,,,,,,,,,,,,,,,,,,,,,,,,,,,,,,,,,,,,,,,,,,,,,,,,,,,,,,,,,,,,,,,,,
Volkswagen,Volkswagen Virtus,https://www.automobile.tn/fr/neuf/volkswagen/virtus,1.0 L TSI Topline BVA,https://www.automobile.tn/fr/neuf/volkswagen/virtus/1.0-l-topline,87 980 DT,1 mois | 3 mois,Berline,2 ans,5,4,3,Essence,7 CV,116 CH,178 nm 1750 tr/min,999 CM³,Automatique,6,Traction,4561 mm,1752 mm,1507 mm,521 L,10.8 s,187 KM/H,6.7 L/100 km,4.5 L/100 km,5.2 L/100 km,Oui,Frontaux | Latéraux | Rideaux,,ESP | ASR,Oui,,Oui,Oui,Radar de recul | Radar avant | Caméra de recul,Oui,,Oui,Oui,Pare-chocs | Rétroviseurs,Feux de jour | Avant | Arrières,En aluminium | 17'',,LED,8 haut-parleurs,USB | USB-C | Android Auto | Apple Carplay | Bluetooth | Chargeur de téléphone sans fil,Tactile,Avant,3,,Cuir,Similicuir,Ventilés,Conducteur,Oui,Athermiques,Cuir | Multi-fonctions | Avec palettes,En hauteur et en profondeur,Démarrage mains libres,Automatique,À distance,Affichage multifonctions plus,,Anti-éblouissement,Électriques | Rabattables | Dégivrants | Avec clignotants intégrés,Avant/Arrière,2026-02-08 17:53:06.346097,,,,,Ouvrant | En verre,Accès mains libres,,,Oui,,Oui,Oui,,,,,,Oui,,Digital Cockpit,,,,,Poches aumônières,,,Chromée,,,1 prise 12 V,,,,,,,,,,,,,,,,,,,,,,,,,,,,,,,,,,,,,,,,,,,,,,,,,,,,,,,,,,,,,,,,,,,,,
Volkswagen,Volkswagen T-Cross,https://www.automobile.tn/fr/neuf/volkswagen/t-cross,1.0 L Confortline,https://www.automobile.tn/fr/neuf/volkswagen/t-cross/1.0-l-confortline,75 980 DT,Disponible,SUV,2 ans,5,5,3,Essence,6 CV,116 CH,178 nm 1750 tr/min,999 CM³,Manuelle,6,Traction,4221 mm,1760 mm,1612 mm,385 L,10.8 s,189 KM/H,6.7 L/100 km,4.5 L/100 km,5.2 L/100 km,Oui,Frontaux,,ESP | ASR,Oui,,Oui,Oui,Radar de recul,Oui,,,,Pare-chocs | Rétroviseurs,Arrières,16'',,,6 haut-parleurs,Android Auto | Apple Carplay | Bluetooth,Tactile,,3,,,Tissu,,Conducteur,Oui,Athermiques,Multi-fonctions,En hauteur et en profondeur,,Manuelle,À distance,Affichage multifonctions plus,,,Électriques | Avec clignotants intégrés,Avant/Arrière,2026-02-08 17:53:09.033173,,,,,,,,,,,,Oui,,,Oui,,,,,,,,,,Poches aumônières,,Cache Bagages,,,,1 prise 12 V,,,,,,,,,,,,,,,,,Noires,,,,,,,,,,,,,,,,,,,,,,,,,,,,,,,,,,,,,,,,,,,,,,,,,,,,
Volkswagen,Volkswagen T-Cross,https://www.automobile.tn/fr/neuf/volkswagen/t-cross,1.0 L Highline BVA,https://www.automobile.tn/fr/neuf/volkswagen/t-cross/1.0-l-highline,92 980 DT,Disponible,SUV,2 ans,5,5,3,Essence,7 CV,116 CH,178 nm 1750 tr/min,999 CM³,Automatique,6,Traction,4221 mm,1760 mm,1612 mm,385 L,10.8 s,189 KM/H,6.7 L/100 km,4.5 L/100 km,5.2 L/100 km,Oui,Frontaux,,ESP | ASR,Oui,,Oui,Oui,Radar de recul | Caméra de recul,Oui,,Oui,Oui,Pare-chocs | Rétroviseurs,Arrières,En aluminium | 16'',,,8 haut-parleurs,USB | USB-C | Android Auto | Apple Carplay | Bluetooth | Chargeur de téléphone sans fil,Tactile,Avant | Arrière,3,,Cuir,Tissu,,Conducteur,Oui,Athermiques,Cuir | Multi-fonctions | Avec palettes,En hauteur et en profondeur,,Automatique,À distance,Affichage multifonctions plus,,,Électriques | Rabattables | Dégivrants | Avec clignotants intégrés,Avant/Arrière,2026-02-08 17:53:10.838212,,,,,,,,,,,Oui,Oui,,,Oui,,,,,,,,,,Poches aumônières,,,,,,1 prise 12 V,,,,,,,,,,,,,,,,,Alu satiné,,,,,,,,,,,,,,,,,,,,,,,,,,,,,,,,,,,,,,,,,,,,,,,,,,,,
Volkswagen,Volkswagen T-Cross,https://www.automobile.tn/fr/neuf/volkswagen/t-cross,1.0 L Topline BVA,https://www.automobile.tn/fr/neuf/volkswagen/t-cross/1.0-l-topline,103 980 DT,Disponible,SUV,2 ans,5,5,3,Essence,7 CV,116 CH,178 nm 1750 tr/min,999 CM³,Automatique,6,Traction,4221 mm,1760 mm,1612 mm,385 L,10.8 s,189 KM/H,6.7 L/100 km,4.5 L/100 km,5.2 L/100 km,Oui,Frontaux | Latéraux | Rideaux,,ESP | ASR,Oui,,Oui,Oui,Radar de recul | Caméra de recul,Oui,,Oui,Oui,Pare-chocs | Rétroviseurs,Arrières,En aluminium | 17'',,LED,8 haut-parleurs,USB | USB-C | Android Auto | Apple Carplay | Bluetooth | Chargeur de téléphone sans fil,Tactile,Avant,3,Chromée,,Similicuir,Ventilés,Conducteur,Oui,Athermiques,Cuir | Multi-fonctions | Avec palettes,En hauteur et en profondeur,Démarrage mains libres,Automatique,À distance,Affichage multifonctions plus,,Anti-éblouissement,Électriques | Rabattables | Dégivrants | Avec clignotants intégrés,Avant/Arrière,2026-02-08 17:53:12.688247,,,,,Ouvrant | En verre,Accès mains libres,,,Oui,,,Oui,,,Oui,,,Oui,,Digital Cockpit,,,,,Poches aumônières,,,Chromée,,,1 prise 12 V,,,,,,,,,,,,,,,,,Alu satiné,,,,,,,,,,,,,,,,,,,,,,,,,,,,,,,,,,,,,,,,,,,,,,,,,,,,
Volkswagen,Volkswagen Polo,https://www.automobile.tn/fr/neuf/volkswagen/polo/1.0-l-drive,Volkswagen Polo,https://www.automobile.tn/fr/neuf/volkswagen/polo/1.0-l-drive,,2 mois,Citadine,3 ans,5,5,3,Essence,5 CV,95 CH,175 nm 1600 tr/min,999 CM³,Manuelle,5,Traction,4074 mm,1751 mm,1451 mm,351 L,10.8 s,187 KM/H,6.7 L/100 km,4.5 L/100 km,5.2 L/100 km,Oui,Frontaux | Latéraux | Rideaux,,ESP | ASR,Oui,,Oui,Oui,Radar de recul | Radar avant,Oui,Oui,Oui,Oui,Pare-chocs | Poignées de portes | Rétroviseurs,Feux de jour | Avant | Arrières,En aluminium | 15'',,LED,Composition Media | 4 haut-parleurs,2 USB-C | Android Auto | Apple Carplay | Bluetooth | Mirrorlink,Tactile | 6.5 pouces,,3,Deep Black Nacré,,Tissu,,Conducteur,Oui,Lunette et vitres arrières sur-teintées,Multi-fonctions,En hauteur et en profondeur,,Manuelle,À distance,Oui,,,Électriques | Rabattables | Dégivrants,Avant/Arrière,2026-02-08 17:53:15.262640,,,,,,,,,Oui,,Oui,Oui,,,,,,,,Digital Cockpit | 8 pouces,,,,,,,,Contour chromé,,,,,,,,,,,,,,,,,,,,,,,,,,,,,,,,,,,,,,,,,,,,,,,,,,,,,,,,,,,,,,,,,,,,,,,,
Volkswagen,Volkswagen Golf 8,https://www.automobile.tn/fr/neuf/volkswagen/golf-8,1.4 L TSI Drive,https://www.automobile.tn/fr/neuf/volkswagen/golf-8/1.4-l-tsi-drive,120 980 DT,Disponible,Compacte,3 ans,5,5,4,Essence,8 CV,150 CH,250 nm 1400 tr/min,1395 CM³,Automatique,8,Traction,4396 mm,1789 mm,1491 mm,381 L,8.2 s,215 KM/H,5.9 L/100 km,4.5 L/100 km,5 L/100 km,Oui,Frontaux | Latéraux | Rideaux,,ESP,Oui,,,Oui,Caméra de recul,Oui,Oui,,,Oui,Feux de jour | Arrières,En aluminium | 16'',,LED,4 haut-parleurs,USB-C | Android Auto | Apple Carplay | Bluetooth | Chargeur de téléphone sans fil | Mirrorlink,Tactile | 8 pouces,Avant,3,,,Tissu,,Conducteur,Oui,Parebrise athermique | Lunette et vitres arrières sur-teintées,Cuir | Multi-fonctions | Avec palettes,En hauteur et en profondeur,Démarrage mains libres,Automatique,À distance,Oui,Oui,Anti-éblouissement,Électriques | Dégivrants | Avec clignotants intégrés,Avant/Arrière,2026-02-08 17:53:17.977687,,,,,,,,,Oui,,Oui,Oui,,,Oui,,,Oui,Éléctrique,Digital Cockpit,,,,,,,,,118 g/km,Oui,,Normal | Sport | Eco,,,,,,,,,,,,,,,,,,,,,,,,,,,,,,,,,,,,,,,,,,,,,,,,,,,,,,,,,,,,,,,,,,,,
Volkswagen,Volkswagen Golf 8,https://www.automobile.tn/fr/neuf/volkswagen/golf-8,1.4 L TSI Life,https://www.automobile.tn/fr/neuf/volkswagen/golf-8/1.4-l-tsi-life,134 980 DT,Disponible,Compacte,3 ans,5,5,4,Essence,8 CV,150 CH,250 nm 1400 tr/min,1395 CM³,Automatique,8,Traction,4396 mm,1789 mm,1491 mm,381 L,8.2 s,215 KM/H,5.9 L/100 km,4.5 L/100 km,5 L/100 km,Oui,Frontaux | Latéraux | Rideaux,Oui,ESP,Oui,,,Oui,Caméra de recul,Oui,Oui,,,Oui,Feux de jour | Arrières,En aluminium | 17'',,LED,4 haut-parleurs,USB-C | Android Auto | Apple Carplay | Bluetooth | Chargeur de téléphone sans fil | Mirrorlink,Tactile | 8 pouces,Avant | Arrière,3,Chromée,,Tissu,Réglage lombaire | Confort,Conducteur et passager,Oui,Parebrise athermique | Lunette et vitres arrières sur-teintées,Cuir | Multi-fonctions | Avec palettes,En hauteur et en profondeur,Démarrage mains libres,Automatique,À distance,Oui,Oui,Anti-éblouissement,Électriques | Rabattables | Dégivrants | Avec clignotants intégrés | Éclairage d'accueil à LED,Avant/Arrière,2026-02-08 17:53:19.771348,,,,,Ouvrant | Panoramique,Accès mains libres,,,Oui,,Oui,Oui,,,Oui,10 couleurs,,Oui,Éléctrique,Digital Cockpit,,,,,,,,,118 g/km,Oui,1 prise 12 V,Normal | Sport | Eco,,,,,,,,,,,,,,,,,,,,,,,,,Oui,,,,,,,,,,,,,,,,,,,,,,,,,,,,,,,,,,,,,,,,,,,
Volkswagen,Volkswagen Golf 8,https://www.automobile.tn/fr/neuf/volkswagen/golf-8,1.4 L TSI R-Line,https://www.automobile.tn/fr/neuf/volkswagen/golf-8/1.4-l-tsi-r-line,159 980 DT,Disponible,Compacte,3 ans,5,5,4,Essence,8 CV,150 CH,250 nm 1400 tr/min,1395 CM³,Automatique,8,Traction,4396 mm,1789 mm,1491 mm,381 L,8.2 s,215 KM/H,5.9 L/100 km,4.5 L/100 km,5 L/100 km,Oui,Frontaux | Latéraux | Rideaux,Oui,ESP,Oui,,,Oui,Radar de recul | Radar avant | Caméra de recul,Progressive,Oui,Oui,,Oui,Feux de jour | Arrières | Clignotants à défilement,En aluminium | 18'',,Full LED,4 haut-parleurs,USB-C | Android Auto | Apple Carplay | Bluetooth | Chargeur de téléphone sans fil | Mirrorlink,Tactile | 8 pouces,Avant | Arrière,3,Chromée,,Tissu,Réglage lombaire | Avec Appuie-tête intégrés | Sport,Conducteur et passager,Oui,Parebrise athermique | Lunette et vitres arrières sur-teintées,Cuir | Multi-fonctions | Sport | Avec palettes,En hauteur et en profondeur,Démarrage mains libres,Automatique | 3 zones,À distance,Oui,Oui,Anti-éblouissement,Électriques | Rabattables | Dégivrants | Avec clignotants intégrés | Éclairage d'accueil à LED,Avant/Arrière,2026-02-08 17:53:21.573108,,,,,Ouvrant | Panoramique,Accès mains libres,,Volumétrique,Oui,,Oui,Oui,,,Oui,30 Couleurs,,Oui,Éléctrique,Digital Cockpit Pro,,R-line,,,,Acier inoxydable brossé,,,118 g/km,Oui,1 prise 12 V,Normal | Sport | Eco,,,,,,,,,,,,,Amortissement piloté,,,,,,,,,,,,Oui,,,,,,,,,,,,,,,,,,,,,,,,,,,,,,,,,,,,,,,,,,,
Volkswagen,Volkswagen Tiguan,https://www.automobile.tn/fr/neuf/volkswagen/tiguan,1.4 L TSI Life,https://www.automobile.tn/fr/neuf/volkswagen/tiguan/1.4-l-tsi-life-2024,159 980 DT,Disponible,SUV,3 ans,5,5,4,Essence,8 CV,150 CH,250 nm 1500 tr/min,1395 CM³,Automatique,7,Traction,4539 mm,1842 mm,1658 mm,652 L,9.2 s,200 KM/H,8.6 L/100 km,5.6 L/100 km,6.7 L/100 km,Oui,Frontaux | Latéraux | Rideaux | Centraux,,ESP | ASR,Oui,,Oui,Oui,Radar de recul | Radar avant | Caméra de recul | Parkassist,Oui,Oui,Oui,,Oui,Feux de jour | Avant | Arrières,En aluminium | 18'',,Directionnels | LED,Composition Media | 8 haut-parleurs,USB-C | Android Auto | Apple Carplay | Bluetooth,Tactile | 12.9 pouces,Avant | Arrière,3,,Cuir,Tissu,Réglage lombaire | Confort,Conducteur et passager,Oui,Parebrise athermique,Cuir | Multi-fonctions | Avec palettes,En hauteur et en profondeur,Démarrage mains libres,Automatique | 3 zones | Ventilation arrière,À distance,Oui,,,Électriques | Dégivrants | Éclairage d'accueil à LED,Avant/Arrière,2026-02-08 17:53:24.351210,,,,,Ouvrant | Panoramique,Accès mains libres,1650 L,,Oui,,Oui,Oui,Noir Mat,,,10 couleurs,,Oui,Éléctrique,Digital Cockpit Pro,Oui,,,,,,Ouverture et fermeture motorisées | Ouverture à distance,,,Oui,2 prises 12 V,,,,,,,,,,,,,,,,,Noires,,,,,,,,,,,,,,,,,,,Oui,,,,,,,,,,,,,,,,,,,,,,,,,,,,,,,,,
Volkswagen,Volkswagen Tiguan,https://www.automobile.tn/fr/neuf/volkswagen/tiguan,1.4 L TSI Exclusive,https://www.automobile.tn/fr/neuf/volkswagen/tiguan/1.4-l-tsi-exclusive,184 980 DT,Disponible,SUV,3 ans,5,5,4,Essence,8 CV,150 CH,250 nm 1500 tr/min,1395 CM³,Automatique,7,Traction,4539 mm,1842 mm,1658 mm,652 L,9.2 s,200 KM/H,8.6 L/100 km,5.6 L/100 km,6.7 L/100 km,Oui,Frontaux | Latéraux | Rideaux | Centraux,Oui,ESP | ASR,Oui,,Oui,Oui,Radar de recul | Radar avant | Caméra de recul | Parkassist,Adaptative,Oui,Oui,,Pare-chocs | Poignées de portes,Feux de jour | Avant | Arrières,En aluminium | 18'',,Full LED | Directionnels,8 haut-parleurs,Android Auto | 4 USB-C | Apple Carplay | Bluetooth | Commande vocale | Chargeur de téléphone sans fil,Tactile | 15 pouces,Avant | Arrière,3,,,Cuir,Électriques | Réglage lombaire | Fonction mémoire | Sport | Confort,Conducteur et passager,Oui,Parebrise athermique | Lunette et vitres arrières sur-teintées | Pare-brise en verre feuilleté,Cuir | Multi-fonctions | Avec palettes,En hauteur et en profondeur,Démarrage mains libres,Automatique | 3 zones | Ventilation arrière,À distance,Oui,,Anti-éblouissement,Électriques | Dégivrants | Mémoire de position | Éclairage d'accueil à LED,Avant/Arrière,2026-02-08 17:53:26.171376,,,,GPS,Ouvrant | Panoramique,Accès mains libres,1650 L,Volumétrique | Anti-soulèvement,Oui,,Oui,Oui,Chrome,,,Oui,,Oui,Éléctrique,Digital Cockpit Pro,Oui,,,,,,,,,,1 prise 12 V,,,,,,,,,,,,,,,,,Anodisées Argent,,,,,,,,,Dynamic Light Assist,,,,,,,,,,,,,,,,,,,,,,,,,,Avant | Arrière,,,,,,,,,,,,,,,,,
Volkswagen,Volkswagen Tiguan,https://www.automobile.tn/fr/neuf/volkswagen/tiguan,1.4 L TSI R-Line,https://www.automobile.tn/fr/neuf/volkswagen/tiguan/1.4-l-tsi-r-line-2024,203 980 DT,Disponible,SUV,3 ans,5,5,4,Essence,8 CV,150 CH,250 nm 1500 tr/min,1395 CM³,Automatique,7,Traction,4539 mm,1842 mm,1658 mm,652 L,9.2 s,200 KM/H,8.6 L/100 km,5.6 L/100 km,6.7 L/100 km,Oui,Frontaux | Latéraux | Rideaux | Centraux,,ESP | ASR,Oui,,Oui,Oui,Radar de recul | Radar avant | Caméra de recul | Parkassist,Oui,Oui,Oui,,Oui,Feux de jour | Avant | Arrières,En aluminium | 19'',,Full LED | Directionnels,Composition Media | 8 haut-parleurs,USB-C | Android Auto | Apple Carplay | Bluetooth | Chargeur de téléphone sans fil,Tactile | 15 pouces,Avant | Arrière,3,Noir brillant,Cuir,Cuir/Tissu,Électriques | Chauffants | Massants | Ventilés | Réglage lombaire | Fonction mémoire | Confort,Conducteur et passager,Oui,Parebrise athermique | Avant et arrière feuilletées,Cuir | Chauffant | Multi-fonctions | Sport | Avec palettes,En hauteur et en profondeur,Démarrage mains libres,Automatique | 3 zones | Ventilation arrière,À distance,Oui,,Anti-éblouissement,Électriques | Dégivrants | Noirs | Éclairage d'accueil à LED,Avant/Arrière,2026-02-08 17:53:28.051374,,,,,Ouvrant | Panoramique,Accès mains libres,1650 L,Oui,Oui,,Oui,Oui,Chrome,,,10 couleurs,,Oui,Éléctrique,Digital Cockpit Pro,Oui,R-line,,,,Acier inoxydable brossé,Ouverture et fermeture motorisées | Ouverture à distance,,,Oui,2 prises 12 V,,,,,,,,,,,,Oui,,,,,Noires,,,,,,,,,Dynamic Light Assist,,,,,,,,,,Oui,,,,,,,,,,,,,,,,,,,,,,,,,,,,,,,,,
Volkswagen,Volkswagen Amarok,https://www.automobile.tn/fr/neuf/volkswagen/amarok,2.0 L TDI 170 ch 4x4 Life BVA,https://www.automobile.tn/fr/neuf/volkswagen/amarok/2.0-l-tdi-4x4-bva-life-double-cabine,199 980 DT,Disponible,Pick up,3 ans,5,4,4,Diesel,5 CV,170 CH,405 nm 1750 tr/min,1996 CM³,Automatique,6,Intégrale,5350 mm,1910 mm,1884 mm,,11.6 s,180 KM/H,9.5 L/100 km,6.7 L/100 km,7.7 L/100 km,Oui,Frontaux | Latéraux | Rideaux | Genoux | Centraux,,ESP,Oui,,,Oui,Radar de recul | Radar avant | Caméra de recul,Oui,Oui,Oui,LED,Pare-chocs | Poignées de portes | Rétroviseurs,Feux de jour,En aluminium | 17'',,LED,6 haut-parleurs,USB | USB-C | Bluetooth | Commande vocale,Tactile | 10.1 pouces,Avant | Arrière,3,,Cuir,Tissu,,Conducteur et passager,Oui,Lunette et vitres arrières sur-teintées | Pare-brise en verre feuilleté,Cuir | Multi-fonctions,En hauteur et en profondeur,,Manuelle,À distance,Oui,,,Électriques | Rabattables | Dégivrants | Avec clignotants intégrés | Éclairage d'accueil à LED,Avant/Arrière,2026-02-08 17:53:30.706163,,,,,,,,,Oui,,,,,Oui,,,,Oui,Éléctrique,Digital Cockpit | 8 pouces,Oui,,,,Oui,,,Noire,203 g/km,Oui,2 prises 12 V,,,,,,,,,,,,,,,,,,,,Arrière,,,,,,,,,,,,,,,,,,,,,,Oui,,,,Oui,,,,,,,,,,,,,,,,,,,,,,,
Volkswagen,Volkswagen Amarok,https://www.automobile.tn/fr/neuf/volkswagen/amarok,2.0 L TDI 210 ch 4x4 Aventura BVA,https://www.automobile.tn/fr/neuf/volkswagen/amarok/2.0-l-tdi-4x4-bva-aventura-double-cabine,242 980 DT,Disponible,Pick up,3 ans,5,4,4,Diesel,5 CV,210 CH,500 nm 1750 tr/min,1996 CM³,Automatique,10,Intégrale,5350 mm,1910 mm,1884 mm,,10.5 s,180 KM/H,9 L/100 km,6.7 L/100 km,7.5 L/100 km,Oui,Frontaux | Latéraux | Rideaux | Genoux | Centraux,,ESP,Oui,Système anti-collision avec détection des piétons | Freinage multi-collision,Oui,Oui,Radar de recul | Radar avant | Système de caméras 360 | Parkassist,Oui,Oui,Adaptatif (ACC),LED,Pare-chocs,Feux de jour | Avant | Arrières,En aluminium | 20'' | Bi-ton,,Matrix LED IQ.LIGHT,8 haut-parleurs | Harman/Kardon | Subwoofer,USB | USB-C | Bluetooth | Commande vocale | Chargeur de téléphone sans fil,Tactile | 12 pouces,Avant | Arrière,3,,Cuir,Cuir,Électriques | 10 directions | Chauffants,Conducteur et passager,Velours,Lunette et vitres arrières sur-teintées | Pare-brise en verre feuilleté,Cuir | Multi-fonctions,En hauteur et en profondeur,Démarrage mains libres,Automatique | Bizone,À distance,Oui,,,Électriques | Rabattables | Dégivrants | Chromés | Avec clignotants intégrés | Éclairage d'accueil à LED,Avant/Arrière,2026-02-08 17:53:32.437638,Oui,,,GPS,,Accès mains libres,,Volumétrique | Anti-soulèvement,Oui,,,,,Oui,,Oui,,Oui,Éléctrique,12.3 pouces | Digital Cockpit,Oui,,,,Porte-lunettes,,,Chromée,195 g/km,Oui,230 V,,,,,,,,,,,Similicuir,,,,,,Argent,,,Arrière,,,,,,Dynamic Light Assist,,,,,,,,,,,,,,,Niveau 2,Oui,,,,Chromés,Chromées,,,,,,,,,,,,,,,,,,,,,,
Volvo,Volvo EX30,https://www.automobile.tn/fr/neuf/volvo/ex30,Single Motor Core,https://www.automobile.tn/fr/neuf/volvo/ex30/single-motor,115 900 DT,Disponible,SUV,3 ans ou 100.000 km | Batterie garantie 8 ans,5,5,,Electrique,5 CV,272 CH,343 nm 0 tr/min,,Automatique,,Propulsion,4233 mm,1837 mm,1549 mm,325 L,5.7 s,180 KM/H,,,,Oui,Frontaux | Latéraux | Rideaux | Genoux conducteur,Oui,Oui,Oui,Freinage automatique anti-collision (AEB),Oui,Oui,Radar de recul | Radar avant | Caméra de recul | Parkassist | Détection du trafic en marche arrière,Adaptative,Oui,Adaptatif (ACC),LED,Pare-chocs | Poignées de portes | Rétroviseurs,Feux de jour | Avant | Arrières,En aluminium | 18'',,Adaptatifs | LED,5 haut-parleurs | Commandes au volant,"USB-C | Apple Carplay | Bluetooth | Commande vocale | Digital Services (Google Assistant, Google Maps, Youtube)",Tactile | 12.3 pouces,Avant,3,Incrustations en Topographie,,Nordico,,Conducteur et passager,Oui,Lunette et vitres arrières sur-teintées,Similicuir | Multi-fonctions | Sport,En hauteur et en profondeur,,Automatique,À distance,Oui,,Anti-éblouissement,Électriques | Rabattables | Dégivrants,Avant/Arrière,2026-02-08 17:53:35.889563,Oui,Oui,,,,,904 L,,Oui,Triangle de présignalisation | Trousse de premiers secours,Oui,Oui,Noir Brillant,Oui,,Oui,Aluminium,Oui,Éléctrique,Oui,,,Métallisée,,,,,,,,,,Oui,1,,51 kWh,344 km,16.7 kWh/100 km,6 heures,26 minutes,,,,,,,7 L,,,,,,,,,,Oui,,,Oui,,,,,,,,TSR,,,,,,11 kwh,,,,,,,,,,,,,,,,,,,,,,,,,,
Volvo,Volvo EX30,https://www.automobile.tn/fr/neuf/volvo/ex30,Single Motor Extended Range Plus,https://www.automobile.tn/fr/neuf/volvo/ex30/single-motor-extended-range-plus,139 900 DT,Disponible,SUV,3 ans ou 100.000 km | Batterie garantie 8 ans,5,5,,Electrique,5 CV,272 CH,343 nm 0 tr/min,,Automatique,,Propulsion,4233 mm,1837 mm,1549 mm,325 L,5.3 s,180 KM/H,,,,Oui,Frontaux | Latéraux | Rideaux | Genoux conducteur,Oui,Oui,Oui,Freinage automatique anti-collision (AEB),Oui,Oui,Radar de recul | Radar avant | Caméra de recul | Parkassist | Détection du trafic en marche arrière,Adaptative,Oui,Adaptatif (ACC),LED,Pare-chocs | Poignées de portes | Rétroviseurs,Feux de jour | Avant | Arrières,En aluminium | 19'',,Adaptatifs | LED,9 haut-parleurs | Harman/Kardon | Commandes au volant | 1040W,"USB-C | Apple Carplay | Bluetooth | Commande vocale | Chargeur de téléphone sans fil | Digital Services (Google Assistant, Google Maps, Youtube)",Tactile | 12.3 pouces,Avant,3,Incrustations en Topographie,,Nordico,Électriques | Réglage lombaire,Conducteur et passager,Oui,Lunette et vitres arrières sur-teintées,Similicuir | Multi-fonctions | Sport,En hauteur et en profondeur,Démarrage mains libres,Automatique | Bizone,À distance,Oui,,Anti-éblouissement,Électriques | Rabattables | Dégivrants,Avant/Arrière,2026-02-08 17:53:37.578632,Oui,Oui,,,,Accès mains libres,904 L,,Oui,Triangle de présignalisation | Trousse de premiers secours,Oui,Oui,Noir Brillant,Oui,,Oui,Aluminium,Oui,Éléctrique,Oui,,,Métallisée,,,,Ouverture et fermeture motorisées | Ouverture mains libres,,,,,,Oui,1,,69 kWh,476 km,17 kWh/100 km,8 heures,26 minutes,,,,,,,7 L,,,,,,,,,,Oui,,,Oui,,,,,,,,TSR,,,,,,11 kwh,,,,,,,,,,,,,,,,,,,,,,,,,,
Volvo,Volvo EX30,https://www.automobile.tn/fr/neuf/volvo/ex30,Twin Motor Ultra,https://www.automobile.tn/fr/neuf/volvo/ex30/twin-motor,159 900 DT,Disponible,SUV,3 ans ou 100.000 km | Batterie garantie 8 ans,5,5,,Electrique,8 CV,428 CH,543 nm 0 tr/min,,Automatique,,Intégrale,4233 mm,1837 mm,1549 mm,325 L,3.6 s,180 KM/H,,,,Oui,Frontaux | Latéraux | Rideaux | Genoux conducteur,Oui,Oui,Oui,Freinage automatique anti-collision (AEB),Oui,Oui,Radar de recul | Radar avant | Système de caméras 360 | Park Pilot | Détection du trafic en marche arrière,Adaptative,Oui,Adaptatif (ACC),LED,Pare-chocs | Poignées de portes | Rétroviseurs,Feux de jour | Avant | Arrières,En aluminium | 20'',,Adaptatifs | LED,9 haut-parleurs | Harman/Kardon | Commandes au volant | 1040W,"USB-C | Apple Carplay | Bluetooth | Commande vocale | Chargeur de téléphone sans fil | Digital Services (Google Assistant, Google Maps, Youtube)",Tactile | 12.3 pouces,Avant,3,Incrustations en Topographie,,Nordico,Électriques | Réglage lombaire,Conducteur et passager,Oui,Lunette et vitres arrières sur-teintées,Similicuir | Multi-fonctions | Sport,En hauteur et en profondeur,Démarrage mains libres,Automatique | Bizone,À distance,Oui,,Anti-éblouissement,Électriques | Rabattables | Dégivrants,Avant/Arrière,2026-02-08 17:53:39.345942,Oui,Oui,,,Panoramique,Accès mains libres,904 L,,Oui,Triangle de présignalisation | Trousse de premiers secours,Oui,Oui,Noir Brillant,Oui,,Oui,Aluminium,Oui,Éléctrique,Oui,,,Métallisée,,,,Ouverture et fermeture motorisées | Ouverture mains libres,,,,,,Oui,2,,69 kWh,450 km,17.5 kWh/100 km,4 heures,26 minutes,,,,,,,7 L,,,,,,,,,,Oui,,,Oui,,,,,,,,TSR,,,,,,22 kwh,,,,,,,,,,,,,,,,,,,,,,,,,,
Volvo,Volvo XC40,https://www.automobile.tn/fr/neuf/volvo/xc40,2.0 L Plus Dark,https://www.automobile.tn/fr/neuf/volvo/xc40/2.0-l-plus-dark-23,189 900 DT,Disponible,SUV,3 ans ou 100.000 km,5,5,4,Essence | Hybride léger,9 CV,163 CH,265 nm 1500 tr/min,1969 CM³,Automatique,7,Traction,4440 mm,1863 mm,1652 mm,443 L,8.6 s,180 KM/H,5.6 L/100 km,6.8 L/100 km,6.6 L/100 km,Oui,Frontaux | Latéraux | Rideaux | Genoux conducteur,Oui,ESC | STC,Oui,EBD |  Freinage automatique anti-collision (AEB) | VDC,Oui,Oui,Radar de recul | Radar avant | Caméra de recul | Système de caméras 360,Oui,Oui,Oui,,,Feux de jour | Avant | Arrières,En aluminium | 19'',,Full LED | Adaptatifs,8 haut-parleurs | Commandes au volant | YouTube / Amazon Prime,4 USB-C | Apple Carplay | Bluetooth | Chargeur de téléphone sans fil,Tactile | 9 pouces,Avant | Arrière,3 | Réglage électrique,Aluminium brossé,Sport,Tissu,Électriques | Réglage lombaire | Fonction mémoire,Conducteur et passager,Oui,Lunette et vitres arrières sur-teintées,Similicuir | 3 branches | Multi-fonctions,En hauteur et en profondeur,Démarrage mains libres,Automatique | Bizone,À distance,Oui,Oui,Anti-éblouissement,Électriques | Rabattables | Dégivrants | Mémoire de position,Avant/Arrière,2026-02-08 17:53:42.130476,Oui,Oui,,,,Accès mains libres,,,Oui,Triangle de présignalisation | Trousse de premiers secours,Oui,Oui,Noir Brillant,Oui,,Oui,Aluminium,Oui,Éléctrique,12.3 pouces,Oui,Dark,,,,,Ouverture et fermeture motorisées | Ouverture mains libres,Noire,,,1 prise 12 V,Sport,,,,,,,,,,,,,,,,Noires,,,,,,,,,Oui,Oui,,,,,,,,,Oui,,,,,,,,,,,,,,,,,,,,,,,,,,,,,,,,,
Volvo,Volvo XC40,https://www.automobile.tn/fr/neuf/volvo/xc40,2.0 L Ultimate Dark,https://www.automobile.tn/fr/neuf/volvo/xc40/2.0-l-ultimate-dark,209 900 DT,Disponible,SUV,3 ans ou 100.000 km,5,5,4,Essence | Hybride léger,9 CV,163 CH,265 nm 1500 tr/min,1969 CM³,Automatique,7,Traction,4440 mm,1863 mm,1652 mm,443 L,8.6 s,180 KM/H,5.6 L/100 km,6.8 L/100 km,6.6 L/100 km,Oui,Frontaux | Latéraux | Rideaux | Genoux conducteur,Oui,ESC | STC,Oui,EBD |  Freinage automatique anti-collision (AEB) | VDC,Oui,Oui,Radar de recul | Radar avant | Caméra de recul | Système de caméras 360,Oui,Oui,Oui,LED,,Feux de jour | Avant | Arrières,En aluminium | 19'',,Full LED | Adaptatifs,Harman/Kardon | Commandes au volant | 13 haut-parleurs | YouTube / Amazon Prime,4 USB-C | Apple Carplay | Bluetooth | Chargeur de téléphone sans fil,Tactile | 9 pouces,Avant | Arrière,3 | Réglage électrique,Aluminium brossé,Sport,Cuir | Suédine,Électriques | Réglage lombaire | Fonction mémoire,Conducteur et passager,Oui,Lunette et vitres arrières sur-teintées,Similicuir | 3 branches | Multi-fonctions,En hauteur et en profondeur,Démarrage mains libres,Automatique | Bizone,À distance,Oui,Oui,Anti-éblouissement,Électriques | Rabattables | Dégivrants | Mémoire de position,Avant/Arrière,2026-02-08 17:53:43.908301,Oui,Oui,,,Ouvrant | Panoramique,Accès mains libres,,,Oui,Triangle de présignalisation | Trousse de premiers secours,Oui,Oui,Noir Brillant,Oui,,Oui,Aluminium,Oui,Éléctrique,12.3 pouces,Oui,Dark,,,,,Ouverture et fermeture motorisées | Ouverture mains libres,Noire,,,1 prise 12 V,Sport,,,,,,,,,,,,,,,,Noires,,,,,,,,,Oui,Oui,,,,,,,,,Oui,,,,,,,,,,,,,,,,,,,,,,,,,,,,,,,,,
Volvo,Volvo XC40,https://www.automobile.tn/fr/neuf/volvo/xc40,2.0 L Black Edition,https://www.automobile.tn/fr/neuf/volvo/xc40/2.0-l-black-edition,219 900 DT,Disponible,SUV,3 ans ou 100.000 km,5,5,4,Essence | Hybride léger,9 CV,163 CH,265 nm 1500 tr/min,1969 CM³,Automatique,7,Traction,4440 mm,1863 mm,1652 mm,443 L,8.6 s,180 KM/H,5.6 L/100 km,6.8 L/100 km,6.6 L/100 km,Oui,Frontaux | Latéraux | Rideaux | Genoux conducteur,Oui,ESC | STC,Oui,EBD |  Freinage automatique anti-collision (AEB) | VDC,Oui,Oui,Radar de recul | Radar avant | Caméra de recul | Système de caméras 360,Oui,Oui,Oui,LED,,Feux de jour | Avant | Arrières,En aluminium | 20'',,Adaptatifs | Pixel LED,Harman/Kardon | Commandes au volant | 13 haut-parleurs | YouTube / Amazon Prime,4 USB-C | Apple Carplay | Bluetooth | Chargeur de téléphone sans fil,Tactile | 9 pouces,Avant | Arrière,3 | Réglage électrique,Aluminium brossé,Sport,Cuir | Suédine,Électriques | Réglage lombaire | Fonction mémoire,Conducteur et passager,Oui,Lunette et vitres arrières sur-teintées,Similicuir | 3 branches | Multi-fonctions,En hauteur et en profondeur,Démarrage mains libres,Automatique | Bizone,À distance,Oui,Oui,Anti-éblouissement,Électriques | Rabattables | Dégivrants | Mémoire de position,Avant/Arrière,2026-02-08 17:53:45.686819,Oui,Oui,,,Ouvrant | Panoramique,Accès mains libres,,,Oui,Triangle de présignalisation | Trousse de premiers secours,Oui,Oui,Noir Brillant,Oui,,Oui,Aluminium,Oui,Éléctrique,12.3 pouces,Oui,Dark,,,,,Ouverture et fermeture motorisées | Ouverture mains libres,Noire,,,1 prise 12 V,Sport,,,,,,,,,,,,,,,,Noires,,,,,,,,,Oui,Oui,,,,,,,,,Oui,,,,,,,,,,,,,,,,,,,,,,,,,,,,,,,,,
Volvo,Volvo EC40,https://www.automobile.tn/fr/neuf/volvo/ec40-recharge,Single Motor Ultra,https://www.automobile.tn/fr/neuf/volvo/ec40-recharge/single-motor-ultra,189 900 DT,Disponible,SUV,3 ans ou 100.000 km | Batterie garantie 8 ans,5,5,,Electrique,9 CV,238 CH,420 nm 0 tr/min,,Automatique,,Propulsion,4440 mm,1873 mm,1591 mm,413 L,7.3 s,180 KM/H,,,,Oui,Frontaux | Latéraux | Rideaux | Genoux conducteur,,Oui,Oui,Freinage automatique anti-collision (AEB),Oui,Oui,Radar de recul | Radar avant | Système de caméras 360,Adaptative,Oui,Oui,LED,,Feux de jour | Avant | Arrières,En aluminium | 19'',,Adaptatifs | Pixel LED,14 haut-parleurs | Harman/Kardon | Commandes au volant,USB-C | Apple Carplay | Bluetooth | Commande vocale | Chargeur de téléphone sans fil,Tactile | 9 pouces,Avant | Arrière,3 | Réglage électrique,Aluminium brossé,Similicuir,Suédine,Électriques | Réglage lombaire,Conducteur et passager,Oui,Lunette et vitres arrières sur-teintées,Similicuir | Multi-fonctions | Sport,En hauteur et en profondeur,Démarrage mains libres,Automatique | Bizone,À distance,Oui,,Anti-éblouissement,Électriques | Rabattables | Dégivrants | Noirs,Avant/Arrière,2026-02-08 17:53:48.270443,Oui,Oui,,,Panoramique,Accès mains libres,,,Oui,Triangle de présignalisation | Trousse de premiers secours,Oui,Oui,Noir Brillant,Oui,,Oui,Aluminium,Oui,Éléctrique,12.3 pouces,,,Métallisée,,,,Ouverture et fermeture motorisées | Ouverture mains libres,,,,,,,1,,70 kWh,487 km,"16,7 kWh/100 km",7 heures,27 minutes,,,,,,,,Noires,,,,,,,,,Oui,,,Oui,,,,,,,,TSR,,,,,,,,,,,,,,,,,,,,,,,,,,,,,,,,
Volvo,Volvo EC40,https://www.automobile.tn/fr/neuf/volvo/ec40-recharge,Twin Motor Performance Ultra Black Edition,https://www.automobile.tn/fr/neuf/volvo/ec40-recharge/twin-ultra-black-edition,219 900 DT,Disponible,SUV,3 ans ou 100.000 km | Batterie garantie 8 ans,5,5,,Electrique,14 CV,442 CH,670 nm 0 tr/min,,Automatique,,Intégrale,4440 mm,1873 mm,1591 mm,413 L,4.6 s,180 KM/H,,,,Oui,Frontaux | Latéraux | Rideaux | Genoux conducteur,,Oui,Oui,Freinage automatique anti-collision (AEB),Oui,Oui,Radar de recul | Radar avant | Système de caméras 360,Adaptative,Oui,Oui,LED,,Feux de jour | Avant | Arrières,En aluminium | 20'',,Adaptatifs | Pixel LED,14 haut-parleurs | Harman/Kardon | Commandes au volant,USB-C | Apple Carplay | Bluetooth | Commande vocale | Chargeur de téléphone sans fil,Tactile | 9 pouces,Avant | Arrière,3 | Réglage électrique,Aluminium brossé,Similicuir,Suédine,Électriques | Réglage lombaire,Conducteur et passager,Oui,Lunette et vitres arrières sur-teintées,Similicuir | Multi-fonctions | Sport,En hauteur et en profondeur,Démarrage mains libres,Automatique | Bizone,À distance,Oui,,Anti-éblouissement,Électriques | Rabattables | Dégivrants | Noirs,Avant/Arrière,2026-02-08 17:53:50.154193,Oui,Oui,,,Panoramique,Accès mains libres,,,Oui,Triangle de présignalisation | Trousse de premiers secours,Oui,Oui,Noir Brillant,Oui,,Oui,Aluminium,Oui,Éléctrique,12.3 pouces,,,Métallisée,,,,Ouverture et fermeture motorisées | Ouverture mains libres,,,,,,,2,,82 kWh,584 km,17.3 kWh/100 km,8 heures,27 minutes,,,,,,,,Noires,,,,,,,,,Oui,,,Oui,,,,,,,,TSR,,,,,,,,,,,,,,,,,,,,,,,,,,,,,,,,
Volvo,Volvo ES90,https://www.automobile.tn/fr/neuf/volvo/es90,Single Motor Extended range Plus,https://www.automobile.tn/fr/neuf/volvo/es90/single-motor-extended-range-92-kwh-plus,239 900 DT,Disponible,Berline,3 ans ou 100.000 km | Batterie garantie 8 ans,5,5,,Electrique,9 CV,333 CH,480 nm 0 tr/min,,Automatique,,Propulsion,5000 mm,1942 mm,1547 mm,446 L,6.6 s,180 KM/H,,,,Oui,Frontaux | Latéraux | Rideaux | Genoux conducteur,Oui,Oui,Oui,Système anti-collision avec détection des piétons |  Freinage automatique anti-collision (AEB) | Freinage multi-collision,TPMS,Oui,Radar de recul | Radar avant | Système de caméras 360 | Parkassist | Caméra panoramique 3D,Oui,,Adaptatif (ACC),,,Feux de jour | Avant | Arrières,En aluminium | 20'',Oui,LED,Haut-parleurs Bose,"USB-C | Android Auto | Apple Carplay | Bluetooth | Commande vocale | Digital Services (Google Assistant, Google Maps, Youtube)",Tactile | 14.5 pouces,Avant | Arrière,,,,Nordico,Électriques | Chauffants | Réglage lombaire | Fonction mémoire,Conducteur et passager,Oui,Lunette et vitres arrières sur-teintées,,En hauteur et en profondeur,,Automatique | 4 zones,À distance,Oui,,Anti-éblouissement,Électriques | Rabattables | Dégivrants,Avant/Arrière,2026-02-08 17:53:52.593966,Oui,,,,Panoramique | Electrochrome,Accès mains libres | Digital Key Card,1256 L,Oui,Oui,Oui,,Oui,Noir Brillant,Oui,,Oui,Aluminium,Oui,Éléctrique,9 pouces,,,,,,,Ouverture et fermeture motorisées | Ouverture mains libres,,,,,,Oui,1,,92 kWh,651 km,16 kWh/100 km,10 heures,22 minutes,,,Oui,,,,27 L,,,,,,,,,FCW,,,,,,,,,,,,TSR,Oui,,,,,,,,,Escamotables,,,,,,,,,,,,,,,,,,,,,,
Volvo,Volvo ES90,https://www.automobile.tn/fr/neuf/volvo/es90,Single Motor Extended range Ultra,https://www.automobile.tn/fr/neuf/volvo/es90/single-motor-extended-range-92-kwh-ultra,269 900 DT,Disponible,Berline,3 ans ou 100.000 km | Batterie garantie 8 ans,5,5,,Electrique,9 CV,333 CH,480 nm 0 tr/min,,Automatique,,Propulsion,5000 mm,1942 mm,1547 mm,446 L,6.6 s,180 KM/H,,,,Oui,Frontaux | Latéraux | Rideaux | Genoux conducteur,Oui,Oui,Oui,Système anti-collision avec détection des piétons |  Freinage automatique anti-collision (AEB) | Freinage multi-collision,TPMS,Oui,Radar de recul | Radar avant | Système de caméras 360 | Parkassist | Park Pilot | Caméra panoramique 3D,Oui,,Adaptatif (ACC),,,Feux de jour | Avant | Arrières,En aluminium | 21'',Oui,Pixel LED,Haut-parleurs Bose,"USB-C | Android Auto | Apple Carplay | Bluetooth | Commande vocale | Digital Services (Google Assistant, Google Maps, Youtube)",Tactile | 14.5 pouces,Avant | Arrière,,,,Nordico,Électriques | Chauffants | Massants | Ventilés | Réglage lombaire | Fonction mémoire,Conducteur et passager,Oui,Lunette et vitres arrières sur-teintées | Avant et arrière feuilletées,,En hauteur et en profondeur,,Automatique | 4 zones,À distance,Oui,,Anti-éblouissement,Électriques | Rabattables | Dégivrants,Avant/Arrière,2026-02-08 17:53:54.393332,Oui,,,,Panoramique | Electrochrome,Accès mains libres | Digital Key Card,1256 L,Oui,Oui,Oui,,Oui,Noir Brillant,Oui,,Oui,Aluminium,Oui,Éléctrique,9 pouces,,,,,,,Ouverture et fermeture motorisées | Ouverture mains libres,,,,,,Oui,1,,92 kWh,651 km,16 kWh/100 km,10 heures,22 minutes,,,Oui,Soft close,Pneumatique | Active,,27 L,,,,,,,,,FCW,,,,,,,,,,,,TSR,Oui,,,,,,,,,Escamotables,,,,,,,,,,,,,,,,,,,,,,
Volvo,Volvo EX90,https://www.automobile.tn/fr/neuf/volvo/ex90,Single Motor Plus,https://www.automobile.tn/fr/neuf/volvo/ex90/single-motor-92-kwh-plus,295 900 DT,Disponible,SUV,3 ans ou 100.000 km | Batterie garantie 8 ans,7,5,,Electrique,9 CV,333 CH,490 nm 0 tr/min,,Automatique,,Propulsion,5037 mm,1964 mm,1744 mm,662 L,6.8 s,180 KM/H,,,,Oui,Frontaux | Latéraux | Rideaux | Genoux conducteur,Oui,Oui,Oui,Système anti-collision avec détection des piétons |  Freinage automatique anti-collision (AEB) | Freinage multi-collision,TPMS,Oui,Radar de recul | Radar avant | Système de caméras 360 | Parkassist | Caméra panoramique 3D,Oui,,Adaptatif (ACC),,,Feux de jour | Avant | Arrières,En aluminium | 21'',Oui,LED,Haut-parleurs Bose,"USB-C | Android Auto | Apple Carplay | Bluetooth | Commande vocale | Digital Services (Google Assistant, Google Maps, Youtube)",Tactile | 14.5 pouces,Avant | Arrière,,,,Nordico,Électriques | Chauffants | Réglage lombaire | Fonction mémoire,Conducteur et passager,Oui,Lunette et vitres arrières sur-teintées,,En hauteur et en profondeur,,Automatique | 4 zones,À distance,Oui,,Anti-éblouissement,Électriques | Rabattables | Dégivrants,Avant/Arrière,2026-02-08 17:53:56.998067,Oui,,,,Panoramique | Electrochrome,Accès mains libres | Digital Key Card,1945 L,Oui,Oui,Oui,,Oui,Noir Brillant,Oui,,Oui,Aluminium,Oui,Éléctrique,9 pouces,,,,,,,Ouverture et fermeture motorisées | Ouverture mains libres,,,,,,Oui,1,,92 kWh,606 km,18.2 kWh/100 km,10 heures,22 minutes,,,Oui,,,,49 L,,,,,,,,,FCW,,,,,,,,,,,,TSR,Oui,,,,,,,,,Escamotables,,,,,,,,,,,,,,,,,,,,,,
Volvo,Volvo EX90,https://www.automobile.tn/fr/neuf/volvo/ex90,Twin Motor Performance Ultra,https://www.automobile.tn/fr/neuf/volvo/ex90/twin-motor-performance-ultra,349 900 DT,Disponible,SUV,3 ans ou 100.000 km | Batterie garantie 8 ans,6,5,,Electrique,N.C,653 CH,910 nm 0 tr/min,,Automatique,,Intégrale,5037 mm,1964 mm,1744 mm,662 L,4.9 s,180 KM/H,,,,Oui,Frontaux | Latéraux | Rideaux | Genoux conducteur,Oui,Oui,Oui,Système anti-collision avec détection des piétons |  Freinage automatique anti-collision (AEB) | Freinage multi-collision,TPMS,Oui,Radar de recul | Radar avant | Système de caméras 360 | Parkassist | Park Pilot | Caméra panoramique 3D,Oui,,Adaptatif (ACC),,,Feux de jour | Avant | Arrières,En aluminium | 21'',Oui,LED,Bowers & Wilkins | 25 haut-parleurs,"USB-C | Android Auto | Apple Carplay | Bluetooth | Commande vocale | Digital Services (Google Assistant, Google Maps, Youtube)",Tactile | 14.5 pouces,Avant | Arrière,,,,Nordico,Électriques | Chauffants | Massants | Ventilés | Réglage lombaire | Fonction mémoire,Conducteur et passager,Oui,Lunette et vitres arrières sur-teintées | Avant et arrière feuilletées,,En hauteur et en profondeur,,Automatique | 4 zones,À distance,Oui,,Anti-éblouissement,Électriques | Rabattables | Dégivrants,Avant/Arrière,2026-02-08 17:53:58.750008,Oui,,,,Panoramique | Electrochrome,Accès mains libres | Digital Key Card,1945 L,Oui,Oui,Oui,,Oui,Noir Brillant,Oui,,Oui,Aluminium,Oui,Éléctrique,9 pouces,,,,,,,Ouverture et fermeture motorisées | Ouverture mains libres,,,,,,Oui,2,,106 kWh,615 km,19.2 kWh/100 km,11 heures,22 minutes,,,Oui,Soft close,Pneumatique | Active,,49 L,,,,,,,,,FCW,,,,,,,,,,,,TSR,Oui,,,,,,,,,Escamotables,,,,,,,,,,,,,,,,,,,,,,
Volvo,Volvo XC60,https://www.automobile.tn/fr/neuf/volvo/xc60,2.0 l T8 Recharge Ultra Dark,https://www.automobile.tn/fr/neuf/volvo/xc60/2.0-l-t8-recharge-ultra-dark,239 900 DT,Disponible,SUV,3 ans ou 100.000 km | Batterie garantie 8 ans ou 160.000 KM,5,5,4,Essence | Hybride rechargeable,20 CV,462 CH,659 nm 2500 tr/min,1969 CM³,Automatique,8,Intégrale,4708 mm,1902 mm,1656 mm,468 L,4.9 s,180 KM/H,,,1.4 L/100 km,Oui,Frontaux | Latéraux | Rideaux | Genoux conducteur,,STC,Oui,VDC,Oui,Oui,Radar de recul | Radar avant | Système de caméras 360,Oui,,Adaptatif (ACC),LED,,Feux de jour | Avant | Arrières,En aluminium | 20'',Oui,Full LED | Directionnels,14 haut-parleurs | Harman/Kardon | Commandes au volant | Subwoofer,2 USB-C | Android Auto | Apple Carplay | Bluetooth | Commande vocale | Chargeur de téléphone sans fil,Tactile | 11.2 pouces,Avant | Arrière,,Bois,Cristal d'orrefors,Nordico,Électriques | Chauffants | Réglage lombaire | Fonction mémoire,Conducteur et passager,Oui,Lunette et vitres arrières sur-teintées,Cuir | 3 branches | Multi-fonctions,En hauteur et en profondeur,Démarrage mains libres,Automatique | Bizone,À distance,Oui,Oui,Anti-éblouissement,Électriques | Rabattables | Dégivrants,Avant/Arrière,2026-02-08 17:54:01.374143,Oui,Oui,,,Ouvrant | Panoramique,Accès mains libres,,Oui,Oui,Oui,Oui,Oui,Noir Brillant,Oui,,Oui,Aluminium,Oui,Éléctrique,12.3 pouces,,,Métallisée,,Oui,,Ouverture et fermeture motorisées | Cache Bagages | Ouverture à distance,,,,1 prise 12 V,Confort | Sport | Eco,,,,,77 km,,,,,,,,,,,Noir laqué,,,,,,,,RCW,Oui,Oui,,Oui,,,,310 CH,143 CH,,,,,,,,,,,,,,,,RSC,,,,,,,,,,,,,,,,,,,
Volvo,Volvo XC60,https://www.automobile.tn/fr/neuf/volvo/xc60,2.0 l T8 Recharge Ultra Black Edition,https://www.automobile.tn/fr/neuf/volvo/xc60/2.0-l-t8-recharge-ultra-black-edition,259 900 DT,Disponible,SUV,3 ans ou 100.000 km | Batterie garantie 8 ans ou 160.000 KM,5,5,4,Essence | Hybride rechargeable,20 CV,462 CH,659 nm 2500 tr/min,1969 CM³,Automatique,8,Intégrale,4708 mm,1902 mm,1656 mm,468 L,4.9 s,180 KM/H,,,1.4 L/100 km,Oui,Frontaux | Latéraux | Rideaux | Genoux conducteur,,STC,Oui,VDC,Oui,Oui,Radar de recul | Radar avant | Système de caméras 360,Oui,,Adaptatif (ACC),LED,,Feux de jour | Avant | Arrières,En aluminium | 21'',Oui,Full LED | Directionnels,14 haut-parleurs | Harman/Kardon | Commandes au volant | Subwoofer,2 USB-C | Android Auto | Apple Carplay | Bluetooth | Commande vocale | Chargeur de téléphone sans fil,Tactile | 11.2 pouces,Avant | Arrière,,Aluminium maillé,Cristal d'orrefors,Cuir | Nappa,Électriques | Chauffants | Ventilés | Réglage lombaire,Conducteur et passager,Oui,Lunette et vitres arrières sur-teintées,Cuir | 3 branches | Multi-fonctions,En hauteur et en profondeur,Démarrage mains libres,Automatique | Bizone,À distance,Oui,Oui,Anti-éblouissement,Électriques | Rabattables | Dégivrants,Avant/Arrière,2026-02-08 17:54:03.190147,Oui,Oui,,,Ouvrant | Panoramique,Accès mains libres,,Oui,Oui,Oui,Oui,Oui,Noir Brillant,Oui,,Oui,Aluminium,Oui,Éléctrique,12.3 pouces,,,Métallisée,,Oui,,Ouverture et fermeture motorisées | Cache Bagages | Ouverture à distance,,,,1 prise 12 V,Confort | Sport | Eco,,,,,77 km,,,,,,,,,,,Noir laqué,,,,,,,,RCW,Oui,Oui,,Oui,,,,310 CH,143 CH,,,,,,,,,,,,,,,,RSC,,,,,,,,,,,,,,,,,,,
Volvo,Volvo XC90,https://www.automobile.tn/fr/neuf/volvo/xc90,2.0 l Recharge Ultra Bright,https://www.automobile.tn/fr/neuf/volvo/xc90/2.0-l-recharge-ultra-bright,339 900 DT,Disponible,SUV,3 ans ou 100.000 km | Batterie garantie 8 ans ou 160.000 KM,7,5,4,Essence | Hybride rechargeable,20 CV,462 CH,659 nm 2500 tr/min,1969 CM³,Automatique,8,Intégrale,4953 mm,1923 mm,1767 mm,640 L,5.4 s,180 KM/H,,,1.4 L/100 km,Oui,Frontaux | Latéraux | Rideaux | Genoux conducteur,,STC | RSC,Oui,,Oui,Oui,Radar de recul | Radar avant | Caméra de recul | Système de caméras 360 | Parkassist,Oui,Oui,Oui,LED,,Feux de jour | Avant | Arrières,En aluminium | 21'',,Full LED | Directionnels | Adaptatifs | Matrix LED,14 haut-parleurs | Harman/Kardon | Commandes au volant | Subwoofer,2 USB-C | Apple Carplay | Bluetooth | Commande vocale | Chargeur de téléphone sans fil,Tactile | 11.2 pouces,Avant | Arrière,,Bois,Cristal d'orrefors,Cuir | Nappa,Électriques | Ventilés | Réglage lombaire | Fonction mémoire,Conducteur et passager,Oui,Lunette et vitres arrières sur-teintées,Similicuir | 3 branches | Multi-fonctions,En hauteur et en profondeur,Démarrage mains libres,Automatique | 4 zones,À distance,Oui,Oui,Anti-éblouissement,Électriques | Rabattables | Dégivrants,Avant/Arrière,2026-02-08 17:54:05.718551,Oui,Oui,,,Ouvrant | Panoramique,Accès mains libres,,Oui,Oui,Triangle de présignalisation,Oui,Oui,Chrome,,,Oui,,Oui,Éléctrique,12.3 pouces,,,Métallisée,,,,Ouverture et fermeture motorisées | Cache Bagages,,,,,Confort | Sport | Eco,,,,,75 km,,,,,,,,,,,Chromées,,,,,,,,,Oui,,,BLIS,,,,312 CH,143 CH,,,,,,,,,,,,,,,,RSC,,,,,,,,,,,,,,,,,,,
Volvo,Volvo XC90,https://www.automobile.tn/fr/neuf/volvo/xc90,2.0 l Recharge Ultra Black Edition,https://www.automobile.tn/fr/neuf/volvo/xc90/2.0-l-recharge-ultra-black-edition,359 900 DT,Disponible,SUV,3 ans ou 100.000 km | Batterie garantie 8 ans ou 160.000 KM,7,5,4,Essence | Hybride rechargeable,20 CV,462 CH,659 nm 2500 tr/min,1969 CM³,Automatique,8,Intégrale,4953 mm,1923 mm,1767 mm,640 L,5.4 s,180 KM/H,,,1.4 L/100 km,Oui,Frontaux | Latéraux | Rideaux | Genoux conducteur,,STC | RSC,Oui,,Oui,Oui,Radar de recul | Radar avant | Caméra de recul | Système de caméras 360 | Parkassist,Oui,Oui,Oui,LED,,Feux de jour | Avant | Arrières,En aluminium | 21'',,Full LED | Directionnels | Adaptatifs | Matrix LED,14 haut-parleurs | Harman/Kardon | Commandes au volant | Subwoofer,2 USB-C | Apple Carplay | Bluetooth | Commande vocale | Chargeur de téléphone sans fil,Tactile | 11.2 pouces,Avant | Arrière,,Aluminium maillé,Cristal d'orrefors,Cuir | Nappa,Électriques | Ventilés | Réglage lombaire | Fonction mémoire,Conducteur et passager,Oui,Lunette et vitres arrières sur-teintées,Similicuir | 3 branches | Multi-fonctions,En hauteur et en profondeur,Démarrage mains libres,Automatique | 4 zones,À distance,Oui,Oui,Anti-éblouissement,Électriques | Rabattables | Dégivrants,Avant/Arrière,2026-02-08 17:54:07.481146,Oui,Oui,,,Ouvrant | Panoramique,Accès mains libres,,Oui,Oui,Triangle de présignalisation,Oui,Oui,Noir Brillant,,,Oui,,Oui,Éléctrique,12.3 pouces,,,Métallisée,,,,Ouverture et fermeture motorisées | Cache Bagages,,,,,Confort | Sport | Eco,,,,,75 km,,,,,,,,,,,Noir laqué,,,,,,,,,Oui,,,BLIS,,,,312 CH,143 CH,,,,,,,,,,,,,,,,RSC,,,,,,,,,,,,,,,,,,,
Wallyscar,Wallyscar Annibal,https://www.automobile.tn/fr/neuf/wallyscar/annibal,2.5 l Diesel 4x2,https://www.automobile.tn/fr/neuf/wallyscar/annibal/2.5-l-diesel-4x2,89 700 DT,Sur arrivage,Pick up,3 ans ou 100.000 km,5,4,4,Diesel,6 CV,127 CH,310 nm 1800 tr/min,2499 CM³,Manuelle,6,Propulsion,5341 mm,1885 mm,1845 mm,,12.9 s,170 KM/H,8.5 L/100 km,7.1 L/100 km,7.8 L/100 km,Oui,Frontaux,,Oui,Oui,EBD,Oui,Oui,Radar de recul | Caméra de recul,Hydraulique,,,LED,Pare-chocs,Feux de jour,En aluminium | 16'',,,4 haut-parleurs | Commandes au volant,USB | Apple Carplay | Bluetooth | Wifi,Tactile | 11 pouces,Avant,2,,,Tissu,,Conducteur,Oui,,Cuir | Multi-fonctions,En hauteur,,Manuelle,À distance,Oui,,,Électriques | Chromés | Avec clignotants intégrés,Avant/Arrière,2026-02-08 17:54:10.897456,,,,,,,,,Oui,,,,,,,,,,,,,,Métallisée,,,,,,228 g/km,,1 prise 12 V,Eco,,,,,,,,,,,,,,,,,,,,,1000 KG,1.5 m³,,,,,,,,,,,,,,,,,,,,,,,+1000 DT,Chromées,,,,,Avant,,+1000 DT,,,,,,,,,,,,,,,
Wallyscar,Wallyscar Annibal,https://www.automobile.tn/fr/neuf/wallyscar/annibal,2.5 l Diesel 4x4,https://www.automobile.tn/fr/neuf/wallyscar/annibal/2.5-l-diesel-4x4,102 900 DT,Sur arrivage,Pick up,3 ans ou 100.000 km,5,4,4,Diesel,6 CV,127 CH,310 nm 1800 tr/min,2499 CM³,Manuelle,6,Intégrale,5341 mm,1885 mm,1845 mm,,12.9 s,170 KM/H,8.5 L/100 km,7.1 L/100 km,7.8 L/100 km,Oui,Frontaux,,Oui,Oui,EBD,Oui,Oui,Radar de recul | Caméra de recul,Hydraulique,,,LED,Pare-chocs,Feux de jour,En aluminium | 16'',,,4 haut-parleurs | Commandes au volant,USB | Apple Carplay | Bluetooth | Wifi,Tactile | 11 pouces,Avant,2,,,Tissu,,Conducteur,Oui,,Cuir | Multi-fonctions,En hauteur,,Manuelle,À distance,Oui,,,Électriques | Chromés | Avec clignotants intégrés,Avant/Arrière,2026-02-08 17:54:12.638945,,,,,,,,,Oui,,,,,,,,,,,,,,Métallisée,,,,,,228 g/km,,1 prise 12 V,Eco,,,,,,,,,,,,,,,,,,,,,1000 KG,1.5 m³,,,,,,,,,,,,,,,,,,,,,,,+1000 DT,Chromées,,,,,Avant,,+1000 DT,,,,,,,,,,,,,,,
Wallyscar,Wallyscar Annibal XXL,https://www.automobile.tn/fr/neuf/wallyscar/annibal-xxl,2.3 l Turbo Diesel 4x4 BVA,https://www.automobile.tn/fr/neuf/wallyscar/annibal-xxl/2.3-l-turbo-4x4-bva,142 200 DT,Sur arrivage,Pick up,3 ans ou 100.000 km,5,4,4,Diesel,8 CV,160 CH,380 nm 2OOO tr/min,2299 CM³,Automatique,8,Intégrale,5393 mm,2045 mm,1965 mm,,11.6 s,180 KM/H,8.8 L/100 km,7 L/100 km,7.8 L/100 km,Oui,Frontaux | Latéraux,,ESC | ESP,Oui,EBD,Oui,Oui,Radar de recul | Radar latéral | Système de caméras 360,Électrique,,Cruise control,LED,Pare-chocs,Feux de jour | Avant,En aluminium | 18'',,,6 haut-parleurs | Commandes au volant,USB | Apple Carplay | Bluetooth | Wifi | Chargeur de téléphone sans fil,Tactile | 10.2 pouces,Avant | Arrière,2,,,Similicuir | Cuir +3000 DT,Électriques,Conducteur,Oui,Teintées,Cuir | Multi-fonctions,En hauteur,Démarrage mains libres,Manuelle,À distance,Oui,,,Électriques | Rabattables | Chromés | Avec clignotants intégrés,Avant/Arrière,2026-02-08 17:54:15.163092,Oui,,,,,Accès mains libres,,Oui,Oui,,,,,,,Oui,,Oui,Éléctrique,,Oui,,Métallisée,,Porte-lunettes,,,,212 g/km,,1 prise 12 V,Normal | Sport | Eco,,,,,,,,,,,,,,,,Oui,,,,,850 KG,1.5 m³,,FCW,,,,,,,,,,,,,,,,,+1000 DT,,,,+1000 DT,Chromées,,,,Oui,Avant,,+1000 DT,,,,,,,,,,,,,,,
Wallyscar,Wallyscar Annibal XXL,https://www.automobile.tn/fr/neuf/wallyscar/annibal-xxl,2.0 l Turbo Essence 4x4 BVA,https://www.automobile.tn/fr/neuf/wallyscar/annibal-xxl/2.0-l-turbo-4x4-bva,144 800 DT,Sur arrivage,Pick up,3 ans ou 100.000 km,5,4,4,Essence,10 CV,190 CH,360 nm 1800 tr/min,1967 CM³,Automatique,8,Intégrale,5393 mm,2045 mm,1965 mm,,9.2 s,180 KM/H,8.9 L/100 km,7.2 L/100 km,7.9 L/100 km,Oui,Frontaux | Latéraux,,ESC | ESP,Oui,EBD,Oui,Oui,Radar de recul | Radar latéral | Système de caméras 360,Électrique,,Cruise control,LED,Pare-chocs,Feux de jour | Avant,En aluminium | 18'',,,6 haut-parleurs | Commandes au volant,USB | Apple Carplay | Bluetooth | Wifi | Chargeur de téléphone sans fil,Tactile | 10.2 pouces,Avant | Arrière,2,,,Similicuir | Cuir +3000 DT,Électriques,Conducteur,Oui,Teintées,Cuir | Multi-fonctions,En hauteur,Démarrage mains libres,Manuelle,À distance,Oui,,,Électriques | Rabattables | Chromés | Avec clignotants intégrés,Avant/Arrière,2026-02-08 17:54:16.951646,Oui,,,,,Accès mains libres,,Oui,Oui,,,,,,,Oui,,Oui,Éléctrique,,Oui,,Métallisée,,Porte-lunettes,,,,212 g/km,,1 prise 12 V,Normal | Sport | Eco,,,,,,,,,,,,,,,,Oui,,,,,850 KG,1.5 m³,,FCW,,,,,,,,,,,,,,,,,+1000 DT,,,,+1000 DT,Chromées,,,,Oui,Avant,,+1000 DT,,,,,,,,,,,,,,,
