brand,model,version,price,caractéristiques_disponibilité,caractéristiques_carrosserie,caractéristiques_garantie,caractéristiques_nombre_de_places,caractéristiques_nombre_de_portes,motorisation_nombre_de_cylindres,motorisation_energie,motorisation_puissance_fiscale,motorisation_puissance_(ch.din),transmission_boîte,transmission_nombre_de_rapports,transmission_transmission,consommation_consommation_mixte,aides_à_la_conduite_aide_au_stationnement,equipements_extérieurs_jantes,audio_et_communication_ecran_central,equipements_intérieurs_sellerie,equipements_intérieurs_volant,equipements_intérieurs_toit,equipements_fonctionnels_frein_de_stationnement,equipements_fonctionnels_modes_de_conduite,performances_autonomie_électrique_(wltp),consommation_consommation_électrique_(wltp),consommation_temps_de_recharge_normale_(ac),consommation_temps_de_recharge_rapide_(dc)
Alfa-Romeo,Alfa Romeo Giulia,Alfa Romeo Giulia,,Indisponible,Berline,3 ans,5,4,4,Essence,11 CV,200 CH,Automatique,8,Propulsion,5.9 L/100 km,Radar de recul | Radar avant,En aluminium | 17'',7 pouces,Cuir,Cuir | Multi-fonctions | Avec palettes,,,,,,,
Alfa-Romeo,Alfa Romeo Stelvio,Alfa Romeo Stelvio,,Indisponible,SUV,3 ans,5,5,4,Essence,17 CV,280 CH,Automatique,8,Intégrale,7 L/100 km,Radar de recul | Radar avant | Caméra de recul,En aluminium | 20'',Tactile | 6.5 pouces,Cuir,Cuir | Chauffant | Multi-fonctions | Avec palettes,Ouvrant | Panoramique | + 7000 DT,,,,,,
Audi,Audi A3 Sportback,35 TFSI Iconic Line,139 990 DT,Disponible,Compacte,3 ans,5,5,4,Essence,8 CV,150 CH,Automatique,8,Traction,5.4 L/100 km,Radar de recul | Radar avant | Caméra de recul | Parkassist,En aluminium | 17'',Tactile | 10.1 pouces,Tissu,Cuir | 3 branches | Multi-fonctions | Avec palettes,,Éléctrique,,,,,
Audi,Audi A3 Sportback,35 TFSI Tech Line,154 000 DT,Disponible,Compacte,3 ans,5,5,4,Essence,8 CV,150 CH,Automatique,8,Traction,5.4 L/100 km,Radar de recul | Radar avant | Caméra de recul | Parkassist,En aluminium | 17'',Tactile | 10.1 pouces,Tissu,Cuir | 3 branches | Multi-fonctions | Avec palettes,Panoramique | En verre,Éléctrique,,,,,
Audi,Audi A3 Sportback,35 TFSI S-Line,179 990 DT,Disponible,Compacte,3 ans,5,5,4,Essence,8 CV,150 CH,Automatique,8,Traction,5.4 L/100 km,Radar de recul | Radar avant | Caméra de recul | Parkassist,En aluminium | 17'',Tactile | 10.1 pouces,Similicuir/Tissu,Cuir | 3 branches | Multi-fonctions | Sport | à méplat | Avec palettes,Panoramique | En verre,Éléctrique,,,,,
Audi,Audi A3 Berline,Audi A3 Berline,,Disponible,Berline,3 ans,5,4,4,Essence,8 CV,150 CH,Automatique,8,Traction,5.4 L/100 km,Radar de recul | Radar avant | Caméra de recul | Parkassist,En aluminium | 17'',Tactile | 10.1 pouces,Tissu,Cuir | Multi-fonctions | Avec palettes,Panoramique | En verre,Éléctrique,,,,,
Audi,Audi Q2,Audi Q2,,Disponible,SUV,3 ans,5,5,4,Essence,8 CV,150 CH,Automatique,8,Traction,6.0 L/100 km,Radar de recul | Radar avant | Caméra de recul,En aluminium | 17'',8.8 pouces,Tissu,Cuir | 3 branches | Multi-fonctions | à méplat,Ouvrant | Panoramique,,,,,,
Audi,Audi Q3 Sportback,Audi Q3 Sportback,,Disponible,SUV,3 ans,5,5,4,Essence,9 CV,150 CH,Automatique,6,Traction,5.8 L/100 km,Radar de recul | Radar avant | Caméra de recul | Audi Parking System Plus,En aluminium | 18'',Tactile | 8.8 pouces,Cuir/similicuir,Cuir | 3 branches | Multi-fonctions,Ouvrant | Panoramique,,Audi Drive Select,,,,
Audi,Audi A5,Audi A5,,Disponible,Berline,3 ans,5,5,4,Essence,8 CV,150 CH,Automatique,7,Traction,7.3 L/100 km,Radar de recul | Radar avant | Système de caméras 360 | Audi Parking System Plus | Détection du trafic en marche arrière,En aluminium | 18'',Tactile | Curved Display | 14.5 pouces,Cuir/similicuir,Cuir | 3 branches | Multi-fonctions | Sport | à méplat | Avec palettes,Panoramique | En verre | Electrochrome,Éléctrique,Audi Drive Select,,,,
Audi,Audi A6 Sportback e-tron,Audi A6 Sportback e-tron,,Disponible,Berline,3 ans | Batterie garantie 8 ans ou 160.000 KM,5,5,,Electrique,9 CV,367 CH,Automatique,,Propulsion,,Radar de recul | Radar avant | Système de caméras 360 | Audi Parking System Plus | Détection du trafic en marche arrière,En aluminium | 20'',Tactile | Curved Display | 14.5 pouces,Cuir/similicuir,Cuir | Chauffant | Multi-fonctions | Sport | à méplat | Réglage électrique | Avec palettes,Panoramique | En verre | Electrochrome,Éléctrique,Audi Drive Select,673 km,15.9 kWh/100 km,10 heures,21 minutes
Audi,Audi Q6 e-tron,Audi Q6 e-tron,,Disponible,SUV,3 ans | Batterie garantie 8 ans ou 160.000 KM,5,5,,Electrique,9 CV,388 CH,Automatique,,Intégrale,,Radar de recul | Radar avant | Système de caméras 360 | Audi Parking System Plus,En aluminium | 20'',Tactile | 14.5 pouces,Cuir/Microfibre Dinamica | Nappa | Surpiqures,Cuir | 3 branches | Chauffant | Multi-fonctions | Sport | à méplat | Avec palettes,Panoramique | En verre,Éléctrique,Audi Drive Select,619 km,19.5 kWh/100 km,10 heures,21 minutes
Audi,Audi Q6 Sportback e-tron,Audi Q6 Sportback e-tron,,Disponible,SUV,3 ans | Batterie garantie 8 ans ou 160.000 KM,5,5,,Electrique,9 CV,388 CH,Automatique,,Intégrale,,Radar de recul | Radar avant | Système de caméras 360 | Audi Parking System Plus | Détection du trafic en marche arrière,En aluminium | 20'',Tactile | Curved Display | 14.5 pouces,Cuir/Microfibre Dinamica | Nappa | Surpiqures,3 branches | Chauffant | Multi-fonctions | Sport | Cuir Perforé | à méplat | Réglage électrique | Avec palettes,Panoramique | En verre,Éléctrique,Audi Drive Select,630 km,18.7 kWh/100 km,10 heures,21 minutes
Audi,Audi E-tron GT,Audi E-tron GT,,Sur arrivage,Berline,3 ans | Batterie garantie 8 ans ou 160.000 KM,5,4,,Electrique,10 CV,476 CH,Automatique,2,Intégrale,,Radar de recul | Radar avant | Système de caméras 360 | Audi Parking System Plus,En aluminium | 21'',10.1 pouces | Tactile avec retour haptique,Cuir perforé | Surpiqures,Cuir | 3 branches | Chauffant | Multi-fonctions | à méplat | Réglage électrique | Avec palettes,Panoramique | En verre,,,487 km,18.8 kWh/100 km,4.5 heures,60 minutes
Audi,Audi Q8,Audi Q8,,Sur commande,SUV,3 ans,5,5,6,Essence | Hybride léger,22 CV,340 CH,Automatique,8,Intégrale,8.9 L/100 km,Radar de recul | Radar avant | Système de caméras 360 | Audi Parking System Plus,En aluminium | 19'',Tactile | 10.1 pouces,Cuir,Cuir | 3 branches | Multi-fonctions,Panoramique | En verre,Éléctrique,Audi Drive Select,,,,
Avantier,Avantier Avantier C,Avantier Avantier C,,En pré-commande,Utilitaire,5 ans ou 100000 km | Batterie garantie 8 ans ou 160.000 KM,2,3,,Electrique,2 CV,30 CH,Automatique,,Propulsion,,Radar de recul | Caméra de recul,"12""",,Tissu,Multi-fonctions,,,Sport | Eco,182 km,,8 heures,
Avantier,Avantier Commuter,31 KWH LFP,37 800 DT,4 mois | En pré-commande,Citadine,5 ans | Batterie garantie 8 ans,4,5,,Electrique,2 CV,68 CH,Automatique,,Traction,,Radar de recul | Système de caméras 360,En aluminium | 15'' | Bi-ton,Tactile | 10.1 pouces,Tissu | Bi-ton,Multi-fonctions,,Éléctrique | EPB,Normal | Sport | Eco | i-Pedal,300 km,"10,4 kWh/100 km",9 heures,30 minutes
Avantier,Avantier Commuter,31 KWH NMC,45 000 DT,1 mois | En pré-commande,Citadine,5 ans | Batterie garantie 8 ans,4,5,,Electrique,2 CV,68 CH,Automatique,,Traction,,Radar de recul | Système de caméras 360,En aluminium | 15'' | Bi-ton,Tactile | 10.1 pouces,Tissu | Bi-ton,Multi-fonctions,,Éléctrique | EPB,Normal | Sport | Eco | i-Pedal,300 km,"10,4 kWh/100 km",9 heures,30 minutes
Bako,Bako Bee,Wave,16 980 DT,En pré-commande,Citadine,3 ans ou 60.000 km,3,2,,Electrique,1 CV,3 CH,Automatique,1,Propulsion,,Caméra de recul,"En aluminium | 12""",Tactile | 10 pouces,Tissu,,,,,70 km,,6 heures,180 minutes
Bako,Bako Bee,Horizons,19 990 DT,En pré-commande,Citadine,3 ans ou 60.000 km,3,2,,Electrique,1 CV,3 CH,Automatique,1,Propulsion,,Caméra de recul,"En aluminium | 12""",Tactile | 10 pouces,Tissu,,,,,120 km,,6 heures,180 minutes
Bako,Bako B-Van,Start,22 586 DT,En pré-commande,Utilitaire,3 ans ou 60.000 km,1,3,,Electrique,N.C,10 CH,Automatique,1,Propulsion,,Caméra de recul,"En aluminium | 12""",Tactile | 10 pouces,Tissu,,,,,100 km,,6 heures,180 minutes
Bako,Bako B-Van,Wave,27 990 DT,En pré-commande,Utilitaire,3 ans ou 60.000 km,1,3,,Electrique,N.C,10 CH,Automatique,1,Propulsion,,Caméra de recul,"En aluminium | 12""",Tactile | 10 pouces,Tissu,,,,,200 km,,6 heures,180 minutes
Bako,Bako B-Van,Horizons,32 313 DT,En pré-commande,Utilitaire,3 ans ou 60.000 km,1,3,,Electrique,N.C,10 CH,Automatique,1,Propulsion,,Caméra de recul,"En aluminium | 12""",Tactile | 10 pouces,Tissu,,,,,250 km,,6 heures,180 minutes
Bmw,BMW Série 1,118 Business Line,155 900 DT,Disponible,Compacte,5 ans (2+3),5,5,3,Essence,8 CV,156 CH,Automatique,7,Traction,6.4 L/100 km,Radar de recul | Radar avant | Caméra de recul | Parkassist | Autoreverse,En aluminium | 17'',Tactile | 10.7 pouces,Tissu | Arktur anthrazit,Cuir | Multi-fonctions,,Éléctrique,Normal | Sport | Eco,,,,
Bmw,BMW Série 1,118 Lounge,174 900 DT,Disponible,Compacte,5 ans (2+3),5,5,3,Essence,8 CV,156 CH,Automatique,7,Traction,6.4 L/100 km,Radar de recul | Radar avant | Caméra de recul | Parkassist | Autoreverse,En aluminium | 18'',Tactile | 10.7 pouces,Mokka | Veganza perforé,Cuir | Multi-fonctions,Ouvrant | Panoramique,Éléctrique,Normal | Sport | Eco,,,,
Bmw,BMW Série 1,118 Pack M,187 900 DT,Disponible,Compacte,5 ans (2+3),5,5,3,Essence,8 CV,156 CH,Automatique,7,Traction,6.4 L/100 km,Radar de recul | Radar avant | Caméra de recul | Parkassist | Autoreverse,En aluminium | 18'',Tactile | 10.7 pouces,Alcantara/Veganza Schwarz avec surpiqûres bleues,Cuir | Multi-fonctions | M | Sport | Avec palettes,Ouvrant | Panoramique,Éléctrique,Normal | Sport | Eco,,,,
Bmw,BMW Série 1,118 Pack M Pro,209 900 DT,Disponible,Compacte,5 ans (2+3),5,5,3,Essence,8 CV,156 CH,Automatique,7,Traction,6.4 L/100 km,Radar de recul | Radar avant | Système de caméras 360 | Parkassist | Autoreverse,En aluminium | 19'',Tactile | 10.7 pouces,Alcantara/Veganza Schwarz avec surpiqûres bleues,Cuir | Multi-fonctions | M | Sport | Avec palettes,Ouvrant | Panoramique,Éléctrique,Normal | Sport | Eco,,,,
Bmw,BMW Série 2 Gran Coupé,218 Collection Edition Spéciale,165 900 DT,Disponible,Berline,5 ans (2+3),5,4,3,Essence,8 CV,156 CH,Automatique,7,Traction,6.3 L/100 km,Radar de recul | Radar avant | Caméra de recul | Parkassist | Autoreverse,En aluminium | 17'',Tactile | 10.7 pouces,Tissu | Arktur anthrazit,Cuir | Multi-fonctions,,Éléctrique,Confort | Sport | Eco,,,,
Bmw,BMW Série 2 Gran Coupé,218 Business Line,181 900 DT,Disponible,Berline,5 ans (2+3),5,4,3,Essence,8 CV,156 CH,Automatique,7,Traction,6.3 L/100 km,Radar de recul | Radar avant | Caméra de recul | Parkassist | Autoreverse,En aluminium | 17'',Tactile | 10.7 pouces,Tissu | Arktur anthrazit,Cuir | Multi-fonctions,,Éléctrique,Confort | Sport | Eco,,,,
Bmw,BMW Série 2 Gran Coupé,218 Lounge,197 900 DT,Disponible,Berline,5 ans (2+3),5,4,3,Essence,8 CV,156 CH,Automatique,7,Traction,6.3 L/100 km,Radar de recul | Radar avant | Caméra de recul | Parkassist | Autoreverse,En aluminium | 18'' | Bi-ton,Tactile | 10.7 pouces,Veganza perforé,Cuir | Multi-fonctions,Ouvrant | Panoramique | En verre,Éléctrique,Confort | Sport | Eco,,,,
Bmw,BMW Série 2 Gran Coupé,218 Pack M,203 900 DT,Disponible,Berline,5 ans (2+3),5,4,3,Essence,8 CV,156 CH,Automatique,7,Traction,6.3 L/100 km,Radar de recul | Radar avant | Caméra de recul | Parkassist | Autoreverse,En aluminium | 18'' | Bi-ton,Tactile | 10.7 pouces,Alcantara/Veganza Schwarz avec surpiqûres bleues,Cuir | Multi-fonctions | M | Sport | Avec palettes,Ouvrant | Panoramique | En verre,Éléctrique,Confort | Sport | Eco,,,,
Bmw,BMW Série 2 Gran Coupé,218 Pack M Pro,223 900 DT,Disponible,Berline,5 ans (2+3),5,4,3,Essence,8 CV,156 CH,Automatique,7,Traction,6.3 L/100 km,Radar de recul | Radar avant | Système de caméras 360 | Autoreverse | Parkassit Plus,En aluminium | 19'' | M,Tactile | 10.7 pouces,Alcantara/Veganza Schwarz avec surpiqûres bleues,Cuir | Multi-fonctions | M | Sport | Avec palettes,Ouvrant | Panoramique | En verre,Éléctrique,Confort | Sport | Eco,,,,
Bmw,BMW Série 3,320i Business Line,207 900 DT,Disponible,Berline,5 ans (2+3),5,4,4,Essence,9 CV,170 CH,Automatique,8,Propulsion,5.5 L/100 km,Radar de recul | Radar avant | Caméra de recul | Parkassist | Park distance control,En aluminium | 17'',Tactile | 14.9 pouces,Tissu,Cuir | Multi-fonctions | Sport,,Éléctrique,Confort | Sport | Eco,,,,
Bmw,BMW Série 3,320i Lounge,225 900 DT,Disponible,Berline,5 ans (2+3),5,4,4,Essence,9 CV,170 CH,Automatique,8,Propulsion,5.5 L/100 km,Radar de recul | Radar avant | Caméra de recul | Parkassist | Park distance control,En aluminium | 17'',Tactile | 14.9 pouces,Sensatec perforé,Cuir | Multi-fonctions | Sport,Ouvrant | En verre,Éléctrique,Confort | Sport | Eco,,,,
Bmw,BMW Série 3,320i Pack M,251 900 DT,Disponible,Berline,5 ans (2+3),5,4,4,Essence,9 CV,170 CH,Automatique,8,Propulsion,5.5 L/100 km,Radar de recul | Radar avant | Caméra de recul | Parkassist | Park distance control,En aluminium | 18'',Tactile | 14.9 pouces,Sensatec perforé,Cuir | Multi-fonctions | M | Sport,Ouvrant | En verre,Éléctrique,Confort | Sport | Eco,,,,
Bmw,BMW Série 3,320i Pack M Pro,268 900 DT,Disponible,Berline,5 ans (2+3),5,4,4,Essence,9 CV,170 CH,Automatique,8,Propulsion,5.5 L/100 km,Radar de recul | Radar avant | Système de caméras 360 | Parkassist | Park distance control,En aluminium | 19'',Tactile | 14.9 pouces,Sensatec perforé,Cuir | Multi-fonctions | M | Sport,Ouvrant | En verre,Éléctrique,Confort | Sport | Eco,,,,
Bmw,BMW Série 3 Hybride,BMW Série 3 Hybride,,Sur arrivage,Berline,5 ans (2+3) | Batterie garantie 6 ans,5,4,4,Essence | Hybride rechargeable,10 CV,292 CH,Automatique,8,Propulsion,1.0 L/100 km,Radar de recul | Radar avant | Caméra de recul | Système de caméras 360 | Parkassit Plus,En aluminium | 19'',Tactile | 14.9 pouces,Sensatec perforé | Tacorarot,Cuir | Multi-fonctions | M | Sport | Avec palettes,Ouvrant | En verre,Éléctrique,Confort | Sport | Eco,92 km,22.6 kWh/100 km,2.25 heures,
Bmw,BMW Série 4 Gran Coupé,420i Business Line,279 900 DT,45 jours,Berline,5 ans (2+3),5,5,4,Essence,10 CV,184 CH,Automatique,8,Propulsion,6.2 L/100 km,Radar de recul | Radar avant | Caméra de recul | Parkassist | Autoreverse,En aluminium | 18'' | Bi-ton,Tactile | 14.9 pouces,Similicuir | Sensatec perforé,Cuir | Multi-fonctions | Sport,Ouvrant | Panoramique,Éléctrique,Confort | Sport | Eco,,,,
Bmw,BMW Série 4 Gran Coupé,420i Pack M,329 900 DT,Disponible,Berline,5 ans (2+3),5,5,4,Essence,10 CV,184 CH,Automatique,8,Propulsion,6.2 L/100 km,Radar de recul | Radar avant | Système de caméras 360 | Autoreverse | Parkassit Plus,En aluminium | 19'' | M,Tactile | 14.9 pouces,Similicuir | Sensatec perforé,Cuir | Multi-fonctions | M | Sport | Avec palettes,Ouvrant | Panoramique,Éléctrique,Confort | Sport | Eco,,,,
Bmw,BMW Série 4 Coupé,BMW Série 4 Coupé,,Disponible,Coupé,5 ans (2+3),4,2,4,Essence,10 CV,184 CH,Automatique,8,Propulsion,6.4 L/100 km,Radar de recul | Radar avant | Système de caméras 360 | Autoreverse | Parkassit Plus,En aluminium | 19'' | M,Tactile | 14.9 pouces,Cuir | Schwarz | Vernasca,Cuir | Multi-fonctions | M | Sport | Avec palettes,Ouvrant | En verre,Éléctrique,Confort | Sport | Eco,,,,
Bmw,BMW Série 5,520i Lounge,334 900 DT,Disponible,Berline,5 ans (2+3),5,4,4,Essence | Hybride léger,10 CV,190 CH,Automatique,8,Propulsion,7.2 L/100 km,Radar de recul | Radar avant | Système de caméras 360 | Parkassist | Détection du trafic en marche arrière | Autoreverse,En aluminium | 18'',Tactile | 14.9 pouces,Surpiqures  | Veganza perforé,Cuir | Multi-fonctions | Avec palettes,,Éléctrique,Confort | Sport | Eco,,,,
Bmw,BMW Série 5,520i Pack M,359 900 DT,Disponible,Berline,5 ans (2+3),5,4,4,Essence | Hybride léger,10 CV,190 CH,Automatique,8,Propulsion,7.2 L/100 km,Radar de recul | Radar avant | Système de caméras 360 | Parkassist | Détection du trafic en marche arrière | Autoreverse,En aluminium | 19'',Tactile | 14.9 pouces,Surpiqures  | Veganza perforé,Cuir | Multi-fonctions | M | Sport | Avec palettes,Panoramique | En verre,Éléctrique,Confort | Sport | Eco,,,,
Bmw,BMW Série 5,520i Pack M +,384 900 DT,Disponible,Berline,5 ans (2+3),5,4,4,Essence | Hybride léger,10 CV,190 CH,Automatique,8,Propulsion,7.2 L/100 km,Radar de recul | Radar avant | Système de caméras 360 | Parkassist | Détection du trafic en marche arrière | Autoreverse,En aluminium | 20'',Tactile | 14.9 pouces,Surpiqures  | Veganza perforé,Cuir | Multi-fonctions | M | Sport | Avec palettes,Panoramique | En verre,Éléctrique,Confort | Sport | Eco,,,,
Bmw,BMW Série 5 Hybride,530e Lounge,254 900 DT,Sur arrivage,Berline,5 ans (2+3),5,4,4,Essence | Hybride rechargeable,10 CV,299 CH,Automatique,8,Propulsion,2.6 L/100 km,Radar de recul | Radar avant | Système de caméras 360 | Détection du trafic en marche arrière | Autoreverse | Parkassit Plus,En aluminium | 19'' | Bi-ton,Tactile | 14.9 pouces,Surpiqures  | Veganza perforé,Cuir | Multi-fonctions | Avec palettes,,Éléctrique,Sport | Relax | Expressive | Personal | Efficient,98 km,21.5 kWh/100 km,2.25 heures,
Bmw,BMW Série 5 Hybride,530e Pack M,264 900 DT,Sur arrivage,Berline,5 ans (2+3),5,4,4,Essence | Hybride rechargeable,10 CV,299 CH,Automatique,8,Propulsion,2.6 L/100 km,Radar de recul | Radar avant | Système de caméras 360 | Détection du trafic en marche arrière | Autoreverse | Parkassit Plus,En aluminium | 19'' | Bi-ton | M,Tactile | 14.9 pouces,Surpiqures  | Veganza perforé,Cuir | Multi-fonctions | M | Sport | Avec palettes,Panoramique | En verre,Éléctrique,Sport | Relax | Expressive | Personal | Efficient,98 km,21.5 kWh/100 km,2.25 heures,
Bmw,BMW Série 5 Hybride,530e Pack M +,279 900 DT,Sur arrivage,Berline,5 ans (2+3),5,4,4,Essence | Hybride rechargeable,10 CV,299 CH,Automatique,8,Propulsion,2.6 L/100 km,Radar de recul | Radar avant | Système de caméras 360 | Détection du trafic en marche arrière | Autoreverse | Parkassit Plus,En aluminium | 20'' | Bi-ton | M,Tactile | 14.9 pouces,Surpiqures  | Veganza perforé,Cuir | Multi-fonctions | M | Sport | Avec palettes,Panoramique | En verre,Éléctrique,Sport | Relax | Expressive | Personal | Efficient,98 km,21.5 kWh/100 km,2.25 heures,
Bmw,BMW X1,"18i sDrive Collection ""Edition Spéciale""",169 900 DT,Disponible,SUV,5 ans (2+3),5,5,3,Essence,9 CV,156 CH,Automatique,7,Traction,5.9 L/100 km,Radar de recul | Radar avant | Caméra de recul | Parkassist,En aluminium | 17'',Tactile | 10.7 pouces | Curved Display,Tissu | Arktur anthrazit,Cuir | Multi-fonctions,,Éléctrique,Sport | Personal | Efficient,,,,
Bmw,BMW X1,18i sDrive Lounge,199 900 DT,Disponible,SUV,5 ans (2+3),5,5,3,Essence,9 CV,156 CH,Automatique,7,Traction,5.9 L/100 km,Radar de recul | Radar avant | Caméra de recul | Parkassist | Autoreverse,En aluminium | 17'',Tactile | 10.7 pouces | Curved Display,Tissu | Arktur anthrazit,Cuir | Multi-fonctions,,Éléctrique,Sport | Personal | Efficient,,,,
Bmw,BMW X1,18i sDrive xLine,224 900 DT,Disponible,SUV,5 ans (2+3),5,5,3,Essence,9 CV,156 CH,Automatique,7,Traction,5.9 L/100 km,Radar de recul | Radar avant | Caméra de recul | Parkassist | Autoreverse,En aluminium | 18'',Tactile | 10.7 pouces | Curved Display,Veganza perforé,Cuir | Multi-fonctions,Ouvrant | Panoramique,Éléctrique,Sport | Personal | Efficient,,,,
Bmw,BMW X1,18i sDrive Pack Sport M,229 900 DT,Disponible,SUV,5 ans (2+3),5,5,3,Essence,9 CV,156 CH,Automatique,7,Traction,5.9 L/100 km,Radar de recul | Radar avant | Caméra de recul | Parkassist | Autoreverse,En aluminium | 18'',Tactile | 10.7 pouces | Curved Display,Alcantara/Veganza Schwarz avec surpiqûres bleues,Cuir | Multi-fonctions | M,Ouvrant | Panoramique,Éléctrique,Sport | Relax | Expressive | Personal | Efficient,,,,
Bmw,BMW X1 Hybride,xDrive 25e Lounge,179 900 DT,Sur arrivage,SUV,5 ans (2+3) | Batterie garantie 6 ans,5,5,3,Essence | Hybride rechargeable,8 CV,245 CH,Automatique,7,Intégrale,2.8 L/100 km,Radar de recul | Radar avant | Caméra de recul | Parkassist | Autoreverse,En aluminium | 17'',Tactile | 10.7 pouces | Curved Display,Veganza perforé,Cuir | Multi-fonctions,,Éléctrique,Sport | Relax | Expressive | Personal | Efficient,85 km,13.8 kWh/100 km,2.5 heures,
Bmw,BMW X1 Hybride,xDrive 25e xLine,189 900 DT,Sur arrivage,SUV,5 ans (2+3) | Batterie garantie 6 ans,5,5,3,Essence | Hybride rechargeable,8 CV,245 CH,Automatique,7,Intégrale,2.8 L/100 km,Radar de recul | Radar avant | Caméra de recul | Parkassist | Autoreverse,En aluminium | 18'' | Bi-ton,Tactile | 10.7 pouces | Curved Display,Veganza perforé,Cuir | Multi-fonctions,Ouvrant | Panoramique | En verre,Éléctrique,Sport | Relax | Expressive | Personal | Efficient,85 km,13.8 kWh/100 km,2.5 heures,
Bmw,BMW X1 Hybride,xDrive 25e Pack M,194 900 DT,Sur arrivage,SUV,5 ans (2+3) | Batterie garantie 6 ans,5,5,3,Essence | Hybride rechargeable,8 CV,245 CH,Automatique,7,Intégrale,2.8 L/100 km,Radar de recul | Radar avant | Caméra de recul | Parkassist | Autoreverse,En aluminium | 18'' | Bi-ton,Tactile | 10.7 pouces | Curved Display,Alcantara/Veganza,Cuir | Multi-fonctions | M | Avec palettes,Ouvrant | Panoramique | En verre,Éléctrique,Sport | Relax | Expressive | Personal | Efficient,85 km,13.8 kWh/100 km,2.5 heures,
Bmw,BMW X2,18i sDrive  Collection,179 900 DT,Disponible,SUV,5 ans (2+3),5,5,3,Essence,8 CV,156 CH,Automatique,7,Traction,6.7 L/100 km,Radar de recul | Radar avant | Caméra de recul | Parkassist,En aluminium | 18'',Tactile | 10.7 pouces,Mokka | Veganza perforé,Cuir | Multi-fonctions,,Éléctrique,Normal | Confort | Sport,,,,
Bmw,BMW X2,18i sDrive  Lounge,209 900 DT,Disponible,SUV,5 ans (2+3),5,5,3,Essence,8 CV,156 CH,Automatique,7,Traction,6.7 L/100 km,Radar de recul | Radar avant | Caméra de recul | Parkassist,En aluminium | 19'' | Bi-ton,Tactile | 10.7 pouces,Similicuir,Cuir | Multi-fonctions,,Éléctrique,Normal | Confort | Sport,,,,
Bmw,BMW X2,18i sDrive  Pack M,237 900 DT,Disponible,SUV,5 ans (2+3),5,5,3,Essence,8 CV,156 CH,Automatique,7,Traction,6.7 L/100 km,Radar de recul | Radar avant | Caméra de recul | Parkassist,En aluminium | 19'' | Bi-ton,Tactile | 10.7 pouces,Alcantara/Similicuir,Cuir | Multi-fonctions | M | Sport,Panoramique | En verre,Éléctrique,Normal | Confort | Sport,,,,
Bmw,BMW X2,18i sDrive  Pack M Pro,258 900 DT,Disponible,SUV,5 ans (2+3),5,5,3,Essence,8 CV,156 CH,Automatique,7,Traction,6.7 L/100 km,Radar de recul | Radar avant | Système de caméras 360 | Parkassist | Caméra panoramique 3D,En aluminium | 20'',Tactile | 10.7 pouces,Alcantara/Similicuir,Cuir | Multi-fonctions | M | Sport,Panoramique | En verre,Éléctrique,Normal | Confort | Sport,,,,
Bmw,BMW X3,BMW X3,,Disponible,SUV,5 ans (2+3),5,5,4,Essence,11 CV,184 CH,Automatique,8,Intégrale,7.7 L/100 km,Radar de recul | Radar avant | Caméra de recul | Autoreverse | Parkassit Plus,En aluminium | 21'',Tactile | 10.25 pouces,Similicuir | Sensatec perforé,Cuir | Multi-fonctions | M | Avec palettes,Panoramique | En verre,Éléctrique,Normal | Confort | Sport | Eco,,,,
Bmw,BMW X3 Hybride,xDrive 30e Pack M,264 900 DT,Disponible,SUV,5 ans (2+3) | Batterie garantie 6 ans,5,5,4,Essence | Hybride rechargeable,10 CV,299 CH,Automatique,8,Intégrale,2.8 L/100 km,Radar de recul | Radar avant | Caméra de recul | Parkassist,En aluminium | 19'' | Bi-ton | M,Tactile | 14.9 pouces,Surpiqures  | Veganza perforé,Cuir | Multi-fonctions | M | Avec palettes,Panoramique | En verre,Éléctrique,Sport | Relax | Expressive | Personal | Efficient,88 km,22.9 kWh/100 km,2.25 heures,
Bmw,BMW X3 Hybride,xDrive 30e Pack M Pro,279 900 DT,Disponible,SUV,5 ans (2+3) | Batterie garantie 6 ans,5,5,4,Essence | Hybride rechargeable,10 CV,299 CH,Automatique,8,Intégrale,2.8 L/100 km,Radar de recul | Radar avant | Système de caméras 360 | Parkassist | Caméra panoramique 3D,En aluminium | 20'' | Bi-ton | M,Tactile | 14.9 pouces,Surpiqures  | Veganza perforé,Cuir | Multi-fonctions | M | Avec palettes,Panoramique | En verre,Éléctrique,Sport | Relax | Expressive | Personal | Efficient,88 km,22.9 kWh/100 km,2.25 heures,
Bmw,BMW X4,BMW X4,,Disponible,SUV,5 ans (2+3),5,5,4,Essence,11 CV,184 CH,Automatique,8,Intégrale,6.9 L/100 km,Radar de recul | Radar avant | Caméra de recul | Système de caméras 360 | Park distance control,En aluminium | 21'',Avec fonction TV,Cuir | Surpiqures  | Vernasca Cognac,Cuir | Multi-fonctions | M | Avec palettes,Ouvrant | Panoramique | En verre,Éléctrique,Confort | Sport | Eco,,,,
Bmw,BMW X5 Hybride,50e X-Drive Pack M,379 900 DT,Disponible,SUV,5 ans (2+3) | Batterie garantie 6 ans,5,5,6,Essence | Hybride rechargeable,21 CV,489 CH,Automatique,8,Intégrale,1.2 L/100 km,Radar de recul | Radar avant | Caméra de recul | Système de caméras 360 | Parkassist | Stationnement télécommandé,En aluminium | 20'' | Bi-ton | M,Tactile | 14.9 pouces,Sensafin,Cuir | Multi-fonctions | M | Sport | Avec palettes,Ouvrant | Panoramique | En verre,Éléctrique,Sport | Individual | Expressive | Personal | Efficient,110 km,30.4 kWh/100 km,4.5 heures,
Bmw,BMW X5 Hybride,50e X-Drive Pack M Pro,399 900 DT,Disponible,SUV,5 ans (2+3) | Batterie garantie 6 ans,5,5,6,Essence | Hybride rechargeable,21 CV,489 CH,Automatique,8,Intégrale,1.2 L/100 km,Radar de recul | Radar avant | Caméra de recul | Système de caméras 360 | Parkassist | Stationnement télécommandé,En aluminium | 20'' | Bi-ton | M,Tactile | 14.9 pouces,Schwarz | Cuir étendu | Merino,Cuir | Multi-fonctions | M | Sport | Avec palettes,Ouvrant | Panoramique | En verre | Sky Lounge,Éléctrique,Sport | Individual | Expressive | Personal | Efficient,110 km,30.4 kWh/100 km,4.5 heures,
Bmw,BMW i4,eDrive40  Business Line,245 900 DT,Disponible,Berline,5 ans (2+3) | Batterie garantie 8 ans,5,5,,Electrique,7 CV,340 CH,Automatique,1,Propulsion,,Radar de recul | Radar avant | Caméra de recul | Parkassist | Park distance control,En aluminium | 18'' | Bi-ton,Tactile | 14.9 pouces,Sensatec perforé,Cuir | Multi-fonctions | Sport,Ouvrant | En verre,Éléctrique,,600 km,16.1 kWh/100 km,8.5 heures,30 minutes
Bmw,BMW i4,eDrive40 Pack M,266 900 DT,Disponible,Berline,5 ans (2+3) | Batterie garantie 8 ans,5,5,,Electrique,7 CV,340 CH,Automatique,1,Propulsion,,Radar de recul | Radar avant | Système de caméras 360 | Parkassit Plus,En aluminium | 19'' | Bi-ton,Tactile | 14.9 pouces,Sensatec perforé | Tacorarot,Cuir | Multi-fonctions | M | Sport,Ouvrant | En verre,Éléctrique,,600 km,16.1 kWh/100 km,8.5 heures,30 minutes
Bmw,BMW i4,eDrive40 Pack M Pro,287 900 DT,Disponible,Berline,5 ans (2+3) | Batterie garantie 8 ans,5,5,,Electrique,7 CV,340 CH,Automatique,1,Propulsion,,Radar de recul | Radar avant | Système de caméras 360 | Parkassit Plus,En aluminium | 20'' | Bi-ton,Tactile | 14.9 pouces,Sensatec perforé | Tacorarot,Cuir | Multi-fonctions | M | Sport,Ouvrant | En verre,Éléctrique,,600 km,16.1 kWh/100 km,8.5 heures,30 minutes
Bmw,BMW iX1,xDrive30 xLine,223 900 DT,Disponible,SUV,5 ans (2+3) | Batterie garantie 8 ans,5,5,,Electrique,8 CV,306 CH,Automatique,1,Intégrale,,Radar de recul | Radar avant | Système de caméras 360 | Parkassist,En aluminium | 18'' | Bi-ton,Tactile | 10.7 pouces | Curved Display,Veganza perforé | Castanea,Cuir | Multi-fonctions,Ouvrant | Panoramique | En verre,Éléctrique,,438 km,17.0 kWh/100 km,6.5 heures,30 minutes
Bmw,BMW iX1,xDrive30  Pack M,229 900 DT,Sur arrivage,SUV,5 ans (2+3) | Batterie garantie 8 ans,5,5,,Electrique,8 CV,306 CH,Automatique,1,Intégrale,,Radar de recul | Radar avant | Système de caméras 360 | Parkassist,En aluminium | 18'' | Bi-ton,Tactile | 10.7 pouces | Curved Display,Alcantara/Veganza Schwarz avec surpiqûres bleues,Cuir | Multi-fonctions | M | Sport,Ouvrant | Panoramique | En verre,Éléctrique,,438 km,17.0 kWh/100 km,6.5 heures,30 minutes
Bmw,BMW iX2,xDrive30 Pack M,232 900 DT,Disponible,SUV,5 ans (2+3) | Batterie garantie 8 ans,5,5,,Electrique,7 CV,306 CH,Automatique,1,Intégrale,,Radar de recul | Radar avant | Système de caméras 360 | Parkassist,En aluminium | 19'' | Bi-ton,Tactile | 10.7 pouces | Curved Display,Alcantara | Surpiqûre contrastée Bleue | Veganza,Cuir | Multi-fonctions | M | Sport | Avec palettes,Panoramique | En verre,Éléctrique,,449 km,16.3 kWh/100 km,6.5 heures,29 minutes
Bmw,BMW iX2,xDrive30 Pack M Pro,246 900 DT,Disponible,SUV,5 ans (2+3) | Batterie garantie 8 ans,5,5,,Electrique,7 CV,306 CH,Automatique,1,Intégrale,,Radar de recul | Radar avant | Système de caméras 360 | Parkassist,En aluminium | 20'' | Bi-ton,Tactile | 10.7 pouces | Curved Display,Alcantara | Surpiqûre contrastée Bleue | Veganza,Cuir | Multi-fonctions | M | Sport | Avec palettes,Panoramique | En verre,Éléctrique,,449 km,16.3 kWh/100 km,6.5 heures,29 minutes
Bmw,BMW i5,eDrive40 Lounge,290 900 DT,Sur arrivage,Berline,5 ans (2+3) | Batterie garantie 8 ans,5,4,,Electrique,7 CV,340 CH,Automatique,,Propulsion,,Radar de recul | Radar avant | Système de caméras 360 | Parkassit Plus,En aluminium | 19'',Tactile | 14.9 pouces,Surpiqures  | Veganza perforé,Multi-fonctions,,Éléctrique,Sport | Relax | Expressive | Personal | Efficient,560 km,15.9 kWh/100 km,8.5 heures,30 minutes
Bmw,BMW i5,eDrive40 Pack M,302 900 DT,Sur arrivage,Berline,5 ans (2+3) | Batterie garantie 8 ans,5,4,,Electrique,7 CV,340 CH,Automatique,,Propulsion,,Radar de recul | Radar avant | Système de caméras 360 | Parkassit Plus,En aluminium | 19'' | Bi-ton,Tactile | 14.9 pouces,Surpiqures  | Veganza perforé,Cuir | Multi-fonctions | M | Sport,Panoramique | En verre,Éléctrique,Sport | Relax | Expressive | Personal | Efficient,560 km,15.9 kWh/100 km,8.5 heures,30 minutes
Bmw,BMW i5,eDrive40 Pack M +,322 900 DT,45 jours,Berline,5 ans (2+3) | Batterie garantie 8 ans,5,4,,Electrique,7 CV,340 CH,Automatique,,Propulsion,,Radar de recul | Radar avant | Système de caméras 360 | Parkassit Plus,En aluminium | 20'' | Bi-ton,Tactile | 14.9 pouces,Surpiqures  | Veganza perforé,Cuir | Multi-fonctions | M | Sport,Panoramique | En verre,Éléctrique,Sport | Relax | Expressive | Personal | Efficient,560 km,15.9 kWh/100 km,8.5 heures,30 minutes
Bmw,BMW iX,xDrive40 Impressive,369 900 DT,Disponible,SUV,5 ans (2+3) | Batterie garantie 8 ans,5,5,,Electrique,11 CV,326 CH,Automatique,1,Intégrale,,Radar de recul | Radar avant | Système de caméras 360 | Parkassist | Park distance control,En aluminium | 21'' | Bi-ton,Tactile | 14.9 pouces,Cuir | Amido,Cuir | Multi-fonctions | Sport,Ouvrant | Panoramique | Sky Lounge,Éléctrique,,406 km,19.4 kWh/100 km,7.5 heures,31 minutes
Bmw,BMW iX,xDrive50 Pack M,399 900 DT,Sur arrivage,SUV,5 ans (2+3) | Batterie garantie 8 ans,5,5,,Electrique,N.C. CV,523 CH,Automatique,1,Intégrale,,Radar de recul | Radar avant | Système de caméras 360 | Parkassist | Park distance control | Détection du trafic en marche arrière,"En aluminium | Bi-ton | 22""",Tactile | 14.9 pouces,Cuir | Amido,Cuir | Chauffant | Multi-fonctions | Sport | Réglage électrique,Ouvrant | Panoramique | Sky Lounge,Éléctrique,,633 km,19.4 kWh/100 km,8.25 heures,31 minutes
Byd,BYD Dolphin Surf,30.08 KWH,51 000 DT,1 mois | En pré-commande,Citadine,6 ans ou 150.000 km | Batterie garantie 8 ans ou 200.000 km,4,5,,Electrique,2 CV,75 CH,Automatique,,Traction,,Radar de recul,En aluminium | 16'',Tactile | 10.1 pouces | Rotatif,Similicuir,3 branches | Multi-fonctions,,EPB,Normal | Sport | Eco | Neige,230 km,12.5 kWh/100 km,3.5 heures,30 minutes
Byd,BYD Dolphin Surf,38.88 KWH,55 000 DT,1 mois | En pré-commande,Citadine,6 ans ou 150.000 km | Batterie garantie 8 ans ou 200.000 km,4,5,,Electrique,2 CV,75 CH,Automatique,,Traction,,Radar de recul,En aluminium | 16'',Tactile | 10.1 pouces | Rotatif,Similicuir,Similicuir | 3 branches | Multi-fonctions,,EPB,Normal | Sport | Eco | Neige,300 km,13.5 kWh/100 km,4.5 heures,30 minutes
Byd,BYD Qin Plus,BYD Qin Plus,,Disponible,Berline,6 ans ou 150.000 km | Batterie garantie 8 ans ou 200.000 km,5,4,4,Essence | Hybride rechargeable,5 CV,187 CH,Automatique,,Traction,4.3 L/100 km,Radar de recul | Caméra de recul,En aluminium | 16'',Tactile | 8.8 pouces | Rotatif,Tissu,Similicuir | 3 branches | Multi-fonctions,,Éléctrique,Normal | Sport | Eco,55 km,,,
Byd,BYD Dolphin,BYD Dolphin,,Disponible,Compacte,6 ans ou 150.000 km | Batterie garantie 8 ans ou 200.000 km,5,5,,Electrique,5 CV,95 CH,Automatique,,Traction,,Radar de recul | Système de caméras 360,En aluminium | 16'' | Bi-ton,Tactile | 12.8 pouces | Rotatif,Similicuir,Similicuir | 3 branches | Multi-fonctions,,Éléctrique,Sport | Eco,340 km,11 kWh/100 km,5 heures,31 minutes
Byd,BYD Atto 3,BYD Atto 3,,Disponible,SUV,6 ans ou 150.000 km | Batterie garantie 8 ans ou 200.000 km,5,5,,Electrique,5 CV,204 CH,Automatique,,Traction,,Radar de recul | Radar avant | Système de caméras 360,En aluminium | 18'' | Bi-ton,Tactile | 12.8 pouces | Rotatif,Similicuir,Similicuir | 3 branches | Multi-fonctions,Ouvrant | Panoramique,Éléctrique | EPB,Normal | Sport | Eco,420 km,14.9 kWh/100 km,5 heures,30 minutes
Byd,BYD Song Plus,BYD Song Plus,,Disponible,SUV,6 ans ou 150.000 km | Batterie garantie 8 ans ou 200.000 km,5,5,4,Essence | Hybride rechargeable,7 CV,265 CH,Automatique,,Traction,5.1 L/100 km,Radar de recul | Radar avant | Système de caméras 360,En aluminium | 19'',Tactile | 12.8 pouces | Rotatif,Similicuir,Similicuir | 3 branches | Multi-fonctions,Ouvrant | Panoramique,Éléctrique | EPB,Normal | Sport | Eco,90 km,,,
Byd,BYD Tang EV,BYD Tang EV,,Disponible,SUV,6 ans ou 150.000 km | Batterie garantie 8 ans ou 200.000 km,7,5,,Electrique,9 CV,516 CH,Automatique,,Intégrale,,Radar de recul | Radar avant | Système de caméras 360,En aluminium | 21'' | Bi-ton,Tactile | Rotatif | 15.6 pouces,Cuir,Cuir | Chauffant | Multi-fonctions,Ouvrant | Panoramique,Éléctrique,Normal | Sport | Eco,520 km,20.9 kWh/100 km,7.5 heures,30 minutes
Cenntro,Cenntro Logistar 100,Cenntro Logistar 100,,Disponible,Utilitaire,5 ans ou 100000 km | Batterie garantie 8 ans ou 160.000 KM,2,5,,Electrique,2 CV,34 CH,Automatique,,Traction,,Radar de recul | Caméra de recul,14'',Tactile,Tissu,,,,,120 km,15 kWh/100 km,5 heures,
Cenntro,Cenntro Logistar 210,Cenntro Logistar 210,,Disponible,Utilitaire,5 ans ou 100000 km | Batterie garantie 8 ans ou 160.000 KM,2,5 | 2 portes latérales coulissantes,,Electrique,3 CV,82 CH,Automatique,,Traction,,Radar de recul | Caméra de recul,14'',Tactile,Tissu,,,,,255 km,15.5 kWh/100 km,8 heures,45 minutes
Cenntro,Cenntro Logistar 260,Cenntro Logistar 260,,Disponible,Utilitaire,5 ans ou 100000 km | Batterie garantie 8 ans ou 160.000 KM,2,5 | 2 portes arrières battantes tolées,,Electrique,3 CV,102 CH,Automatique,,Traction,,Radar de recul | Caméra de recul,16'',Tactile,Tissu,,,,Normal | Eco,270 km,13.5 kWh/100 km,8 heures,30 minutes
Changan,Changan New Star Van,Changan New Star Van,,Disponible,Utilitaire,1 an,2,3 | 2 portes latérales coulissantes,4,Essence,6 CV,92 CH,Manuelle,5,Propulsion,7.4 L/100 km,,14'',,Tissu,,,,,,,,
Changan,Changan Star Truck Double Cabine,Changan Star Truck Double Cabine,,Disponible,Pick up,1 an,5,4,4,Essence,7 CV,98 CH,Manuelle,5,Propulsion,7.4 L/100 km,,14'',,Tissu,,,,,,,,
Changan,Changan Hunter,Changan Hunter,,Indisponible,Pick up,3 ans ou 100.000 km,5,4,4,Diesel,6 CV,150 CH,Manuelle,6,Intégrale,8 L/100 km,Radar de recul | Caméra de recul,En aluminium | 17'',Tactile | 10 pouces,Cuir,Cuir | Multi-fonctions,,,,,,,
Chery,Chery Tiggo 1X populaire,Chery Tiggo 1X populaire,,Sous réserve d'acceptation du dossier par le ministère du commerce | En pré-commande,SUV,3 ans ou 100.000 km,5,5,3,Essence,4 CV,70 CH,Automatique,9,Traction,6.3 L/100 km,Radar de recul,En aluminium | 16'',Tactile | 9 pouces,Tissu,Multi-fonctions | à méplat,,,,,,,
Chery,Chery Tiggo 3X,1.5 L Comfort BVM,57 900 DT,Disponible,SUV,5 ans ou 100000 km,5,5,4,Essence,6 CV,113 CH,Manuelle,5,Traction,7.1 L/100 km,Radar de recul | Caméra de recul,En aluminium | 16'',Tactile | 9 pouces,Similicuir,Multi-fonctions | à méplat,,,,,,,
Chery,Chery Tiggo 3X,1.0 L Turbo CVT Luxury,66 990 DT,Sur arrivage,SUV,5 ans ou 100000 km,5,5,3,Essence,6 CV,102 CH,Automatique,9,Traction,5.9 L/100 km,Radar de recul | Caméra de recul,En aluminium | 16'',Tactile | 9 pouces,Cuir/Tissu,Cuir | Multi-fonctions,Ouvrant,,,,,,
Chery,Chery Arrizo 5,1.5 L Comfort BVM,59 490 DT,Disponible,Berline,5 ans ou 150000 km,5,4,4,Essence,7 CV,115 CH,Manuelle,5,Traction,6.4 L/100 km,Radar de recul | Caméra de recul,En aluminium | 16'',Tactile | 8 pouces,Similicuir,3 branches | Multi-fonctions | à méplat,,,,,,,
Chery,Chery Arrizo 5,1.5 L CVT Luxury,69 490 DT,Disponible,Berline,5 ans ou 150000 km,5,4,4,Essence,7 CV,115 CH,Automatique,7,Traction,6.4 L/100 km,Radar de recul | Caméra de recul,En aluminium | 17'',Tactile | 8 pouces,Similicuir,3 branches | Multi-fonctions | à méplat,Ouvrant,Éléctrique,Sport | Eco,,,,
Chery,Chery Tiggo 4 Pro,Chery Tiggo 4 Pro,,Disponible,SUV,5 ans ou 150000 km,5,5,4,Essence,6 CV,113 CH,Automatique,,Traction,7.3 L/100 km,Radar de recul | Caméra de recul,En aluminium | 17'',Tactile | 10.25 pouces,Cuir perforé,Cuir | Multi-fonctions,Ouvrant,Éléctrique,,,,,
Chery,Chery Tiggo 7 Pro,Chery Tiggo 7 Pro,,Disponible,SUV,7 ans ou 200000 km,5,5,4,Essence,9 CV,147 CH,Automatique,9,Traction,7.9 L/100 km,Radar de recul | Radar avant | Système de caméras 360,En aluminium | 18'',Tactile | 12.3 pouces,Cuir,Cuir | Multi-fonctions,Ouvrant | Panoramique,Éléctrique,Sport | Eco,,,,
Chery,Chery Arrizo 8,Chery Arrizo 8,,Disponible,Berline,7 ans ou 200000 km,5,4,4,Essence,10 CV,185 CH,Automatique,7,Traction,6.2 L/100 km,Radar de recul | Radar avant | Système de caméras 540°,En aluminium | 18'',Tactile | 12.3 pouces,Cuir perforé,Cuir | Chauffant | Multi-fonctions | Avec palettes,Ouvrant | Panoramique,Éléctrique,Sport | Eco,,,,
Chevrolet,Chevrolet Groove,Chevrolet Groove,,Disponible,SUV,2 ans ou 100.000 km,5,5,4,Essence,6 CV,106 CH,Automatique,,Traction,7.3 L/100 km,Radar de recul | Caméra de recul,En aluminium | 16'',Tactile | 8 pouces,Tissu | Surpiqures,Cuir | 3 branches,Ouvrant | Panoramique,,Sport | Eco,,,,
Chevrolet,Chevrolet Captiva,1.5 Turbo CVT 5 places,93 920 DT,Disponible,SUV,2 ans ou 100.000 km,5,5,4,Essence,9 CV,147 CH,Automatique,8,Traction,9.2 L/100 km,Radar de recul | Radar avant | Système de caméras 360 | Parkassist,En aluminium | 18'',Tactile | 10.4 pouces,Similicuir perforé,Multi-fonctions,Ouvrant | Panoramique,Éléctrique,Normal | Sport,,,,
Chevrolet,Chevrolet Captiva,1.5 Turbo CVT 7 places,95 920 DT,Disponible,SUV,2 ans ou 100.000 km,7,5,4,Essence,9 CV,147 CH,Automatique,8,Traction,9.2 L/100 km,Radar de recul | Radar avant | Système de caméras 360 | Parkassist,En aluminium | 18'',Tactile | 10.4 pouces,Similicuir perforé,Multi-fonctions,Ouvrant | Panoramique,Éléctrique,Normal | Sport,,,,
Citroen,Citroën C3 Populaire,Citroën C3 Populaire,,Disponible | Sous réserve d'acceptation du dossier par le ministère du commerce,Citadine,3 ans,5,5,3,Essence,4 CV,75 CH,Manuelle,5,Traction,5.4 L/100 km,,15'',,Tissu,Multi-fonctions,,,,,,,
Citroen,Citroën C4 X,1.2 L  Plus EAT8,84 900 DT,Disponible,Berline,3 ans ou 100.000 km,5,4,3,Essence,7 CV,130 CH,Automatique,8,Traction,6 L/100 km,Radar de recul | Caméra de recul,En aluminium | 17'',Tactile | 10 pouces,Tissu,Cuir | Multi-fonctions,,Éléctrique,,,,,
Citroen,Citroën C4 X,1.2 L  Max EAT8,90 900 DT,Disponible,Berline,3 ans ou 100.000 km,5,4,3,Essence,7 CV,130 CH,Automatique,8,Traction,6 L/100 km,Radar de recul | Radar avant | Caméra de recul,En aluminium | 17'',Tactile | 10 pouces,Tissu,Cuir | Multi-fonctions,,Éléctrique,,,,,
Citroen,Citroën C4 X,1.2 L  Max + EAT8,94 900 DT,Disponible,Berline,3 ans ou 100.000 km,5,4,3,Essence,7 CV,130 CH,Automatique,8,Traction,6 L/100 km,Radar de recul | Radar avant | Caméra de recul,En aluminium | 17'',Tactile | 10 pouces,Tissu,Cuir | Multi-fonctions,Panoramique,Éléctrique,,,,,
Citroen,Citroën Berlingo,Citroën Berlingo,,1 mois,Monospace,3 ans,5,5 | 2 portes latérales coulissantes,4,Diesel,5 CV,92 CH,Manuelle,5,Traction,4.8 L/100 km,,16'',Tactile | 10 pouces,Tissu,,,Éléctrique,,,,,
Citroen,Citroën Jumpy Combi,Citroën Jumpy Combi,,10 jours,Monospace,3 ans,9,4 | 1 porte latérale coulissante,4,Diesel,8 CV,150 CH,Manuelle,6,Traction,5.5 L/100 km,Radar de recul,16'',Tactile | 5 pouces,Tissu | Bi-ton,Multi-fonctions,,,,,,,
Citroen,Citroën Berlingo Van,Citroën Berlingo Van,,Disponible,Utilitaire,3 ans,3,5 | 1 porte latérale coulissante | 2 portes arrières battantes tolées,4,Diesel,5 CV,92 CH,Manuelle,5,Traction,4.8 L/100 km,Radar de recul | Caméra de recul,15'',Tactile | 10 pouces,Tissu,Multi-fonctions,,Éléctrique,,,,,
Citroen,Citroën Jumpy Fourgon,Citroën Jumpy Fourgon,,1 mois,Utilitaire,3 ans,3,5 | 1 porte latérale coulissante | 2 portes arrières battantes tolées,4,Diesel,8 CV,150 CH,Manuelle,6,Traction,5.5 L/100 km,Radar de recul,16'',,Tissu,,,,,,,,
Citroen,Citroën Jumper,2.2 L HDI  L2H2 11.5m3,97 900 DT,3 mois,Utilitaire,3 ans,3,5 | 1 porte latérale coulissante | 2 portes arrières battantes tolées,4,Diesel,7 CV,140 CH,Manuelle,6,Traction,N.C,Radar de recul,16'',,Tissu,,,,,,,,
Citroen,Citroën Jumper,2.2 L HDI  L3H3 15m3,101 900 DT,Disponible,Utilitaire,3 ans,3,5 | 1 porte latérale coulissante | 2 portes arrières battantes tolées,4,Diesel,7 CV,140 CH,Manuelle,6,Traction,N.C,Radar de recul,16'',,Tissu,,,,,,,,
Cupra,Cupra Leon,1.4 TSI,137 980 DT,En pré-commande,Compacte,3 ans,5,5,4,Essence,8 CV,150 CH,Automatique,8,Traction,5 L/100 km,Radar de recul | Radar avant | Caméra de recul | Parkassist,En aluminium | 18'',Tactile | 12.9 pouces,Tissu,Cuir | Multi-fonctions | Sport | Avec palettes,Ouvrant | Panoramique,Éléctrique,Confort | Individual | Cupra | Performance,,,,
Cupra,Cupra Leon,1.4 TSI Sport,146 980 DT,En pré-commande,Compacte,3 ans,5,5,4,Essence,8 CV,150 CH,Automatique,8,Traction,5 L/100 km,Radar de recul | Radar avant | Caméra de recul | Parkassist,En aluminium | 18'',Tactile | 12.9 pouces,Cuir,Cuir | Multi-fonctions | Sport | Avec palettes,Ouvrant | Panoramique,Éléctrique,Confort | Individual | Cupra | Performance,,,,
Cupra,Cupra Terramar,1.4 TSI,168 980 DT,En pré-commande,SUV,3 ans,5,5,4,Essence,8 CV,150 CH,Automatique,7,Traction,6.1 L/100 km,Radar de recul | Radar avant | Système de caméras 360 | Parkassist,En aluminium | 19'',Tactile | 12.9 pouces,Tissu,Cuir | Multi-fonctions | Sport | Avec palettes,Ouvrant | Panoramique,Éléctrique,Confort | Individual | Cupra | Performance,,,,
Cupra,Cupra Terramar,1.4 TSI Sport,180 980 DT,En pré-commande,SUV,3 ans,5,5,4,Essence,8 CV,150 CH,Automatique,7,Traction,6.1 L/100 km,Radar de recul | Radar avant | Système de caméras 360 | Parkassist,En aluminium | 20'',Tactile | 12.9 pouces,Cuir,Cuir | Multi-fonctions | Sport | Avec palettes,Ouvrant | Panoramique,Éléctrique,Confort | Individual | Cupra | Performance,,,,
Dacia,Dacia Sandero Stepway,1.0 L,62 990 DT,Disponible,SUV,2 ans ou 100.000 km,5,5,3,Essence,6 CV,100 CH,Manuelle,5,Traction,7.2 L/100 km,,16'',Tactile | 8 pouces,Tissu,Multi-fonctions,,,Eco,,,,
Dacia,Dacia Sandero Stepway,1.0 L BVA,72 990 DT,Disponible,SUV,2 ans ou 100.000 km,5,5,3,Essence,6 CV,100 CH,Automatique,6,Traction,7.2 L/100 km,Caméra de recul,En aluminium | 16'',Tactile,Tissu,,,,Eco,,,,
Dacia,Dacia Sandero,Dacia Sandero,,Disponible,Citadine,2 ans,5,5,3,Essence,5 CV,100 CH,Manuelle,5,Traction,5.8 L/100 km,,15'',Tactile,Tissu,,,,,,,,
Dacia,Dacia Logan,Dacia Logan,,Disponible,Berline,2 ans ou 100.000 km,5,4,3,Essence,5 CV,100 CH,Manuelle,5,Traction,5.5 L/100 km,,15'',Tactile,Velours/Tissu,,,,,,,,
Dacia,Dacia Duster,Dacia Duster,,Disponible,SUV,2 ans ou 100.000 km,5,5,4,Diesel,6 CV,115 CH,Manuelle,6,Traction,4.7 L/100 km,Radar de recul | Caméra de recul,En aluminium | 17'',Tactile | 10 pouces,Tissu,Cuir | Multi-fonctions,,,,,,,
Deepal,Deepal S05,Deepal S05,,En pré-commande,SUV,6 ans ou 150.000 km | Batterie garantie 8 ans ou 200.000 km,5,5,4,Essence | Électrique (REEV),5 CV,216 CH,Automatique,,Propulsion,4.3 L/100 km,Radar avant | Caméra de recul | Système de caméras 360 | Stationnement intelligent à distance,En aluminium | 18'',Tactile | 15.4 pouces,Cuir artificiel,Cuir | Multi-fonctions,Panoramique,Éléctrique,Confort | Sport | Eco | Personal,160 km,,5.5 heures,20 minutes
Deepal,Deepal S07,Deepal S07,,En pré-commande,SUV,6 ans ou 150.000 km | Batterie garantie 8 ans ou 200.000 km,5,5,4,Essence | Électrique (REEV),5 CV,238 CH,Automatique,,Propulsion,4.5 L/100 km,Radar avant | Caméra de recul | Stationnement intelligent à distance | Système de caméras 540°,En aluminium | 20'',Tactile | Rotatif | 15.6 pouces,Cuir artificiel,Cuir | Multi-fonctions,Panoramique,Éléctrique,Confort | Sport | Eco | Personal,160 km,,5.6 heures,30 minutes
Deepal,Deepal G318,Deepal G318,,En pré-commande,SUV,6 ans ou 150.000 km | Batterie garantie 8 ans ou 200.000 km,5,5,4,Essence | Électrique (REEV),N.C,430 CH,Automatique,,Intégrale,6.5 L/100 km,Radar avant | Caméra de recul | Système de caméras 360,En aluminium | 20'',Tactile | 14.6 pouces,Cuir artificiel,Cuir | Multi-fonctions,Ouvrant | Panoramique,Éléctrique,Confort | Sport | Eco | Boue | Sable | Neige | Personal,170 km,,6 heures,30 minutes
Dfsk,DFSK E5 PHEV,1.5 L Confort,76 900 DT,En pré-commande,SUV,7 ans ou 150.000 km | Batterie garantie 8 ans ou 200.000 km,7,5,4,Essence | Hybride rechargeable,5 CV,275 CH,Automatique,,Traction,5.5 L/100 km,Radar de recul | Caméra de recul,En aluminium | 18'',Tactile | 12.3 pouces,Cuir artificiel,Cuir | Multi-fonctions,Ouvrant,Éléctrique,Normal | Sport | Eco,87 km,,4 heures,
Dfsk,DFSK E5 PHEV,1.5 L Prestige,87 900 DT,En pré-commande,SUV,7 ans ou 150.000 km | Batterie garantie 8 ans ou 200.000 km,7,5,4,Essence | Hybride rechargeable,5 CV,275 CH,Automatique,,Traction,5.5 L/100 km,Radar de recul | Radar avant | Système de caméras 360,En aluminium | 19'',Tactile | 12.3 pouces,Cuir artificiel,Cuir | Multi-fonctions,Ouvrant | Panoramique,Éléctrique,Normal | Sport | Eco,87 km,,4 heures,
Dfsk,DFSK EC75,DFSK EC75,,En pré-commande,Utilitaire,7 ans ou 150.000 km | Batterie garantie 8 ans ou 200.000 km,2,2 portes latérales coulissantes | 2 portes arrières battantes tolées | 6,,Electrique,3 CV,94 CH,Automatique,,Traction,,Radar de recul | Radar avant | Système de caméras 360,16'',Tactile | 10.1 pouces,Tissu,,,Éléctrique | EPB,,240 km,16.5 kWh/100 km,10.85 heures,45 minutes
Dfsk,DFSK Glory 500,1.5  MT,69 900 DT,Disponible,SUV,7 ans ou 150.000 km,5,5,4,Essence,7 CV,115 CH,Manuelle,5,Traction,7.3 L/100 km,Radar de recul | Caméra de recul,En aluminium | 17'',Tactile | 7 pouces,Cuir,Cuir | Multi-fonctions,,,,,,,
Dfsk,DFSK Glory 500,1.5 CVT,79 900 DT,Disponible,SUV,7 ans ou 150.000 km,5,5,4,Essence,7 CV,115 CH,Automatique,,Traction,6.5 L/100 km,Radar de recul | Caméra de recul,En aluminium | 17'',Tactile | 7 pouces,Cuir,Cuir | Multi-fonctions,Ouvrant | Panoramique,Éléctrique,,,,,
Dfsk,DFSK Glory 580,DFSK Glory 580,,Disponible,SUV,7 ans ou 150.000 km,7,5,4,Essence,8 CV,145 CH,Automatique,,Traction,8.2 L/100 km,Radar de recul | Caméra de recul,En aluminium | 17'',Tactile | 9 pouces,Similicuir | Surpiqures,Cuir | Multi-fonctions,Ouvrant,Éléctrique,Sport | Eco,,,,
Dfsk,DFSK Glory iX5,DFSK Glory iX5,,Disponible,SUV,7 ans ou 150.000 km,5,5,4,Essence,9 CV,140 CH,Automatique,,Traction,8.6 L/100 km,Radar de recul | Radar avant | Caméra de recul,En aluminium | 18'',Tactile | 10.25 pouces,Cuir | Surpiqures,Cuir | Multi-fonctions,Ouvrant | Panoramique,Éléctrique,Normal | Eco | Neige,,,,
Dfsk,DFSK K01S,Simple Cabine STD,32 900 DT,Sur arrivage,Pick up,2 ans,2,2,4,Essence,5 CV,58 CH,Manuelle,5,Propulsion,7.5 L/100 km,,13'',,Tissu,,,,,,,,
Dfsk,DFSK K01S,Simple Cabine DLX,34 900 DT,Sur arrivage,Pick up,2 ans,2,2,4,Essence,5 CV,58 CH,Manuelle,5,Propulsion,7.5 L/100 km,,13'',,Tissu,,,,,,,,
Dfsk,DFSK K01H,Large Cabine 1.1 l STD,35 900 DT,Disponible,Pick up,2 ans,2,2,4,Essence,6 CV,50 CH,Manuelle,5,Propulsion,6.1 L/100 km,,13'',,Tissu,,,,,,,,
Dfsk,DFSK K01H,Large Cabine 1.1 l DLX,37 900 DT,Disponible,Pick up,2 ans,2,2,4,Essence,6 CV,50 CH,Manuelle,5,Propulsion,6.1 L/100 km,,13'',,Tissu,,,,,,,,
Dfsk,DFSK K02S,1.0 l Double Cabine STD,40 900 DT,Sur arrivage,Pick up,2 ans,5,4,4,Essence,5 CV,58 CH,Manuelle,5,Propulsion,7.5 L/100 km,,13'',,Tissu,,,,,,,,
Dfsk,DFSK K02S,1.0 l Double Cabine DLX,42 900 DT,Sur arrivage,Pick up,2 ans,5,4,4,Essence,5 CV,58 CH,Manuelle,5,Propulsion,7.5 L/100 km,,13'',,Tissu,,,,,,,,
Dfsk,DFSK C31,DFSK C31,,Disponible,Pick up,2 ans,2,2,4,Essence,7 CV,101 CH,Manuelle,5,Propulsion,8 L/100 km,,14'',,Tissu,,,,,,,,
Dfsk,DFSK C32,DFSK C32,,Disponible,Pick up,2 ans,5,4,4,Essence,7 CV,101 CH,Manuelle,5,Propulsion,8 L/100 km,,14'',,Tissu,,,,,,,,
Dongfeng,Dongfeng Box,31.4 KWH,49 990 DT,En pré-commande,Compacte,5 ans ou 150000 km | Batterie garantie 8 ans ou 200.000 km,5,5,,Electrique,3 CV,94 CH,Automatique,,Traction,,Radar de recul | Caméra de recul,17'',Tactile | 12.8 pouces,Cuir artificiel | Bi-ton,Multi-fonctions,,Éléctrique,Normal | Sport | Eco,237 km,12.09 kWh/100 km,5 heures,30 minutes
Dongfeng,Dongfeng Box,42.3 KWH Style+,56 990 DT,En pré-commande,Compacte,5 ans ou 150000 km | Batterie garantie 8 ans ou 200.000 km,5,5,,Electrique,3 CV,94 CH,Automatique,,Traction,,Radar de recul | Radar avant | Système de caméras 360 | Parkassist,En aluminium | 17'',Tactile | 12.8 pouces,Cuir artificiel | Bi-ton,Similicuir | Multi-fonctions | Sport | 2 branches,,Éléctrique | EPB,Normal | Sport | Eco,344 km,13.04 kWh/100 km,6 heures,30 minutes
Dongfeng,Dongfeng Shine,1.5 Mach Power,64 990 DT,Disponible,Berline,5 ans ou 150000 km,5,4,4,Essence,6 CV,117 CH,Manuelle,5,Traction,6.7 L/100 km,Caméra de recul,En aluminium | 16'',Tactile | 13 pouces,Similicuir,,,EPB,,,,,
Dongfeng,Dongfeng Shine,1.5 Mach Power BVA,72 990 DT,Disponible,Berline,5 ans ou 150000 km,5,4,4,Essence,6 CV,117 CH,Automatique,6,Traction,6 L/100 km,Radar de recul | Système de caméras 360,En aluminium | 16'',Tactile | 13 pouces,Similicuir,,Ouvrant,EPB,,,,,
Dongfeng,Dongfeng Shine Max Hybride,Dongfeng Shine Max Hybride,,Disponible,Berline,5 ans ou 150000 km | Batterie garantie 8 ans ou 200.000 km,5,4,4,Essence | Hybride,9 CV,205 CH,Automatique,,Traction,4.3 L/100 km,Radar de recul | Caméra de recul,En aluminium | 17'',Tactile | 10.25 pouces,Similicuir,,Ouvrant | Panoramique,Éléctrique | EPB,Confort | Sport | Eco,,,,
Dongfeng,Dongfeng Rich 6,2.5 Turbo Diesel 4X2 Thunder,93 900 DT,Disponible,Pick up,3 ans ou 100.000 km,5,4,4,Diesel,8 CV,140 CH,Manuelle,5,Propulsion,7.3 L/100 km,Radar de recul | Caméra de recul,En aluminium | 16'',Tactile | 9 pouces,Similicuir,Multi-fonctions,,,,,,,
Dongfeng,Dongfeng Rich 6,2.5 Turbo Diesel 4X4 Thunder,103 900 DT,Disponible,Pick up,3 ans ou 100.000 km,5,4,4,Diesel,8 CV,140 CH,Manuelle,5,Intégrale,7.3 L/100 km,Radar de recul | Caméra de recul,En aluminium | 16'',Tactile | 9 pouces,Similicuir,Multi-fonctions,,,,,,,
Dongfeng,Dongfeng Forthing T5 EVO,Dongfeng Forthing T5 EVO,,Disponible,SUV,5 ans ou 100000 km,5,5,4,Essence,9 CV,176 CH,Automatique,7,Traction,6.9 L/100 km,Radar de recul | Radar avant | Système de caméras 360,En aluminium | 19'',Tactile | 10.25 pouces,Similicuir perforé,Cuir | Multi-fonctions | Sport | à méplat | Avec palettes,Ouvrant | Panoramique | En verre,Éléctrique,Normal | Sport | Eco,,,,
Faw,Faw Bestune T77 Pro,1.5 l Luxury BVA,113 777 DT,Disponible,SUV,5 ans ou 150000 km,5,5,4,Essence,9 CV,160 CH,Automatique,7,Traction,7.1 L/100 km,Radar de recul | Caméra de recul,En aluminium | 18'',Tactile | 12.3 pouces,Cuir perforé,Cuir | 3 branches | Multi-fonctions | Sport | à méplat,Ouvrant | Panoramique | En verre,Éléctrique,Normal | Sport | Eco,,,,
Faw,Faw Bestune T77 Pro,1.5 l Premium BVA,118 777 DT,Disponible,SUV,5 ans ou 150000 km,5,5,4,Essence,9 CV,160 CH,Automatique,7,Traction,7.1 L/100 km,Radar de recul | Système de caméras 360,En aluminium | 19'',Tactile | 12.3 pouces,Cuir perforé | Surpiqures,Cuir | 3 branches | Multi-fonctions | Sport | à méplat,Ouvrant | Panoramique | En verre,Éléctrique,Normal | Sport | Eco,,,,
Faw,Faw Bestune B70,Faw Bestune B70,,Disponible,Berline,5 ans ou 150000 km,5,5,4,Essence,8 CV,169 CH,Automatique,7,Traction,6.8 L/100 km,Radar de recul | Système de caméras 360,En aluminium | 18'',Tactile | 12.3 pouces,Cuir perforé | Surpiqures,Cuir | 3 branches | Multi-fonctions | Sport | à méplat,Ouvrant | Panoramique | En verre,Éléctrique,Normal | Sport | Eco,,,,
Faw,Faw Bestune T90,Faw Bestune T90,,Disponible,SUV,5 ans ou 150000 km,5,5,4,Essence,8 CV,169 CH,Automatique,7,Traction,7 L/100 km,Radar de recul | Système de caméras 360,En aluminium | 18'',Tactile | Vertical | 12.6 pouces,Similicuir,Cuir | 3 branches | Multi-fonctions | Sport | à méplat,Ouvrant | Panoramique | En verre,Éléctrique,Normal | Sport | Eco,,,,
Fiat,Fiat Fiorino Combi,Fiat Fiorino Combi,,Disponible,Monospace,3 ans,4,5 | 2 portes latérales coulissantes,4,Diesel,4 CV,75 CH,Manuelle,5,Traction,4.3 L/100 km,,En aluminium | 15'',,Tissu,,,,,,,,
Fiat,Fiat Tipo Berline,1.4 L Entry,78 500 DT,1 mois,Berline,3 ans,5,4,4,Essence,5 CV,95 CH,Manuelle,6,Traction,4.4 L/100 km,Radar de recul,En aluminium | 16'',5 pouces,Tissu,,,,,,,,
Fiat,Fiat Tipo Berline,1.4 L Mid,80 500 DT,1 mois,Berline,3 ans,5,4,4,Essence,5 CV,95 CH,Manuelle,6,Traction,4.4 L/100 km,Radar de recul | Caméra de recul,En aluminium | 16'',Tactile | 7 pouces,Tissu,Cuir,,,,,,,
Fiat,Fiat Doblo Combi,Fiat Doblo Combi,,1 mois,Monospace,3 ans,5,5 | 2 portes latérales coulissantes,4,Diesel,5 CV,92 CH,Manuelle,5,Traction,5.3 L/100 km,Radar de recul,16'',Tactile | 10 pouces,Tissu,Multi-fonctions,,Éléctrique,,,,,
Fiat,Fiat Scudo Combi,2.0 L HDI  9 places,152 900 DT,3 mois | Sur arrivage,Monospace,3 ans,9,5 | 1 porte latérale coulissante,4,Diesel,8 CV,150 CH,Manuelle,6,Traction,5.4 L/100 km,Radar de recul,17'',,Tissu,Multi-fonctions,,,,,,,
Fiat,Fiat Scudo Combi,2.0 L HDI  Ulysse 9 places,165 000 DT,3 mois | Sur arrivage,Monospace,3 ans,9,5 | 2 portes latérales coulissantes,4,Diesel,8 CV,150 CH,Manuelle,6,Traction,5.4 L/100 km,Radar de recul,17'',,Tissu,Multi-fonctions,,,,,,,
Fiat,Fiat Doblo,1.6 L HDI Van Business,67 499 DT,Disponible,Utilitaire,3 ans,3,5 | 1 porte latérale coulissante | 2 portes arrières battantes tolées,4,Diesel,5 CV,92 CH,Manuelle,5,Traction,5.3 L/100 km,Radar de recul | Caméra de recul,15'',Tactile | 10 pouces,Tissu,Multi-fonctions,,Éléctrique,,,,,
Fiat,Fiat Doblo,1.6 L HDI Van Maxi Business,68 990 DT,1 mois,Utilitaire,3 ans,3,5 | 1 porte latérale coulissante | 2 portes arrières battantes tolées,4,Diesel,5 CV,92 CH,Manuelle,5,Traction,5.3 L/100 km,Radar de recul | Caméra de recul,16'',Tactile | 10 pouces,Tissu,Multi-fonctions,,Éléctrique,,,,,
Fiat,Fiat Ducato,Fiat Ducato,,Disponible,Utilitaire,3 ans,3,2 portes latérales coulissantes | 2 portes arrières battantes tolées | 6,4,Diesel,7 CV,140 CH,Manuelle,6,Traction,8 L/100 km,Radar de recul,,,Tissu,,,,,,,,
Fiat,Fiat Scudo Fourgon,Fiat Scudo Fourgon,,3 mois,Utilitaire,3 ans,3,5 | 1 porte latérale coulissante | 2 portes arrières battantes tolées,4,Diesel,8 CV,150 CH,Manuelle,6,Traction,5.5 L/100 km,Radar de recul,16'',,Tissu,Multi-fonctions,,,,,,,
Foday,Foday F22 S,Foday F22 S,,Disponible,Pick up,3 ans ou 100.000 km,2,2,4,Diesel,6 CV,138 CH,Manuelle,5,Intégrale,7.8 L/100 km,Caméra de recul,En aluminium | 17'',Tactile,Similicuir,Cuir | Multi-fonctions,,,,,,,
Foday,Foday F22 D,Foday F22 D,,2 mois,Pick up,3 ans ou 100.000 km,5,4,4,Diesel,6 CV,138 CH,Manuelle,5,Intégrale,7.8 L/100 km,Caméra de recul,En aluminium | 17'',Tactile | 7 pouces,Similicuir,Cuir | Multi-fonctions,,,,,,,
Foday,Foday F22 Max,Foday F22 Max,,Disponible,Pick up,3 ans ou 100.000 km,5,4,4,Diesel,6 CV,138 CH,Manuelle,5,Intégrale,7.8 L/100 km,Caméra de recul,En aluminium | 17'',Tactile | 8 pouces,Similicuir,Cuir | Multi-fonctions,,,,,,,
Ford,Ford Territory,1.5 L EcoBoost Titanium,124 900 DT,Sur arrivage,SUV,3 ans ou 100.000 km,5,5,4,Essence,8 CV,160 CH,Automatique,7,Traction,7.0 L/100 km,Radar de recul | Radar avant | Système de caméras 360,En aluminium | 18'',Tactile | 12 pouces,Cuir,Cuir | Multi-fonctions,,Éléctrique,Normal | Sport | Eco | Montagne,,,,
Ford,Ford Territory,1.5 L EcoBoost Titanium X,139 900 DT,Sur arrivage,SUV,3 ans ou 100.000 km,5,5,4,Essence,8 CV,160 CH,Automatique,7,Traction,7.0 L/100 km,Radar de recul | Radar avant | Système de caméras 360,En aluminium | 19'',Tactile | 12 pouces,Cuir perforé,Cuir | Multi-fonctions,Ouvrant | Panoramique,Éléctrique,Normal | Sport | Eco | Montagne,,,,
Ford,Ford Everest,2.0 L Bi-Turbo XLT 7 places,260 000 DT,Disponible,SUV,3 ans ou 60.000 km,7,5,4,Diesel,13 CV,210 CH,Automatique,10,Intégrale,7.5 L/100 km,Radar de recul | Radar avant | Caméra de recul,En aluminium | 18'',Tactile | 10 pouces,Cuir,Cuir | Multi-fonctions,,Éléctrique,Normal | Eco | Charge lourde | Faible adhérence | Boue | Sable,,,,
Ford,Ford Everest,2.0 L Bi-Turbo Limited 7 places,285 000 DT,Sur arrivage,SUV,3 ans ou 60.000 km,7,5,4,Diesel,13 CV,210 CH,Automatique,10,Intégrale,7.5 L/100 km,Radar de recul | Radar avant | Caméra de recul,En aluminium | 21'',Tactile | 12 pouces HD,Cuir,Cuir | Multi-fonctions,Ouvrant | Panoramique,Éléctrique,Normal | Eco | Charge lourde | Faible adhérence | Boue | Sable,,,,
Ford,Ford Ranger,2.0 L 170 ch 4x4 XLT BVM,155 000 DT,1 mois,Pick up,3 ans ou 60.000 km,5,4,4,Diesel,9 CV,170 CH,Manuelle,6,Intégrale,6.5 L/100 km,Radar de recul | Caméra de recul,En aluminium | 18'' | Roue de secours en Aluminium,Tactile | 10.1 pouces,Tissu,Cuir | Multi-fonctions,,,,,,,
Ford,Ford Ranger,2.0 L 170 ch 4x4 XLT BVA,170 000 DT,Disponible,Pick up,3 ans ou 60.000 km,5,4,4,Diesel,7 CV,170 CH,Automatique,6,Intégrale,7.9 L/100 km,Radar de recul | Caméra de recul,En aluminium | 18'' | Roue de secours en Aluminium,Tactile | 10.1 pouces,Tissu,Cuir | Multi-fonctions,,,,,,,
Ford,Ford Ranger,2.0 L TDCI 210 ch 4x4 Wildtrak BVA,230 000 DT,Disponible,Pick up,3 ans ou 60.000 km,5,4,4,Diesel,12 CV,210 CH,Automatique,10,Intégrale,7.5 L/100 km,Radar de recul | Radar avant | Caméra de recul,En aluminium | 18'' | Roue de secours en Aluminium | Medium Boulder Grey,Tactile | 12.1 pouces,Cuir,Cuir | Multi-fonctions,,Éléctrique,,,,,
Ford,Ford Ranger Raptor,Ford Ranger Raptor,,Disponible,Pick up,3 ans ou 60.000 km,5,4,4,Diesel,12 CV,210 CH,Automatique,10,Intégrale,8.0 L/100 km,Radar de recul | Radar avant | Radar latéral | Système de caméras 360 | Parkassist,En aluminium | 17'' | Asphalt Black Matt,Tactile | 12 pouces,Cuir/Alcantara,Cuir | Multi-fonctions,,Éléctrique,Normal | Sport | Glissant | Boue | Sable | Baja | Rochers,,,,
Ford,Ford Transit Minibus,Ford Transit Minibus,,1 mois,Minibus,2 ans,18,5 | 1 porte latérale coulissante | 2 portes arrières battantes vitrées,4,Diesel,5 CV,165 CH,Manuelle,6,Propulsion,9.7 L/100 km,Radar de recul | Radar avant | Système de caméras 360,16'',Tactile | 12.3 pouces,Tissu,Cuir | Multi-fonctions,,,,,,,
Foton,Foton Tunland G7 Simple Cabine,Foton Tunland G7 Simple Cabine,,Disponible,Pick up,3 ans ou 100.000 km,2,2,4,Diesel,9 CV,163 CH,Manuelle,6,Propulsion,7.9 L/100 km,Radar de recul | Caméra de recul,En aluminium | 17'',Tactile | 8 pouces,Tissu,Cuir | Multi-fonctions,,,,,,,
Foton,Foton Tunland G7 Double Cabine,Foton Tunland G7 Double Cabine,,Disponible,Pick up,3 ans ou 100.000 km,5,4,4,Diesel,7 CV,163 CH,Manuelle,6,Intégrale,7.9 L/100 km,Radar de recul | Caméra de recul,En aluminium | 18'' | Bi-ton,Tactile | 8 pouces,Similicuir,Cuir | Multi-fonctions,,,,,,,
Foton,Foton TM5 3.4T Chassis Cabine,Foton TM5 3.4T Chassis Cabine,,Disponible,Pick up,1 an,2,2,4,Diesel,7 CV,88 CH,Manuelle,5,Propulsion,8 L/100 km,,15'',,Tissu,,,,,,,,
Foton,Foton View CS2 Van 16 places,Foton View CS2 Van 16 places,,Disponible,Minibus,3 ans ou 100.000 km,16,3 | 1 porte latérale coulissante,4,Diesel,7 CV,137 CH,Manuelle,6,Traction,9.4 L/100 km,Radar de recul | Caméra de recul,En aluminium | 15'',Tactile | 8 pouces,Tissu,,,,,,,,
Gac-Motor,GAC Emzoom,1.5T GDI Lifestyle BVA,95 900 DT,Disponible,SUV,5 ans ou 150000 km,5,5,4,Essence,9 CV,170 CH,Automatique,7,Traction,5.9 L/100 km,Radar de recul | Radar avant | Système de caméras 360,En aluminium | 18'',Tactile | 10.1 pouces,Similicuir,Cuir | Multi-fonctions,Ouvrant | Panoramique,Éléctrique,Normal | Sport | Eco,,,,
Gac-Motor,GAC Emzoom,1.5T GDI GL BVA,105 900 DT,Disponible,SUV,5 ans ou 150000 km,5,5,4,Essence,9 CV,170 CH,Automatique,7,Traction,5.9 L/100 km,Radar de recul | Radar avant | Système de caméras 360 | Parkassist,En aluminium | 18'',Tactile | 10.1 pouces,Similicuir,Cuir | Multi-fonctions,Ouvrant | Panoramique,Éléctrique,Normal | Sport | Eco,,,,
Gac-Motor,GAC Emzoom,1.5T GDI R-Style BVA,108 900 DT,Disponible,SUV,5 ans ou 150000 km,5,5,4,Essence,9 CV,170 CH,Automatique,7,Traction,5.9 L/100 km,Radar de recul | Radar avant | Système de caméras 360 | Parkassist,En aluminium | 19'',Tactile | 10.1 pouces,Similicuir,Cuir | Multi-fonctions,Ouvrant | Panoramique,Éléctrique,Normal | Sport | Eco | Sport Plus,,,,
Gac-Motor,GAC Emkoo,GAC Emkoo,,Disponible,SUV,5 ans ou 150000 km,5,5,4,Essence,9 CV,170 CH,Automatique,7,Traction,6.6 L/100 km,Radar de recul | Radar avant | Système de caméras 360,En aluminium | 19'',Tactile | 10.1 pouces,Similicuir,Cuir | Multi-fonctions,Panoramique,Éléctrique,Normal | Sport | Eco,,,,
Gac-Motor,GAC GA4,GAC GA4,,Disponible,Berline,5 ans ou 150000 km,5,4,4,Essence,6 CV,107 CH,Automatique,,Traction,6.9 L/100 km,Radar de recul | Caméra de recul,En aluminium | 16'',Tactile,Similicuir,Cuir | Multi-fonctions,,Éléctrique,,,,,
Geely,Geely EX2,Geely EX2,,En pré-commande,Compacte,Batterie garantie 8 ans ou 200.000 km | 6 ans ou 200.000 km,5,5,,Electrique,3 CV,115 CH,Automatique,,Propulsion,,Radar de recul | Système de caméras 540°,En aluminium | 16'',Tactile | 14.6 pouces,Similicuir,Similicuir | Multi-fonctions | Sport,,Éléctrique,Normal | Sport | Eco,325 km,12.04 kWh/100 km,6.5 heures,21 minutes
Geely,Geely GX3 Pro,1.5 L BVM,62 300 DT,2 mois,SUV,4 ans,5,5,4,Essence,5 CV,103 CH,Manuelle,5,Traction,6.5 L/100 km,Radar de recul | Caméra de recul,En aluminium | 16'',Tactile | 8 pouces,Similicuir | Surpiqures,Cuir | Multi-fonctions | Sport,Ouvrant,,,,,,
Geely,Geely GX3 Pro,1.5 L CVT,68 800 DT,2 mois,SUV,4 ans,5,5,4,Essence,6 CV,103 CH,Automatique,7,Traction,6.5 L/100 km,Radar de recul | Caméra de recul,En aluminium | 16'',Tactile | 8 pouces,Similicuir | Surpiqures,Cuir | Multi-fonctions | Sport,Ouvrant,,Confort | Sport | Eco,,,,
Geely,Geely Emgrand,1.5 L GL,67 800 DT,Disponible,Berline,4 ans ou 150.000 km,5,4,4,Essence,6 CV,122 CH,Manuelle,5,Traction,6.4 L/100 km,Radar de recul | Caméra de recul,En aluminium | 16'',Tactile | 8 pouces,Tissu,Cuir | Multi-fonctions | Sport,,,,,,,
Geely,Geely Emgrand,1.5 L GF BVA,74 800 DT,Disponible,Berline,4 ans ou 150.000 km,5,4,4,Essence,6 CV,122 CH,Automatique,6,Traction,6.4 L/100 km,Radar de recul | Caméra de recul,En aluminium | 17'',Tactile | 12.3 pouces,Cuir | Nappa | Surpiqures,Cuir | Multi-fonctions | Sport,Ouvrant,Éléctrique,,,,,
Geely,Geely Coolray,1.5 L,72 800 DT,Disponible,SUV,6 ans ou 200.000 km,5,5,4,Essence,6 CV,122 CH,Manuelle,5,Traction,6.4 L/100 km,Radar de recul | Caméra de recul,En aluminium | 16'',Tactile | 8 pouces,Similicuir | Surpiqures,Multi-fonctions,,,,,,,
Geely,Geely Coolray,1.5 L Turbo GS,79 900 DT,Disponible,SUV,5 ans ou 150000 km,5,5,3,Essence,10 CV,177 CH,Automatique,7,Traction,6.4 L/100 km,Radar de recul | Caméra de recul,En aluminium | 17'',Tactile | 10 pouces,Cuir/Tissu,Multi-fonctions | Sport,,Éléctrique,Confort | Sport | Eco,,,,
Geely,Geely Coolray,1.5 L Turbo GF+,91 800 DT,Disponible,SUV,5 ans ou 150000 km,5,5,4,Essence,9 CV,171 CH,Automatique,7,Traction,6.4 L/100 km,Radar de recul | Radar avant | Système de caméras 360 | Parkassist,En aluminium | 18'',Tactile | 12.3 pouces,Cuir,Cuir | Multi-fonctions | Sport,Ouvrant | Panoramique,Éléctrique,Confort | Sport | Eco | Adaptative,,,,
Geely,Geely EX5,Geely EX5,,Disponible,SUV,6 ans ou 150.000 km | Batterie garantie 8 ans ou 150000 km,5,5,,Electrique,5 CV,218 CH,Automatique,,Traction,,Radar de recul | Radar avant | Système de caméras 360 | Détection du trafic en marche arrière,En aluminium | 19'',Tactile | 15.4 pouces,Cuir,Cuir | Chauffant | Multi-fonctions | Sport,Panoramique,Éléctrique,Normal | Sport | Eco,425 km,15.8 kWh/100 km,6.5 heures,20 minutes
Geely,Geely Cityray,Geely Cityray,,Disponible,SUV,5 ans ou 150000 km,5,5,4,Essence,9 CV,172 CH,Automatique,7,Traction,6.3 L/100 km,Radar de recul | Radar avant | Système de caméras 360 | Parkassist | Détection du trafic en marche arrière,En aluminium | 19'',Tactile | 13.2 pouces,Cuir perforé,Cuir | Multi-fonctions | Sport,Ouvrant | Panoramique,Éléctrique,Confort | Sport | Eco | Intelligent,,,,
Geely,Geely Geometry C,Geely Geometry C,,Disponible,SUV,5 ans ou 150000 km,5,5,,Electrique,4 CV,204 CH,Automatique,,Traction,,Radar de recul | Radar avant | Système de caméras 360,En aluminium | 18'',Tactile | 12.3 pouces,Cuir artificiel,Cuir | Multi-fonctions | Sport,Panoramique,Éléctrique,Sport | Eco | Eco +,460 km,16.5 kWh/100 km,8 heures,45 minutes
Geely,Geely Azkarra,Geely Azkarra,,Disponible,SUV,5 ans ou 150000 km,5,5,3,Essence | Hybride léger,9 CV,149 CH,Automatique,7,Intégrale,5.8 L/100 km,Radar de recul | Radar avant | Système de caméras 360,En aluminium | 18'',Tactile | 12.3 pouces,Cuir | Nappa,Cuir | Multi-fonctions | Sport,Ouvrant | Panoramique,Éléctrique,Confort | Sport | Eco | Offroad,,,,
Geely,Geely Starray,Geely Starray,,Disponible,SUV,6 ans ou 200.000 km,5,5,4,Essence,9 CV,174 CH,Automatique,7,Traction,6.3 L/100 km,Radar de recul | Radar avant | Système de caméras 360,En aluminium | 20'',Tactile | 13.2 pouces,Cuir artificiel,Cuir | Multi-fonctions | Sport,Ouvrant | Panoramique,Éléctrique,Confort | Sport | Eco | Intelligent,,,,
Geely,Geely Tugella,Geely Tugella,,Disponible,SUV,5 ans ou 150000 km,5,5,4,Essence,14 CV,238 CH,Automatique,8,Intégrale,8.1 L/100 km,Radar de recul | Radar avant | Système de caméras 360,En aluminium | 20'',Tactile | 12.3 pouces,Cuir artificiel,Cuir | Multi-fonctions | Sport,Ouvrant | Panoramique,Éléctrique,Confort | Sport | Eco | Offroad | Sable,,,,
Geely,Geely Monjaro,Geely Monjaro,,Disponible,SUV,5 ans ou 150000 km,5,5,4,Essence,14 CV,238 CH,Automatique,8,Intégrale,8.5 L/100 km,Radar de recul | Radar avant | Système de caméras 360 | Parkassist,En aluminium | 20'',Tactile | 12.3 pouces,Cuir artificiel,Cuir | Multi-fonctions | Sport,Ouvrant | Panoramique,Éléctrique,Confort | Sport | Eco | Offroad | Sable | Neige | Intelligent,,,,
Great-Wall,GWM Tank 300 HEV,GWM Tank 300 HEV,,En pré-commande,SUV,5 ans ou 150000 km | Batterie garantie 8 ans ou 150000 km,5,5,4,Essence | Hybride,14 CV,350 CH,Automatique,9,Intégrale,8.4 L/100 km,Radar de recul | Radar avant | Système de caméras 360 | Parkassist,En aluminium | 18'',Tactile | 12.3 pouces,Similicuir,Cuir | Multi-fonctions | Avec palettes,Ouvrant,Éléctrique,Normal | Sport | Eco | Boue | Sable | Neige | Expert,,,,
Great-Wall,GWM Tank 500 HEV,GWM Tank 500 HEV,,En pré-commande,SUV,5 ans ou 150000 km | Batterie garantie 8 ans ou 150000 km,7,5,4,Essence | Hybride,14 CV,350 CH,Automatique,9,Intégrale,8.5 L/100 km,Radar de recul | Radar avant | Système de caméras 360 | Parkassist,En aluminium | 20'',Tactile | 14.6 pouces,Cuir | Nappa,Cuir | Multi-fonctions | Avec palettes,Ouvrant | Panoramique,Éléctrique,Normal | Sport | Eco | Boue | Sable | Neige | Expert,,,,
Great-Wall,GWM Haval Jolion,GWM Haval Jolion,,Disponible,SUV,5 ans ou 150000 km,5,5,4,Essence,9 CV,143 CH,Automatique,7,Traction,8.1 L/100 km,Radar de recul | Radar avant | Système de caméras 360 | Parkassist,En aluminium | 18'',Tactile | 12.3 pouces,Similicuir,Cuir | Multi-fonctions | Avec palettes,Ouvrant | Panoramique,Éléctrique,Normal | Sport | Eco | Winter,,,,
Great-Wall,GWM Haval H6 Hybride,GWM Haval H6 Hybride,,Disponible,SUV,7 ans ou 200000 km | Batterie garantie 8 ans ou 160.000 KM,5,5,4,Essence | Hybride,8 CV,240 CH,Automatique,,Traction,5.2 L/100 km,Radar de recul | Radar avant | Système de caméras 360 | Parkassist | Détection du trafic en marche arrière,En aluminium | 19'',Tactile | 14.6 pouces,Similicuir,Cuir | Multi-fonctions,Ouvrant | Panoramique,Éléctrique,Normal | Sport | Eco | Neige,,,,
Great-Wall,GWM Wingle 5 Simple Cabine,GWM Wingle 5 Simple Cabine,,Disponible,Pick up,3 ans ou 100.000 km,2,2,4,Diesel,7 CV,143 CH,Manuelle,6,Intégrale,8.7 L/100 km,Radar de recul,En aluminium | 16'',Oui,Similicuir,Multi-fonctions,,,,,,,
Great-Wall,GWM Wingle 5 Double Cabine,GWM Wingle 5 Double Cabine,,Disponible,Pick up,3 ans ou 100.000 km,5,4,4,Diesel,7 CV,143 CH,Manuelle,6,Propulsion,8.2 L/100 km,Radar de recul,En aluminium | 16'',Tactile | 7 pouces,Similicuir,,,,,,,,
Great-Wall,GWM Poer MT,GWM Poer MT,,Disponible,Pick up,3 ans ou 100.000 km,5,5,4,Diesel,11 CV,163 CH,Manuelle,6,Intégrale,10.4 L/100 km,Radar de recul | Caméra de recul,En aluminium | 17'',Tactile | 9 pouces,Similicuir,Multi-fonctions,,,,,,,
Great-Wall,GWM Poer AT,GWM Poer AT,,Disponible,Pick up,3 ans ou 100.000 km,5,5,4,Diesel,7 CV,163 CH,Automatique,8,Intégrale,10.4 L/100 km,Radar de recul | Système de caméras 360,En aluminium | 18'',Tactile | 9 pouces,Similicuir,Cuir | Multi-fonctions | Avec palettes,,Éléctrique,,,,,
Honda,Honda City,1.5 L CVT LX,78 980 DT,Disponible,Berline,3 ans ou 100.000 km,5,4,4,Essence,6 CV,120 CH,Automatique,,Traction,5.4 L/100 km,Radar de recul | Caméra de recul,En aluminium | 15'',Tactile | 8 pouces,Tissu,Multi-fonctions,,,Eco,,,,
Honda,Honda City,1.5 L CVT LX Sport,82 480 DT,Disponible,Berline,3 ans ou 100.000 km,5,4,4,Essence,6 CV,120 CH,Automatique,,Traction,5.4 L/100 km,Radar de recul | Caméra de recul,En aluminium | 16'' | Bi-ton,Tactile | 8 pouces,Tissu | Cuir +2000 DT,Multi-fonctions | Avec palettes,,,Eco,,,,
Honda,Honda Jazz,Honda Jazz,,Disponible,Citadine,3 ans ou 100.000 km,5,5,4,Essence | Hybride,5 CV,108 CH,Automatique,,Traction,"3,6 L/100 km",Radar de recul | Radar avant | Caméra de recul,En aluminium | 16'',Tactile | 9 pouces,Cuir/Tissu,Cuir | Chauffant | Multi-fonctions,,Éléctrique,Normal | Eco,,,,
Honda,Honda Civic,Honda Civic,,Disponible,Berline,3 ans ou 100.000 km,5,4,4,Essence,10 CV,178 CH,Automatique,,Traction,6.2 L/100 km,Radar de recul | Radar avant | Caméra de recul,En aluminium | 17'',Tactile | 9 pouces,Cuir,Cuir | Multi-fonctions,Ouvrant,Éléctrique,Normal | Sport | Eco,,,,
Honda,Honda Civic Hybride,Honda Civic Hybride,,Disponible,Berline,3 ans ou 100.000 km,5,4,4,Essence | Hybride,7 CV,143 CH,Automatique,,Traction,4.0 L/100 km,Radar de recul | Radar avant | Caméra de recul,En aluminium | 17'',Tactile | 9 pouces,Cuir,Cuir | Multi-fonctions,Ouvrant,Éléctrique,Normal | Sport | Eco,,,,
Honda,Honda Civic Type R,Honda Civic Type R,,Disponible,Berline,3 ans ou 100.000 km,4,4,4,Essence,21 CV,319 CH,Manuelle,6,Traction,8.4 L/100 km,Radar de recul | Radar avant | Caméra de recul,En aluminium | 19'',Tactile | 9 pouces,Velours,Multi-fonctions | Alcantara,,Éléctrique | EPB,Confort | Sport | Individual | +R,,,,
Honda,Honda Accord,Honda Accord,,Disponible,Berline,3 ans,5,4,4,Essence,10 CV,182 CH,Automatique,,Traction,6.5 L/100 km,Radar de recul | Radar avant | Caméra de recul,En aluminium | 17'',Tactile | 12.3 pouces,Cuir perforé,Cuir | Multi-fonctions,Ouvrant,Éléctrique | EPB,Normal | Sport | Eco,,,,
Honda,Honda HR-V,Honda HR-V,,Disponible,SUV,3 ans ou 100.000 km,5,5,4,Essence,7 CV,119 CH,Automatique,,Traction,6.1 L/100 km,Caméra de recul,En aluminium | 18'',Tactile | 8 pouces,Cuir perforé,Cuir | Multi-fonctions,Panoramique,Éléctrique,Normal | Sport | Eco,,,,
Honda,Honda ZR-V,Honda ZR-V,,Disponible,SUV,3 ans ou 100.000 km,5,5,4,Essence,11 CV,182 CH,Automatique,,Traction,7 L/100 km,Radar de recul | Radar avant | Système de caméras 360,En aluminium | 18'',Tactile | 9 pouces,Cuir perforé,Cuir | Multi-fonctions,,Éléctrique | EPB,Normal | Sport | Eco,,,,
Honda,Honda CR-V,Honda CR-V,,Disponible,SUV,3 ans,7,5,4,Essence,11 CV,190 CH,Automatique,,Intégrale,8.4 L/100 km,Radar de recul | Système de caméras 360,En aluminium | 18'',Tactile | 9 pouces,Cuir perforé,Cuir | Multi-fonctions,Ouvrant | Panoramique,Éléctrique | EPB,Normal | Sport | Eco,,,,
Honda,Honda CR-V Hybride,Honda CR-V Hybride,,Disponible,SUV,3 ans,5,5,4,Essence | Hybride,8 CV,204 CH,Automatique,,Traction,5.1 L/100 km,Radar de recul | Radar avant | Système de caméras 360,En aluminium | 18'',Tactile | 9 pouces,Cuir perforé,Cuir | Multi-fonctions,Ouvrant | Panoramique,Éléctrique | EPB,Normal | Sport | Eco,,,,
Hyundai,Hyundai Grand i10 Populaire,Hyundai Grand i10 Populaire,,Sous réserve d'acceptation du dossier par le ministère du commerce,Citadine,5 ans,5,5,3,Essence,4 CV,65 CH,Manuelle,5,Traction,5 L/100 km,,En aluminium | 15'',,Tissu,Cuir | Multi-fonctions,,,,,,,
Hyundai,Hyundai Grand i10,1.2 L GLS,51 950 DT,Sur arrivage,Citadine,5 ans,5,5,4,Essence,5 CV,83 CH,Manuelle,5,Traction,5.5 L/100 km,,En aluminium | 15'',,Tissu,Cuir | Multi-fonctions,,,,,,,
Hyundai,Hyundai Grand i10,1.2 L High Grade,56 450 DT,Sur arrivage,Citadine,5 ans,5,5,4,Essence,5 CV,83 CH,Manuelle,5,Traction,5.5 L/100 km,Radar de recul | Caméra de recul,En aluminium | 15'',Tactile | 8 pouces,Tissu,Cuir | Multi-fonctions,,,,,,,
Hyundai,Hyundai Grand i10,1.2 L High Grade BVA,60 950 DT,Sur arrivage,Citadine,5 ans,5,5,4,Essence,5 CV,83 CH,Automatique,4,Traction,5.9 L/100 km,Radar de recul | Caméra de recul,En aluminium | 15'',Tactile | 8 pouces,Tissu,Cuir | Multi-fonctions,,,,,,,
Hyundai,Hyundai Grand i10 Sedan,Hyundai Grand i10 Sedan,,Sur arrivage,Berline,5 ans,5,4,4,Essence,5 CV,83 CH,Manuelle,5,Traction,5.5 L/100 km,Radar de recul | Caméra de recul,En aluminium | 15'',Tactile | 8 pouces,Tissu,Cuir | Multi-fonctions,,,,,,,
Hyundai,Hyundai i20,1.2 L GLS Plus,66 950 DT,Disponible,Citadine,5 ans,5,5,4,Essence,4 CV,76 CH,Manuelle,5,Traction,4.8 L/100 km,Radar de recul | Caméra de recul,En aluminium | 16'',Tactile | 8 pouces,Tissu,Cuir | Multi-fonctions,,,,,,,
Hyundai,Hyundai i20,1.2 L High Grade,72 950 DT,Disponible,Citadine,5 ans,5,5,4,Essence,4 CV,76 CH,Manuelle,5,Traction,4.8 L/100 km,Radar de recul | Caméra de recul,En aluminium | 17'',Tactile | 8 pouces,Tissu,Cuir | Multi-fonctions,,,,,,,
Hyundai,Hyundai i20,1.0 L T-GDI BVA,83 950 DT,Disponible,Citadine,5 ans,5,5,3,Essence,5 CV,98 CH,Automatique,7,Traction,5.8 L/100 km,Radar de recul | Caméra de recul,En aluminium | 17'',Tactile | 8 pouces,Tissu,Cuir | Multi-fonctions,,,,,,,
Hyundai,Hyundai Bayon,1.2 L Top Grade,84 950 DT,Disponible,SUV,5 ans,5,5,4,Essence,4 CV,77 CH,Manuelle,5,Traction,5.4 L/100 km,Radar de recul | Radar avant | Caméra de recul,En aluminium | 16'',Tactile | 8 pouces,Tissu,Cuir | Multi-fonctions,,,,,,,
Hyundai,Hyundai Bayon,1.0 L T-GDI Top Grade BVA,95 950 DT,Disponible,SUV,5 ans,5,5,3,Essence,5 CV,98 CH,Automatique,7,Traction,5.3 L/100 km,Radar de recul | Radar avant | Caméra de recul,En aluminium | 17'',Tactile | 8 pouces,Tissu,Cuir | Multi-fonctions,Ouvrant,,,,,,
Hyundai,Hyundai Venue,Hyundai Venue,,Disponible,SUV,5 ans ou 100000 km,5,5,3,Essence,7 CV,120 CH,Automatique,7,Traction,"5,6 L/100 km",Radar de recul | Caméra de recul,En aluminium | 16'',Tactile | 8 pouces,Tissu,Cuir | Multi-fonctions,Ouvrant,,Normal | Sport | Eco,,,,
Hyundai,Hyundai i30 Fastback,1.0 T Intuitive BVA,94 950 DT,Disponible,Berline,5 ans ou 100000 km,5,4,3,Essence,6 CV,118 CH,Automatique,7,Traction,5.4 L/100 km,Radar de recul | Radar avant | Caméra de recul,En aluminium | 16'',Tactile | 10.25 pouces,Cuir,Cuir | Multi-fonctions,,Éléctrique,Normal | Confort | Sport,,,,
Hyundai,Hyundai i30 Fastback,1.0 T BVA,104 950 DT,Disponible,Berline,5 ans ou 100000 km,5,4,3,Essence,7 CV,120 CH,Automatique,7,Traction,5.4 L/100 km,Radar de recul | Caméra de recul,En aluminium | 17'',Tactile | 10.25 pouces,Cuir,Cuir | Multi-fonctions,Ouvrant,Éléctrique,Normal | Confort | Sport,,,,
Hyundai,Hyundai Creta,Hyundai Creta,,Sur arrivage,SUV,5 ans ou 100000 km,5,5,4,Essence,6 CV,113 CH,Automatique,6,Traction,6.1 L/100 km,Radar de recul | Caméra de recul,En aluminium | 17'',Tactile | 8 pouces,Cuir,Cuir | Multi-fonctions | Avec palettes,Ouvrant | Panoramique,Éléctrique,Confort | Sport | Eco,,,,
Hyundai,Hyundai Kona Electric,Hyundai Kona Electric,,Disponible,SUV,5 ans ou 100000 km | Batterie garantie 8 ans ou 160.000 KM,5,5,,Electrique,3 CV,136 CH,Automatique,,Traction,,Radar de recul | Caméra de recul,En aluminium | 17'',Tactile | 8 pouces,Cuir,Cuir | Multi-fonctions,Ouvrant,Éléctrique,Sport | Eco,317 km,14.3 kWh/100 km,4.8 heures,54 minutes
Hyundai,Hyundai Kona,1.6 l T-GDI 7-DCT 4WD,137 000 DT,Disponible,SUV,5 ans ou 100000 km,5,5,4,Essence,11 CV,200 CH,Automatique,7,Intégrale,6.2 L/100 km,Radar de recul | Caméra de recul,En aluminium | 18'',Tactile | 8 pouces,Cuir,Cuir | Multi-fonctions,Ouvrant,,Normal | Sport | Eco,,,,
Hyundai,Hyundai Kona,1.6 l T-GDI 7-DCT 4WD N Line,150 000 DT,Disponible,SUV,5 ans ou 100000 km,5,5,4,Essence,11 CV,200 CH,Automatique,7,Intégrale,6.2 L/100 km,Radar de recul | Caméra de recul,En aluminium | 18'',Tactile | 10.25 pouces,Cuir/Alcantara,Cuir | Multi-fonctions | Sport | N-Line,Ouvrant,,Normal | Sport | Eco,,,,
Hyundai,Hyundai Tucson,Hyundai Tucson,,Disponible,SUV,5 ans,5,5,4,Essence,10 CV,180 CH,Automatique,7,Intégrale,6.3 L/100 km,Radar de recul | Radar avant | Système de caméras 360,En aluminium | 19'',Tactile | 10.25 pouces,Cuir,Cuir | Multi-fonctions | Avec palettes,Ouvrant | Panoramique,Éléctrique,Confort | Sport | Eco,,,,
Hyundai,Hyundai Tucson Hybride,1.6 l T-GDI 2WD Intuitive BVA 6,169 950 DT,Disponible,SUV,5 ans ou 100000 km | Batterie garantie 8 ans ou 160.000 KM,5,5,4,Essence | Hybride,9 CV,230 CH,Automatique,6,Traction,4.7 L/100 km,Radar de recul | Radar avant | Caméra de recul,En aluminium | 18'',Tactile | 12.3 pouces,Cuir,Cuir | Multi-fonctions | Avec palettes,Ouvrant | Panoramique,Éléctrique,Sport | Eco,,,,
Hyundai,Hyundai Tucson Hybride,1.6 l T-GDI 2WD Top Grade BVA 6,185 000 DT,Disponible,SUV,5 ans ou 100000 km | Batterie garantie 8 ans ou 160.000 KM,5,5,4,Essence | Hybride,9 CV,230 CH,Automatique,6,Traction,4.7 L/100 km,Radar de recul | Radar avant | Système de caméras 360,En aluminium | 19'',Tactile | 12.3 pouces,Cuir,Cuir | Multi-fonctions | Sport | Avec palettes,Ouvrant | Panoramique,Éléctrique,Confort | Sport | Eco,,,,
Hyundai,Hyundai Ioniq 5,58 kWh 2WD HG,168 950 DT,Indisponible,SUV,5 ans ou 100000 km | Batterie garantie 8 ans ou 160.000 KM,5,5,,Electrique,3 CV,166 CH,Automatique,,Propulsion,,Radar de recul | Radar avant | Système de caméras 360 | Détection du trafic en marche arrière,En aluminium | 19'' | Bi-ton,Tactile | 10.25 pouces,Cuir,Chauffant | Multi-fonctions | Avec palettes,Panoramique | En verre,Éléctrique,Normal | Sport | Eco | Neige,384 km,16.7 kWh/100 km,5 heures,18 minutes
Hyundai,Hyundai Ioniq 5,77 kWh 4WD HG,210 715 DT,Disponible,SUV,5 ans ou 100000 km | Batterie garantie 8 ans ou 160.000 KM,5,5,,Electrique,6 CV,325 CH,Automatique,,Intégrale,,Radar de recul | Radar avant | Système de caméras 360 | Détection du trafic en marche arrière,En aluminium | 20'' | Bi-ton,Tactile | 12.3 pouces,Cuir,Chauffant | Multi-fonctions | Avec palettes,Panoramique | En verre,Éléctrique,Normal | Sport | Eco | Neige,476 km,19.1 kWh/100 km,7.4 heures,18 minutes
Hyundai,Hyundai Ioniq 5 N,Hyundai Ioniq 5 N,,Disponible,SUV,5 ans ou 100000 km | Batterie garantie 8 ans ou 160.000 KM,5,5,,Electrique,12 CV,650 CH,Automatique,,Intégrale,,Radar de recul | Radar avant | Système de caméras 360 | Détection du trafic en marche arrière,En aluminium | 21'' | Bi-ton,Tactile | 12.3 pouces,Cuir/Tissu,Chauffant | Multi-fonctions | Avec palettes | N-Line,,Éléctrique,Normal | Sport | Eco | Neige,589 km,21.2 kWh/100 km,6.8 heures,18 minutes
Hyundai,Hyundai Ioniq 6,77 kWh 2WD Large Range,199 950 DT,Disponible,Berline,5 ans ou 100000 km | Batterie garantie 8 ans ou 160.000 KM,5,5,,Electrique,4 CV,227 CH,Automatique,,Propulsion,,Radar de recul | Radar avant | Système de caméras 360 | Détection du trafic en marche arrière | Stationnement intelligent à distance,En aluminium | 20'',Tactile | 12.3 pouces,Cuir,Multi-fonctions | Avec palettes,Panoramique | En verre,Éléctrique,Normal | Sport | Eco | Neige,614 km,14.3 kWh/100 km,7.2 heures,18 minutes
Hyundai,Hyundai Ioniq 6,77 kWh 4WD Large Range,209 950 DT,Disponible,Berline,5 ans ou 100000 km | Batterie garantie 8 ans ou 160.000 KM,5,5,,Electrique,6 CV,325 CH,Automatique,,Intégrale,,Radar de recul | Radar avant | Système de caméras 360 | Détection du trafic en marche arrière | Stationnement intelligent à distance,En aluminium | 20'',Tactile | 12.3 pouces,Cuir,Multi-fonctions | Avec palettes,Panoramique | En verre,Éléctrique,Normal | Sport | Eco | Neige,583 km,15.1 kWh/100 km,7.2 heures,18 minutes
Hyundai,Hyundai Palisade Calligraphy,2.2 L TCi 4x4 BVA,350 000 DT,Sur arrivage,SUV,5 ans,7,5,4,Diesel,12 CV,193 CH,Automatique,8,Intégrale,7.5 L/100 km,Radar de recul | Caméra de recul,En aluminium | 20'',Tactile | 10.25 pouces,Cuir,Multi-fonctions | Avec palettes,Ouvrant | Panoramique,Éléctrique,,,,,
Hyundai,Hyundai Palisade Calligraphy,3.5 L GDI 4x4 BVA,350 100 DT,Sur arrivage,SUV,5 ans,8,5,6,Essence,19 CV,277 CH,Automatique,8,Intégrale,9.9 L/100 km,Radar de recul | Caméra de recul,En aluminium | 20'',Tactile | 10.25 pouces,Cuir,Multi-fonctions | Avec palettes,Ouvrant | Panoramique,Éléctrique,,,,,
Hyundai,Hyundai Staria 11 places,Hyundai Staria 11 places,,Disponible,Monospace,5 ans ou 100000 km,11,5,4,Diesel,8 CV,177 CH,Manuelle,6,Traction,8.7 L/100 km,Radar de recul,,,Tissu,Multi-fonctions,,,Normal | Sport | Eco,,,,
Hyundai,Hyundai Staria 9 places,2.2 CRDI,199 950 DT,Disponible,Monospace,5 ans ou 100000 km,9,5,4,Diesel,11 CV,177 CH,Manuelle,6,Traction,8.7 L/100 km,,,,Tissu,Multi-fonctions,,,Normal | Sport | Eco,,,,
Hyundai,Hyundai Staria 9 places,2.2 CRDI 4WD BVA,210 100 DT,Disponible,Monospace,5 ans ou 100000 km,9,5,4,Diesel,11 CV,177 CH,Automatique,8,Intégrale,8.7 L/100 km,,,,Tissu,Multi-fonctions,,,Normal | Sport | Eco,,,,
Hyundai,Hyundai Staria 9 places,2.2 CRDI 4WD Luxe BVA,280 000 DT,Disponible,Monospace,5 ans ou 100000 km,9,5,4,Diesel,11 CV,177 CH,Automatique,8,Intégrale,8.7 L/100 km,,En aluminium | 18'',Tactile | 8 pouces,Cuir | Nappa,Cuir | Multi-fonctions,,,Normal | Sport | Eco,,,,
Im-Motors,IM Motors IM5,Standard 75 kwh RWD,136 900 DT,Disponible,Berline,5 ans ou 150000 km | Batterie garantie 8 ans,5,5,,Electrique,11 CV,295 CH,Automatique,2,Propulsion,,Radar de recul | Radar avant | Parkassist | Caméra panoramique 3D | Stationnement intelligent à distance,En aluminium | 19'' | Noires,Tactile | 10.5 pouces,Cuir végétal,Cuir | Chauffant | Multi-fonctions,Panoramique | Electrochrome,Éléctrique,Confort | Sport | Eco | Neige | Personal,490 km,17.5 kWh/100 km,8.5 heures,25 minutes
Im-Motors,IM Motors IM5,Autonomie 100 kwh RWD,162 900 DT,Disponible,Berline,5 ans ou 150000 km | Batterie garantie 8 ans,5,5,,Electrique,12 CV,408 CH,Automatique,2,Propulsion,,Radar de recul | Radar avant | Parkassist | Caméra panoramique 3D | Stationnement intelligent à distance,En aluminium | 19'' | Noires,Tactile | 10.5 pouces,Cuir végétal,Cuir | Chauffant | Multi-fonctions,Panoramique | Electrochrome,Éléctrique,Confort | Sport | Eco | Neige | Personal,655 km,17.3 kWh/100 km,11.5 heures,17 minutes
Im-Motors,IM Motors IM5,Performance 100 kwh AWD,182 900 DT,Disponible,Berline,5 ans ou 150000 km | Batterie garantie 8 ans,5,5,,Electrique,26 CV,778 CH,Automatique,2,Intégrale,,Radar de recul | Radar avant | Parkassist | Caméra panoramique 3D | Stationnement intelligent à distance,En aluminium | 20'' | Noires,Tactile | 10.5 pouces,Cuir végétal,Cuir | Chauffant | Multi-fonctions,Panoramique | Electrochrome,Éléctrique,Confort | Sport | Eco | Neige | Personal,575 km,19.7 kWh/100 km,11.5 heures,17 minutes
Im-Motors,IM Motors IM6,Standard 75 kwh RWD,147 900 DT,Disponible,SUV,5 ans ou 150000 km | Batterie garantie 8 ans,5,5,,Electrique,11 CV,295 CH,Automatique,2,Propulsion,,Radar de recul | Radar avant | Parkassist | Caméra panoramique 3D | Stationnement intelligent à distance,En aluminium | 19'' | Noires,Tactile | 10.5 pouces,Cuir végétal,Cuir | Chauffant | Multi-fonctions,Panoramique | Electrochrome,Éléctrique,Confort | Sport | Eco | Neige | Personal,450 km,19.1 kWh/100 km,8.5 heures,20 minutes
Im-Motors,IM Motors IM6,Autonomie 100 kwh RWD,167 900 DT,Disponible,SUV,5 ans ou 150000 km | Batterie garantie 8 ans,5,5,,Electrique,12 CV,408 CH,Automatique,2,Propulsion,,Radar de recul | Radar avant | Parkassist | Caméra panoramique 3D | Stationnement intelligent à distance,En aluminium | 19'' | Noires,Tactile | 10.5 pouces,Cuir végétal,Cuir | Chauffant | Multi-fonctions,Panoramique | Electrochrome,Éléctrique,Confort | Sport | Eco | Neige | Personal,555 km,20.7 kWh/100 km,11.5 heures,17 minutes
Im-Motors,IM Motors IM6,Performance 100 kwh AWD,187 900 DT,Disponible,SUV,5 ans ou 150000 km | Batterie garantie 8 ans,5,5,,Electrique,26 CV,778 CH,Automatique,2,Intégrale,,Radar de recul | Radar avant | Parkassist | Caméra panoramique 3D | Stationnement intelligent à distance,En aluminium | 19'' | Noires,Tactile | 10.5 pouces,Cuir végétal,Cuir | Chauffant | Multi-fonctions,Panoramique | Electrochrome,Éléctrique,Confort | Sport | Eco | Neige | Personal,505 km,23.4 kWh/100 km,11.5 heures,17 minutes
Jac,JAC T8 Pro Double Cabine,JAC T8 Pro Double Cabine,,Disponible,Pick up,3 ans ou 100.000 km,5,4,4,Diesel,7 CV,137 CH,Manuelle,6,Intégrale,7.9 L/100 km,Radar de recul | Radar avant | Système de caméras 360,En aluminium | 18'',Tactile | 10.4 pouces,Similicuir,Cuir | Multi-fonctions,Ouvrant,Éléctrique,,,,,
Jaguar,Jaguar E-Pace,Jaguar E-Pace,,Disponible,SUV,5 ans ou 150000 km,5,5,4,Diesel,9 CV,163 CH,Automatique,8,Intégrale,5.2 L/100 km,Radar de recul | Radar avant | Caméra de recul,En aluminium | 20'',10.1 pouces,Cuir,Cuir | Multi-fonctions | Avec palettes,Panoramique,Éléctrique,,,,,
Jaguar,Jaguar F-Pace,Jaguar F-Pace,,Disponible,SUV,5 ans ou 150000 km,5,5,4,Essence,15 CV,250 CH,Automatique,8,Intégrale,7.4 L/100 km,Radar de recul | Radar avant | Caméra de recul,En aluminium | 20'',11.4 pouces,Cuir perforé,Cuir | Multi-fonctions | Avec palettes,Ouvrant | Panoramique,Éléctrique,,,,,
Jeep,Jeep Renegade,Jeep Renegade,,Indisponible,SUV,3 ans ou 100.000 km,5,5,4,Essence,8 CV,140 CH,Automatique,6,Traction,6 L/100 km,Caméra de recul,En aluminium | 17'',Tactile | 7 pouces,Tissu,Cuir | Multi-fonctions,Ouvrant | Panoramique | +6000 DT,Éléctrique,,,,,
Jeep,Jeep Wrangler,Jeep Wrangler,,Sur commande,SUV,3 ans ou 100.000 km,5,3,4,Essence,18 CV,272 CH,Automatique,8,Intégrale,9 L/100 km,Radar de recul | Radar avant | Caméra de recul,En aluminium | 17'',Tactile | 8.4 pouces,Cuir,Cuir | Multi-fonctions,,,,,,,
Jeep,Jeep Wrangler Unlimited,2.0 L Rubicon,375 000 DT,Sur commande,SUV,3 ans ou 100.000 km,5,5,4,Essence,18 CV,272 CH,Automatique,8,Intégrale,9 L/100 km,Radar de recul | Radar avant | Caméra de recul | Caméra avant,En aluminium | 17'',Tactile | 8.4 pouces,Cuir,Cuir | Multi-fonctions,,,,,,,
Jeep,Jeep Wrangler Unlimited,3.6 L V6 Rubicon,405 000 DT,Sur commande,SUV,3 ans ou 100.000 km,5,5,6,Essence,19 CV,284 CH,Automatique,8,Intégrale,11.6 L/100 km,Radar de recul | Radar avant | Caméra de recul | Caméra avant,En aluminium | 17'',Tactile | 8.4 pouces,Cuir,Cuir | Multi-fonctions,,,,,,,
Jetour,Jetour Dashing,Jetour Dashing,,Disponible,SUV,5 ans ou 100000 km,5,5,4,Essence,8 CV,156 CH,Automatique,6,Traction,7.8 L/100 km,Système de caméras 360,En aluminium | 19'',Tactile | 12.8 pouces,Cuir,Cuir | Multi-fonctions,Ouvrant | Panoramique,Éléctrique,Sport | Eco,,,,
Jetour,Jetour X70 Plus,Jetour X70 Plus,,Disponible,SUV,5 ans ou 150000 km,7,5,4,Essence,9 CV,147 CH,Automatique,6,Traction,7.8 L/100 km,Radar de recul | Radar avant | Système de caméras 360,En aluminium | 20'',Tactile | 10.25 pouces,Cuir perforé,Cuir | Multi-fonctions,Ouvrant | Panoramique,,Sport | Eco,,,,
Jetour,Jetour T2,Jetour T2,,Disponible,SUV,5 ans ou 100000 km,5,5,4,Essence,14 CV,254 CH,Automatique,7,Intégrale,8.8 L/100 km,Radar de recul | Radar avant | Système de caméras 360,En aluminium | 20'',Tactile | 15.6 pouces,Cuir,Cuir | Multi-fonctions,Ouvrant | Panoramique,Éléctrique,Normal | Sport | Eco | X Smart | Tout-terrain,,,,
Jmc,JMC Vigus Simple Cabine,JMC Vigus Simple Cabine,,Sur arrivage,Pick up,3 ans ou 100.000 km,2,2,4,Diesel,7 CV,127 CH,Manuelle,5,Propulsion,7.3 L/100 km,,En aluminium | 16'',,Tissu,Multi-fonctions,,,,,,,
Jmc,JMC Vigus Double Cabine,2.5 l Diesel 4x2,82 900 DT,Sur arrivage,Pick up,3 ans ou 100.000 km,5,4,4,Diesel,7 CV,127 CH,Manuelle,5,Propulsion,7.3 L/100 km,Radar de recul,En aluminium | 16'',,Tissu,Multi-fonctions,,,,,,,
Jmc,JMC Vigus Double Cabine,2.5 l Diesel 4x4,93 900 DT,Sur arrivage,Pick up,3 ans ou 100.000 km,5,4,4,Diesel,7 CV,127 CH,Manuelle,5,Intégrale,8 L/100 km,Radar de recul,En aluminium | 16'',,Tissu,Multi-fonctions,,,,,,,
Jmev,JMEV EV3,JMEV EV3,,En pré-commande,Citadine,3 ans ou 100.000 km | Batterie garantie 8 ans ou 150000 km,4,5,,Electrique,2 CV,68 CH,Automatique,,Traction,,Radar de recul | Système de caméras 360,En aluminium | 15'' | Bi-ton,Tactile | 10.1 pouces,Tissu | Bi-ton,Multi-fonctions,,Éléctrique | EPB,Normal | Sport | Eco | i-Pedal,300 km,"10,4 kWh/100 km",9 heures,30 minutes
Jmev,JMEV Elight,JMEV Elight,,En pré-commande,Berline,5 ans ou 150000 km | Batterie garantie 8 ans ou 150000 km,5,4,,Electrique,3 CV,160 CH,Automatique,,Traction,,Radar de recul | Système de caméras 360,En aluminium | 17'',Tactile | 12.3 pouces,Cuir,Multi-fonctions,,Éléctrique | EPB,Normal | Sport | Eco | i-Pedal,460 km,"16,2 kWh/100 km",9 heures,30 minutes
Kia,KIA Picanto Populaire,KIA Picanto Populaire,,Disponible | Sous réserve d'acceptation du dossier par le ministère du commerce,Citadine,5 ans,5,5,3,Essence,4 CV,67 CH,Manuelle,5,Traction,4.8 L/100 km,Radar de recul | Caméra de recul,14'',Tactile | 8 pouces,Tissu,Multi-fonctions,,,,,,,
Kia,KIA Picanto,1.2 L Smart BVM,53 480 DT,Disponible,Citadine,5 ans,5,5,4,Essence,5 CV,84 CH,Manuelle,5,Traction,5.1 L/100 km,Radar de recul | Caméra de recul,En aluminium | 15'',Tactile | 8 pouces,Tissu,Multi-fonctions,,,,,,,
Kia,KIA Picanto,1.2 L Smart BVA,56 980 DT,Disponible,Citadine,5 ans,5,5,4,Essence,4 CV,84 CH,Automatique,5,Traction,4.8 L/100 km,Radar de recul | Caméra de recul,En aluminium | 15'',Tactile | 8 pouces,Tissu,Multi-fonctions,,,,,,,
Kia,KIA Picanto,1.2 L GT-Line BVA,63 480 DT,Disponible,Citadine,5 ans,5,5,4,Essence,4 CV,84 CH,Automatique,5,Traction,4.8 L/100 km,Radar de recul | Caméra de recul,En aluminium | 16'',Tactile | 8 pouces,Cuir artificiel,Multi-fonctions,,,,,,,
Kia,KIA Picanto,1.2 L GT-Line + BVA,66 480 DT,Disponible,Citadine,5 ans,5,5,4,Essence,4 CV,84 CH,Automatique,5,Traction,4.8 L/100 km,Radar de recul | Caméra de recul,En aluminium | 16'',Tactile | 8 pouces,Cuir artificiel,Multi-fonctions,,,,,,,
Kia,KIA Sonet,1.5 L EX BVM,89 480 DT,Disponible,SUV,5 ans,5,5,4,Essence,6 CV,115 CH,Manuelle,6,Traction,6.7 L/100 km,Radar de recul | Caméra de recul,En aluminium | 16'',Tactile | 8 pouces,Tissu | Cuir artificiel,Cuir | Multi-fonctions,,,,,,,
Kia,KIA Sonet,1.5 L CVT EX Plus,95 480 DT,Disponible,SUV,5 ans,5,5,4,Essence,6 CV,115 CH,Automatique,,Traction,6.2 L/100 km,Radar de recul | Radar avant | Caméra de recul,En aluminium | 16'',Tactile | 8 pouces,Tissu | Cuir artificiel,Cuir | Multi-fonctions,,,Confort | Sport | Eco,,,,
Kia,KIA Sonet,1.5 L CVT SX,101 480 DT,Disponible,SUV,5 ans,5,5,4,Essence,6 CV,115 CH,Automatique,,Traction,6.2 L/100 km,Radar de recul | Radar avant | Caméra de recul,En aluminium | 16'',Tactile | 8 pouces,Tissu | Cuir artificiel,Cuir | Multi-fonctions,,,Confort | Sport | Eco,,,,
Kia,KIA Seltos,KIA Seltos,,Disponible,SUV,5 ans,5,5,4,Essence,8 CV,140 CH,Automatique,7,Traction,6.1 L/100 km,Radar de recul | Radar avant | Caméra de recul,En aluminium | 17'',Tactile | 10.25 pouces,Cuir artificiel,Cuir | Multi-fonctions | Avec palettes,Ouvrant | Panoramique,Éléctrique,Confort | Sport | Eco,,,,
Kia,KIA Niro Hybride,1.6 L EX,129 980 DT,Disponible,SUV,5 ans,5,5,4,Essence | Hybride,5 CV,141 CH,Automatique,6,Traction,4 L/100 km,Radar de recul | Radar avant | Caméra de recul,En aluminium | 18'',Tactile | 8 pouces,Cuir/Tissu,Cuir | Multi-fonctions | Avec palettes,,Éléctrique,Sport | Eco,,,,
Kia,KIA Niro Hybride,1.6 L SX,139 980 DT,Disponible,SUV,5 ans,5,5,4,Essence | Hybride,5 CV,141 CH,Automatique,6,Traction,4 L/100 km,Radar de recul | Radar avant | Caméra de recul,En aluminium | 18'',Tactile | 8 pouces,Cuir artificiel,Multi-fonctions | Avec palettes | Cuir artificiel,Ouvrant,Éléctrique,Sport | Eco,,,,
Kia,KIA Sportage,1.6 l T-GDI 7-DCT EX,140 980 DT,Disponible,SUV,5 ans,5,5,4,Essence,10 CV,180 CH,Automatique,7,Traction,6.3 L/100 km,Radar de recul | Radar avant | Caméra de recul,En aluminium | 17'',Tactile | 8 pouces,Cuir/Tissu,Cuir | Chauffant | Multi-fonctions,Ouvrant | Panoramique,Éléctrique,Confort | Sport | Eco,,,,
Kia,KIA Sportage,1.6 l T-GDI 7-DCT SX,152 980 DT,Disponible,SUV,5 ans,5,5,4,Essence,10 CV,180 CH,Automatique,7,Traction,6.3 L/100 km,Radar de recul | Radar avant | Caméra de recul,En aluminium | 19'',Tactile | 8 pouces,Cuir,Cuir | Chauffant | Multi-fonctions,Ouvrant | Panoramique,Éléctrique,Confort | Sport | Eco,,,,
Kia,KIA Sportage Hybride,1.6 l T-GDI 4x2 GT-Line,174 980 DT,Disponible,SUV,5 ans,5,5,4,Essence | Hybride,10 CV,230 CH,Automatique,6,Traction,5.5 L/100 km,Radar de recul | Radar avant | Caméra de recul | Détection du trafic en marche arrière,En aluminium | 18'',Tactile | 12.3 pouces,Cuir | Suède,Cuir | Chauffant | Multi-fonctions | Sport | Avec palettes,Ouvrant | Panoramique,Éléctrique,Sport | Eco,,,,
Kia,KIA Sportage Hybride,1.6 l T-GDI 4x4 GT-Line,189 980 DT,Disponible,SUV,5 ans,5,5,4,Essence | Hybride,10 CV,230 CH,Automatique,6,Intégrale,6.2 L/100 km,Radar de recul | Radar avant | Caméra de recul | Détection du trafic en marche arrière,En aluminium | 18'',Tactile | 12.3 pouces,Cuir | Suède,Cuir | Chauffant | Multi-fonctions | Sport | Avec palettes,Ouvrant | Panoramique,Éléctrique,Sport | Eco,,,,
Kia,KIA EV3,58.3 kWh Air,104 980 DT,Disponible,SUV,5 ans | Batterie garantie 8 ans,5,5,,Electrique,4 CV,204 CH,Automatique,,Traction,,Radar de recul | Radar avant | Caméra de recul,En aluminium | 17'',Tactile | 12.3 pouces,Tissu,Multi-fonctions | Avec palettes | Cuir artificiel,,Éléctrique | EPB,Normal | Sport | Eco,436 km,11.2 kWh/100 km,5 heures,35 minutes
Kia,KIA EV3,81.4 kWh Earth,129 980 DT,Disponible,SUV,5 ans | Batterie garantie 8 ans,5,5,,Electrique,4 CV,204 CH,Automatique,,Traction,,Radar de recul | Radar avant | Caméra de recul,En aluminium | 17'',Tactile | 12.3 pouces,Cuir artificiel,Multi-fonctions | Avec palettes | Cuir artificiel,Ouvrant | Panoramique,Éléctrique | EPB,Normal | Sport | Eco,605 km,11.7 kWh/100 km,7 heures,49 minutes
Kia,KIA EV3,81.4 kWh Earth Plus,139 980 DT,Disponible,SUV,5 ans | Batterie garantie 8 ans,5,5,,Electrique,4 CV,204 CH,Automatique,,Traction,,Radar de recul | Radar avant | Système de caméras 360 | Stationnement intelligent à distance,En aluminium | 19'',Tactile | 12.3 pouces,Cuir artificiel,Chauffant | Multi-fonctions | Avec palettes | Cuir artificiel,Ouvrant | Panoramique,Éléctrique | EPB,Normal | Sport | Eco,563 km,12.4 kWh/100 km,7 heures,49 minutes
Kia,KIA EV3,81.4 kWh GT-Line,149 980 DT,Disponible,SUV,5 ans | Batterie garantie 8 ans,5,5,,Electrique,4 CV,204 CH,Automatique,,Traction,,Radar de recul | Radar avant | Système de caméras 360 | Stationnement intelligent à distance,En aluminium | 19'',Tactile | 12.3 pouces,Cuir artificiel,Chauffant | Multi-fonctions | Avec palettes | Cuir artificiel,Ouvrant | Panoramique,Éléctrique | EPB,Normal | Sport | Eco,563 km,12.4 kWh/100 km,7 heures,49 minutes
Kia,KIA EV6,Standard Range GT-Line,179 980 DT,Disponible,SUV,5 ans | Batterie garantie 8 ans,5,5,,Electrique,3 CV,170 CH,Automatique,,Propulsion,,Radar de recul | Radar avant | Système de caméras 360 | Détection du trafic en marche arrière | Stationnement intelligent à distance,En aluminium | 19'' | Bi-ton,Tactile | 12.3 pouces,Suédine | Cuir artificiel,Chauffant | Multi-fonctions | Avec palettes | Cuir artificiel,Ouvrant | En verre,Éléctrique | EPB,Normal | Sport | Eco,394 km,16.6 kWh/100 km,6 heures,18 minutes
Kia,KIA EV6,Long Range GT-Line,199 980 DT,Disponible,SUV,5 ans | Batterie garantie 8 ans,5,5,,Electrique,4 CV,229 CH,Automatique,,Propulsion,,Radar de recul | Radar avant | Système de caméras 360 | Détection du trafic en marche arrière | Stationnement intelligent à distance,En aluminium | 20'' | Bi-ton,Tactile | 12.3 pouces,Suédine | Cuir artificiel,Chauffant | Multi-fonctions | Avec palettes | Cuir artificiel,Ouvrant | En verre,Éléctrique | EPB,Normal | Sport | Eco,504 km,17.2 kWh/100 km,7.4 heures,18 minutes
Kia,KIA EV6,Dual Power 4WD GT-Line,239 980 DT,Disponible,SUV,5 ans | Batterie garantie 8 ans,5,5,,Electrique,6 CV,325 CH,Automatique,,Intégrale,,Radar de recul | Radar avant | Système de caméras 360 | Détection du trafic en marche arrière | Stationnement intelligent à distance,En aluminium | 20'' | Bi-ton,Tactile | 12.3 pouces,Suédine | Cuir artificiel,Chauffant | Multi-fonctions | Avec palettes | Cuir artificiel,Ouvrant | En verre,Éléctrique | EPB,Normal | Sport | Eco,484 km,18 kWh/100 km,7.4 heures,18 minutes
Kia,KIA EV6 GT,KIA EV6 GT,,En pré-commande,SUV,5 ans | Batterie garantie 8 ans,5,5,,Electrique,11 CV,585 CH,Automatique,,Intégrale,,Radar de recul | Radar avant | Système de caméras 360 | Détection du trafic en marche arrière | Stationnement intelligent à distance,En aluminium | 21'' | Bi-ton,Tactile | 12.3 pouces,Suédine | Cuir artificiel,Chauffant | Multi-fonctions | Avec palettes | Cuir artificiel,Ouvrant | En verre,Éléctrique | EPB,Normal | Eco | GT,424 km,20.6 kWh/100 km,7.3 heures,18 minutes
Kia,KIA EV9,99.8 kWh GT-Line 7 places,299 980 DT,Disponible,SUV,5 ans | Batterie garantie 8 ans,7,5,,Electrique,7 CV,385 CH,Automatique,,Intégrale,,Radar de recul | Radar avant | Système de caméras 360 | Détection du trafic en marche arrière | Stationnement intelligent à distance,En aluminium | 21'',Tactile | 12.3 pouces,Cuir artificiel,Chauffant | Multi-fonctions | Réglage électrique | Avec palettes | Cuir artificiel,Ouvrant | Panoramique,Éléctrique | EPB,Normal | Sport | Eco,485 km,22.8 kWh/100 km,7.4 heures,18 minutes
Kia,KIA EV9,99.8 kWh GT-Line 6 places,304 980 DT,Disponible,SUV,5 ans | Batterie garantie 8 ans,6,5,,Electrique,7 CV,385 CH,Automatique,,Intégrale,,Radar de recul | Radar avant | Système de caméras 360 | Détection du trafic en marche arrière | Stationnement intelligent à distance,En aluminium | 21'',Tactile | 12.3 pouces,Cuir artificiel,Chauffant | Multi-fonctions | Réglage électrique | Avec palettes | Cuir artificiel,Ouvrant | Panoramique,Éléctrique | EPB,Normal | Sport | Eco,485 km,22.8 kWh/100 km,7.4 heures,18 minutes
Kia,KIA Sorento Hybride,KIA Sorento Hybride,,Sur arrivage,SUV,5 ans,7,5,4,Essence | Hybride,10 CV,235 CH,Automatique,6,Intégrale,6.1 L/100 km,Radar de recul | Radar avant | Système de caméras 360 | Détection du trafic en marche arrière | Stationnement intelligent à distance,En aluminium | 19'',Tactile | 12.3 pouces,Cuir | Nappa,Cuir | Chauffant | Multi-fonctions | Réglage électrique | Avec palettes,Ouvrant | Panoramique | En verre,Éléctrique | EPB,Sport | Eco | Smart | Boue | Sable | Neige,,,,
Land-Rover,Discovery Sport,Discovery Sport,,Disponible,SUV,5 ans ou 150000 km,5,5,3,Essence | Hybride rechargeable,11 CV,309 CH,Automatique,8,Intégrale,1.6 L/100 km,Caméra de recul,En aluminium | 19'',Tactile | 13.1 pouces,Cuir | Ebony,Multi-fonctions | Réglage électrique,,Éléctrique,,62 km,,2.1 heures,
Land-Rover,Defender 110,2.0 L P400e PHEV S,299 000 DT,Sur commande,SUV,5 ans ou 150000 km,5,5,4,Essence | Hybride rechargeable,19 CV,404 CH,Automatique,8,Intégrale,3.1 L/100 km,,En aluminium | 19'',Tactile | 13.1 pouces,Ebony | Resist,Multi-fonctions | Dinamica,,Éléctrique,,44 km,,2 heures,
Land-Rover,Defender 110,2.0 L P400e PHEV X-Dynamic SE,319 800 DT,Sur commande,SUV,5 ans ou 150000 km,5,5,4,Essence | Hybride rechargeable,19 CV,404 CH,Automatique,8,Intégrale,3.1 L/100 km,,En aluminium | 20'',Tactile | 13.1 pouces,Ebony | Resist,Multi-fonctions | Dinamica,,Éléctrique,,44 km,,2 heures,
Land-Rover,Defender 110,2.0 L P400e PHEV X-Dynamic HSE,339 000 DT,Sur commande,SUV,5 ans ou 150000 km,5,5,4,Essence | Hybride rechargeable,19 CV,404 CH,Automatique,8,Intégrale,3.1 L/100 km,,En aluminium | 20'',Tactile | 13.1 pouces,Windsor | Ebony | Cuir étendu,Cuir | Multi-fonctions | Réglage électrique,,Éléctrique,,44 km,,2 heures,
Land-Rover,Defender 110,2.0 L P400e PHEV X,365 000 DT,Sur commande,SUV,5 ans ou 150000 km,5,5,4,Essence | Hybride rechargeable,19 CV,404 CH,Automatique,8,Intégrale,3.1 L/100 km,Détection du trafic en marche arrière,"En aluminium | 22""",Tactile | 13.1 pouces,Cuir | Windsor | Ebony | Kvadrat,Cuir | Multi-fonctions | Réglage électrique,Ouvrant | Panoramique,Éléctrique,,44 km,,2 heures,
Land-Rover,Defender 110,3.0 L P400 X-Dynamic SE,551 000 DT,Disponible,SUV,5 ans ou 150000 km,5,5,4,Essence | Hybride léger,29 CV,400 CH,Automatique,8,Intégrale,10.7 L/100 km,Détection du trafic en marche arrière | Caméra panoramique 3D | Détecteurs d'obstacles à 360°,En aluminium | 19'',Tactile | 11.4 pouces,Ebony | Resist,Multi-fonctions | Dinamica,Ouvrant | Panoramique,Éléctrique,,,,,
Land-Rover,Range Rover Evoque,1.5 l P300e PHEV S,225 000 DT,Sur commande,SUV,5 ans ou 150000 km,5,5,3,Essence | Hybride rechargeable,11 CV,309 CH,Automatique,8,Intégrale,1.4 L/100 km,Radar de recul | Radar avant | Caméra de recul,En aluminium | 18'',Tactile | 11.4 pouces,Ebony | Cuir grainé,Multi-fonctions | Avec palettes,,Éléctrique,,66 km,,2.1 heures,
Land-Rover,Range Rover Evoque,1.5 l P300e PHEV Dynamic SE,239 000 DT,Sur commande,SUV,5 ans ou 150000 km,5,5,3,Essence | Hybride rechargeable,11 CV,309 CH,Automatique,8,Intégrale,1.4 L/100 km,Radar de recul | Radar avant | Détection du trafic en marche arrière | Caméra panoramique 3D,En aluminium | 19'',Tactile | 11.4 pouces,Dynamic | Ebony | Cuir grainé,Multi-fonctions | Avec palettes,,Éléctrique,,66 km,,2.1 heures,
Land-Rover,Range Rover Evoque,2.0 l D163 Dynamic SE +,367 000 DT,Sur commande,SUV,5 ans ou 150000 km,5,5,4,Diesel,8 CV,163 CH,Automatique,9,Intégrale,5.4 L/100 km,Radar de recul | Radar avant | Caméra de recul | Détection du trafic en marche arrière,En aluminium | 19'',Tactile | 11.4 pouces,Cuir | Ebony,Multi-fonctions | Avec palettes,Ouvrant | Panoramique,Éléctrique,,,,,
Land-Rover,Range Rover Velar,Range Rover Velar,,Sur commande,SUV,5 ans ou 150000 km,5,5,4,Essence,15 CV,250 CH,Automatique,8,Intégrale,7.7 L/100 km,Radar de recul | Radar avant | Détection du trafic en marche arrière | Caméra panoramique 3D,En aluminium | 20'',Tactile,Cuir | Ebony,Multi-fonctions,Panoramique,Éléctrique,,,,,
Land-Rover,Range Rover Sport,3.0 L P460 PHEV S,399 000 DT,Sur commande,SUV,5 ans ou 150000 km,5,5,6,Essence | Hybride rechargeable,25 CV,460 CH,Automatique,8,Intégrale,0.8 L/100 km,Radar de recul | Radar avant | Détection du trafic en marche arrière | Caméra panoramique 3D,En aluminium | 20'',Tactile | 13.1 pouces,Ebony | Cuir grainé,Cuir | Multi-fonctions | Avec palettes,,Éléctrique,,123 km,,,
Land-Rover,Range Rover Sport,3.0 L P460 PHEV SE,424 900 DT,Sur commande,SUV,5 ans ou 150000 km,5,5,6,Essence | Hybride rechargeable,25 CV,460 CH,Automatique,8,Intégrale,0.8 L/100 km,Radar de recul | Radar avant | Détection du trafic en marche arrière | Caméra panoramique 3D,En aluminium | 21'',Tactile | 13.1 pouces,Cuir perforé | Windsor | Ebony | Cuir étendu,Cuir | Multi-fonctions | Avec palettes,,Éléctrique,,123 km,,,
Land-Rover,Range Rover Sport,3.0 L P460 PHEV Dynamic SE,437 500 DT,Sur commande,SUV,5 ans ou 150000 km,5,5,6,Essence | Hybride rechargeable,25 CV,460 CH,Automatique,8,Intégrale,0.8 L/100 km,Radar de recul | Radar avant | Détection du trafic en marche arrière | Caméra panoramique 3D,En aluminium | 21'',Tactile | 13.1 pouces,Cuir perforé | Windsor | Ebony | Cuir étendu,Cuir | Multi-fonctions | Avec palettes,,Éléctrique,,123 km,,,
Land-Rover,Range Rover Sport,3.0 L P460 PHEV Dynamic HSE,469 900 DT,Sur commande,SUV,5 ans ou 150000 km,5,5,6,Essence | Hybride rechargeable,25 CV,460 CH,Automatique,8,Intégrale,0.8 L/100 km,Radar de recul | Radar avant | Parkassist | Détection du trafic en marche arrière | Caméra panoramique 3D,"En aluminium | 22""",Tactile | 13.1 pouces,Cuir perforé | Semi aniline | Ebony | Cuir étendu,Cuir | Multi-fonctions | Avec palettes,,Éléctrique,,123 km,,,
Land-Rover,Range Rover Sport,3.0 L P460 PHEV Autobiography,501 000 DT,Sur commande,SUV,5 ans ou 150000 km,5,5,6,Essence | Hybride rechargeable,25 CV,460 CH,Automatique,8,Intégrale,0.8 L/100 km,Radar de recul | Radar avant | Parkassist | Détection du trafic en marche arrière | Caméra panoramique 3D,"En aluminium | 22""",Tactile | 13.1 pouces,Cuir perforé | Semi aniline | Ebony | Cuir étendu,Cuir | Multi-fonctions | Avec palettes,,Éléctrique,,123 km,,,
Land-Rover,Range Rover,Range Rover,,Sur commande,SUV,5 ans ou 150000 km,5,5,6,Essence | Hybride rechargeable,28 CV,460 CH,Automatique,8,Intégrale,0.8 L/100 km,Radar de recul | Radar avant | Parkassist | Détection du trafic en marche arrière | Caméra panoramique 3D,En aluminium | 21'',Tactile | 13.1 pouces,Cuir perforé | Windsor | Ebony | Cuir étendu,Multi-fonctions | Cuir pleine fleur,Panoramique,Éléctrique,,121 km,,,
Lynk-Co,Lynk & Co 01,Lynk & Co 01,,En pré-commande,SUV,5 ans ou 150000 km | Batterie garantie 8 ans ou 200.000 km,5,5,4,Essence | Hybride rechargeable,7 CV,276 CH,Automatique,,Traction,0.9 L/100 km,Radar de recul | Radar avant | Système de caméras 540°,En aluminium | 19'',Tactile | 15.4 pouces,Similicuir,Similicuir | Chauffant | Multi-fonctions,Ouvrant | Panoramique,Éléctrique | EPB,Power | Pure | Hybride,75 km,,2.1 heures,
Lynk-Co,Lynk & Co 02,Lynk & Co 02,,En pré-commande,SUV,5 ans ou 150000 km | Batterie garantie 8 ans ou 200.000 km,5,5,,Electrique,5 CV,272 CH,Automatique,,Propulsion,,Radar de recul | Radar avant | Système de caméras 360,En aluminium | 19'',Tactile | 15.4 pouces,Similicuir,Similicuir | Multi-fonctions,Panoramique,Éléctrique | EPB,Confort | Sport | Eco,435 km,17.6 kWh/100 km,4.2 heures,31 minutes
Lynk-Co,Lynk & Co 08,Lynk & Co 08,,En pré-commande,SUV,5 ans ou 150000 km | Batterie garantie 8 ans ou 150000 km,5,5,4,Essence | Hybride rechargeable,7 CV,345 CH,Automatique,,Traction,0.9 L/100 km,Radar de recul | Radar avant | Système de caméras 540°,En aluminium | 19'',Tactile | 15.4 pouces,Cuir | Nappa,Similicuir | Chauffant | Multi-fonctions,Ouvrant | Panoramique,Éléctrique | EPB,Power | Pure | Hybride,200 km,,2.52 heures,33 minutes
Mahindra,Mahindra KUV 100,Mahindra KUV 100,,Disponible,SUV,3 ans,5,5,3,Essence,5 CV,82 CH,Manuelle,5,Traction,5.4 L/100 km,Radar de recul,En aluminium | 15'',Tactile | 7 pouces,Tissu,,,,,,,,
Mahindra,Mahindra XUV 3XO,1.2 L  Turbo MX3,56 800 DT,Disponible,SUV,5 ans ou 150000 km,5,5,3,Essence,6 CV,110 CH,Manuelle,6,Traction,5.9 L/100 km,Radar de recul | Caméra de recul,En aluminium | 16'',Tactile | 10.25 pouces,Tissu,Multi-fonctions,Ouvrant,,Normal | Confort | Sport,,,,
Mahindra,Mahindra XUV 3XO,1.2 L  Turbo AX5,60 800 DT,Disponible,SUV,5 ans ou 150000 km,5,5,3,Essence,6 CV,110 CH,Manuelle,6,Traction,5.9 L/100 km,Radar de recul | Caméra de recul,En aluminium | 16'',Tactile | 10.25 pouces,Tissu,Cuir | Multi-fonctions,Ouvrant,,Normal | Confort | Sport,,,,
Mahindra,Mahindra XUV 3XO,1.2 L  Turbo AX5 BVA,65 800 DT,Disponible,SUV,5 ans ou 150000 km,5,5,3,Essence,6 CV,110 CH,Automatique,6,Traction,5.9 L/100 km,Radar de recul | Caméra de recul,En aluminium | 16'',Tactile | 10.25 pouces,Tissu,Cuir | Multi-fonctions,Ouvrant,,Normal | Confort | Sport,,,,
Mahindra,Mahindra XUV 3XO,1.2 L  Turbo AX7 Luxury BVA,73 800 DT,Disponible,SUV,5 ans ou 150000 km,5,5,3,Essence,6 CV,110 CH,Automatique,6,Traction,5.9 L/100 km,Radar de recul | Radar avant | Système de caméras 360,En aluminium | 17'',Tactile | 10.25 pouces,Similicuir,Cuir | Multi-fonctions,Ouvrant | Panoramique,Éléctrique,Normal | Confort | Sport,,,,
Mahindra,Mahindra XUV 300,1.2 L W8,59 500 DT,Disponible,SUV,3 ans,5,5,3,Essence,6 CV,110 CH,Manuelle,6,Traction,5.9 L/100 km,Radar de recul | Caméra de recul,En aluminium | 16'',Tactile | 7 pouces,Tissu,Cuir | Multi-fonctions | Sport,,,Normal | Confort | Sport,,,,
Mahindra,Mahindra XUV 300,1.2 L W8.0,64 500 DT,Disponible,SUV,3 ans,5,5,3,Essence,6 CV,110 CH,Manuelle,6,Traction,5.9 L/100 km,Radar de recul | Radar avant | Caméra de recul,En aluminium | 16'',Tactile | 7 pouces,Cuir,Cuir | Multi-fonctions | Sport,Ouvrant,,Normal | Confort | Sport,,,,
Mahindra,Mahindra Pick-up SC,Mahindra Pick-up SC,,Disponible,Pick up,5 ans ou 100000 km,2,2,4,Diesel,7 CV,140 CH,Manuelle,6,Intégrale,7.9 L/100 km,,16'',,Tissu,,,,,,,,
Mahindra,Mahindra Pick-up DC,2.2 l Diesel 4x2,69 900 DT,Disponible,Pick up,5 ans,5,4,4,Diesel,7 CV,140 CH,Manuelle,6,Propulsion,8.8 L/100 km,,En aluminium | 16'',,Tissu,,,,,,,,
Mahindra,Mahindra Pick-up DC,2.2 l Diesel 4x4,76 900 DT,Disponible,Pick up,5 ans,5,4,4,Diesel,7 CV,140 CH,Manuelle,6,Intégrale,8.8 L/100 km,,16'' | Enjoliveurs,,Tissu,,,,,,,,
Mercedes-Benz,Mercedes-Benz Classe A,200 Progressive,154 000 DT,Disponible,Compacte,2 ans,5,5,4,Essence,9 CV,163 CH,Automatique,7,Traction,6 L/100 km,Radar de recul | Radar avant | Caméra de recul | Parktronic,En aluminium | 17'',Tactile | 10.25 pouces,Similicuir/Tissu,Cuir | Multi-fonctions | 4 branches | Avec palettes,,Éléctrique,Confort | Sport | Eco | Individual,,,,
Mercedes-Benz,Mercedes-Benz Classe A,200 Premium,167 000 DT,Disponible,Compacte,2 ans,5,5,4,Essence,9 CV,163 CH,Automatique,7,Traction,6 L/100 km,Radar de recul | Radar avant | Caméra de recul | Parktronic,En aluminium | 17'',Tactile | 10.25 pouces,Similicuir Artico,Cuir | Multi-fonctions | 4 branches | Avec palettes,,Éléctrique,Confort | Sport | Eco | Individual,,,,
Mercedes-Benz,Mercedes-Benz Classe A,200 AMG,179 000 DT,Disponible,Compacte,2 ans,5,5,4,Essence,9 CV,163 CH,Automatique,7,Traction,6 L/100 km,Radar de recul | Radar avant | Caméra de recul | Parktronic,En aluminium | 18'',Tactile | 10.25 pouces,Similicuir Artico/Microfibre,Cuir | Multi-fonctions | Sport | à méplat | Avec palettes | 6 branches,,Éléctrique,Confort | Sport | Eco | Individual,,,,
Mercedes-Benz,Mercedes-Benz Classe A Berline,200 Premium,167 000 DT,Disponible,Berline,2 ans,5,5,4,Essence,9 CV,163 CH,Automatique,7,Traction,6 L/100 km,Radar de recul | Radar avant | Caméra de recul | Parktronic,En aluminium | 17'',Tactile | 10.25 pouces,Similicuir Artico,Cuir | Multi-fonctions | 4 branches | Avec palettes,,Éléctrique,Confort | Sport | Eco | Individual,,,,
Mercedes-Benz,Mercedes-Benz Classe A Berline,200 AMG,180 000 DT,Disponible,Berline,2 ans,5,5,4,Essence,9 CV,163 CH,Automatique,7,Traction,6 L/100 km,Radar de recul | Radar avant | Caméra de recul | Parktronic,En aluminium | 18'',Tactile | 10.25 pouces,Similicuir Artico/Microfibre,Cuir | Multi-fonctions | Sport | à méplat | Avec palettes | 6 branches,,Éléctrique,Confort | Sport | Eco | Individual,,,,
Mercedes-Benz,Mercedes-Benz CLA,200 Progressive,186 900 DT,Disponible,Berline,2 ans,5,4,4,Essence,9 CV,163 CH,Automatique,7,Traction,7 L/100 km,Radar de recul | Radar avant | Caméra de recul,En aluminium | 18'',Tactile | 10.25 pouces,Similicuir Artico,Cuir | Multi-fonctions | Avec palettes,,Éléctrique,,,,,
Mercedes-Benz,Mercedes-Benz CLA,200 AMG,204 900 DT,Disponible,Berline,2 ans,5,4,4,Essence,9 CV,163 CH,Automatique,7,Traction,7 L/100 km,Radar de recul | Radar avant | Caméra de recul,En aluminium | 18'',Tactile | 10.25 pouces,Similicuir Artico/Microfibre,Cuir | Multi-fonctions | Avec palettes,Ouvrant | Panoramique,Éléctrique,,,,,
Mercedes-Benz,Mercedes-Benz Classe C,180 Avantgarde,209 900 DT,Disponible,Berline,2 ans,5,4,4,Essence | Hybride léger,9 CV,170 CH,Automatique,9,Propulsion,6.2 L/100 km,Radar de recul | Radar avant | Caméra de recul | Parkassist,En aluminium | 17'',11.9 pouces | Vertical | Tactile avec retour haptique,Similicuir/Tissu,Cuir | Multi-fonctions,,Éléctrique,Confort | Sport | Eco | Sport Plus,,,,
Mercedes-Benz,Mercedes-Benz Classe C,180 Premium,239 900 DT,Disponible,Berline,2 ans,5,4,4,Essence | Hybride léger,9 CV,170 CH,Automatique,9,Propulsion,6.2 L/100 km,Radar de recul | Radar avant | Système de caméras 360 | Parkassist,En aluminium | 17'',11.9 pouces | Vertical | Tactile avec retour haptique,Similicuir,Cuir | Multi-fonctions | Avec palettes,Ouvrant | Panoramique,Éléctrique,Confort | Sport | Eco | Sport Plus,,,,
Mercedes-Benz,Mercedes-Benz Classe C,180 AMG,241 900 DT,Disponible,Berline,2 ans,5,4,4,Essence | Hybride léger,9 CV,170 CH,Automatique,9,Propulsion,6.2 L/100 km,Radar de recul | Radar avant | Caméra de recul | Parkassist,En aluminium | 18'',11.9 pouces | Vertical | Tactile avec retour haptique,Similicuir,Cuir Nappa | Multi-fonctions | Sport | à méplat | Avec palettes,Ouvrant | Panoramique,Éléctrique,Confort | Sport | Eco | Sport Plus,,,,
Mercedes-Benz,Mercedes-Benz Classe C,180 AMG +,259 900 DT,Disponible,Berline,2 ans,5,4,4,Essence | Hybride léger,9 CV,170 CH,Automatique,9,Propulsion,6.2 L/100 km,Radar de recul | Radar avant | Système de caméras 360 | Parkassist | Caméra panoramique 3D,En aluminium | 19'',11.9 pouces | Vertical | Tactile avec retour haptique,Similicuir,Cuir Nappa | Multi-fonctions | Sport | à méplat | Avec palettes,Ouvrant | Panoramique,Éléctrique,Confort | Sport | Eco | Sport Plus,,,,
Mercedes-Benz,Mercedes-Benz Classe C Plug-in Hybride,350e Avantgarde,239 900 DT,Disponible,Berline,2 ans,5,4,4,Essence | Hybride rechargeable,12 CV,313 CH,Automatique,9,Propulsion,1.5 L/100 km,Radar de recul | Radar avant | Système de caméras 360 | Parkassist | Caméra panoramique 3D,En aluminium | 17'',11.9 pouces | Vertical | Tactile avec retour haptique,Similicuir,Cuir | Multi-fonctions | Avec palettes,,Éléctrique,Confort | Sport | Eco | Sport Plus,115 km,19.3 kWh/100 km,2 heures,20 minutes
Mercedes-Benz,Mercedes-Benz Classe C Plug-in Hybride,350e Premium,259 900 DT,Disponible,Berline,2 ans,5,4,4,Essence | Hybride rechargeable,12 CV,313 CH,Automatique,9,Propulsion,1.5 L/100 km,Radar de recul | Radar avant | Système de caméras 360 | Parkassist | Caméra panoramique 3D,En aluminium | 17'',11.9 pouces | Vertical | Tactile avec retour haptique,Similicuir,Cuir Nappa | Multi-fonctions | Sport | à méplat | Avec palettes,Ouvrant | Panoramique,Éléctrique,Confort | Sport | Eco | Sport Plus,115 km,19.3 kWh/100 km,2 heures,20 minutes
Mercedes-Benz,Mercedes-Benz Classe C Plug-in Hybride,350e AMG,262 900 DT,Disponible,Berline,2 ans,5,4,4,Essence | Hybride rechargeable,12 CV,313 CH,Automatique,9,Propulsion,1.5 L/100 km,Radar de recul | Radar avant | Système de caméras 360 | Parkassist | Caméra panoramique 3D,En aluminium | 18'',11.9 pouces | Vertical | Tactile avec retour haptique,Similicuir,Cuir Nappa | Multi-fonctions | Sport | à méplat | Avec palettes,Ouvrant | Panoramique,Éléctrique,Confort | Sport | Eco | Sport Plus,115 km,19.3 kWh/100 km,2 heures,20 minutes
Mercedes-Benz,Mercedes-Benz Classe C Plug-in Hybride,350e AMG +,270 900 DT,Disponible,Berline,2 ans,5,4,4,Essence | Hybride rechargeable,12 CV,313 CH,Automatique,9,Propulsion,1.5 L/100 km,Radar de recul | Radar avant | Système de caméras 360 | Parkassist | Caméra panoramique 3D,En aluminium | 18'',11.9 pouces | Vertical | Tactile avec retour haptique,Similicuir,Cuir Nappa | Multi-fonctions | Sport | à méplat | Avec palettes,Ouvrant | Panoramique,Éléctrique,Confort | Sport | Eco | Sport Plus,115 km,19.3 kWh/100 km,2 heures,20 minutes
Mercedes-Benz,Mercedes-Benz CLE Coupé,Mercedes-Benz CLE Coupé,,Disponible,Coupé,2 ans,4,2,4,Essence | Hybride léger,12 CV,204 CH,Automatique,9,Propulsion,8 L/100 km,Radar de recul | Radar avant | Caméra de recul | Parkassist,En aluminium | 19'',11.9 pouces | Vertical | Tactile avec retour haptique,Similicuir,Cuir Nappa | Multi-fonctions | Sport | à méplat | Avec palettes,Ouvrant | Panoramique,Éléctrique,Confort | Sport | Eco | Sport Plus,,,,
Mercedes-Benz,Mercedes-Benz Classe E,200 Avantgarde,309 900 DT,Disponible,Berline,2 ans,5,4,4,Essence | Hybride léger,12 CV,204 CH,Automatique,9,Propulsion,8 L/100 km,Radar de recul | Radar avant | Parkassist | Caméra panoramique 3D,En aluminium | 18'',Tactile | 14.4,Similicuir,Cuir | Multi-fonctions,,Éléctrique,Confort | Sport | Eco | Sport Plus,,,,
Mercedes-Benz,Mercedes-Benz Classe E,200 Exclusive,314 900 DT,Disponible,Berline,2 ans,5,4,4,Essence | Hybride léger,12 CV,204 CH,Automatique,9,Propulsion,8 L/100 km,Radar de recul | Radar avant | Parkassist | Caméra panoramique 3D,En aluminium | 18'',Tactile | 14.4,Similicuir,Cuir | Multi-fonctions,,Éléctrique,Confort | Sport | Eco | Sport Plus,,,,
Mercedes-Benz,Mercedes-Benz Classe E,200 AMG,329 900 DT,Disponible,Berline,2 ans,5,4,4,Essence | Hybride léger,12 CV,204 CH,Automatique,9,Propulsion,8 L/100 km,Radar de recul | Radar avant | Parkassist | Caméra panoramique 3D,En aluminium | 19'',Tactile | 14.4,Similicuir/Microfibre,Cuir | Multi-fonctions,Ouvrant | Panoramique,Éléctrique,Confort | Sport | Eco | Sport Plus,,,,
Mercedes-Benz,Mercedes-Benz EQE Berline,Mercedes-Benz EQE Berline,,Disponible,Berline,2 ans | Batterie garantie 10 ans,5,4,,Electrique,8 CV,265 CH,Automatique,,Propulsion,,Radar de recul | Radar avant | Parkassist | Caméra panoramique 3D,En aluminium | 19'',Tactile | 17.7 pouces,Cuir,Cuir Nappa | Multi-fonctions | Sport | Avec palettes,Ouvrant | Panoramique,Éléctrique,Confort | Sport | Eco | Sport Plus,635 km,15.8 kWh/100 km,8 heures,32 minutes
Mercedes-Benz,Mercedes-Benz EQS Berline,Mercedes-Benz EQS Berline,,Disponible,Berline,2 ans | Batterie garantie 10 ans,5,4,,Electrique,10 CV,360 CH,Automatique,,Intégrale,,Radar de recul | Radar avant | Parktronic | Caméra panoramique 3D,En aluminium | 21'',Tactile | 17.7 pouces,Cuir | Nappa,Cuir Nappa | Multi-fonctions | Sport | Avec palettes,Ouvrant | Panoramique,Éléctrique,Confort | Sport | Eco | Sport Plus,789 km,17.2 kWh/100 km,12.25 heures,31 minutes
Mercedes-Benz,Mercedes-Benz Classe S,Mercedes-Benz Classe S,,Sur commande,Berline,2 ans,5,4,6,Essence | Hybride léger,27 CV,381 CH,Automatique,9,Intégrale,8.4 L/100 km,Radar de recul | Radar avant | Système de caméras 360 | Parktronic,En aluminium | 18'',Tactile,Cuir,Cuir Nappa | Multi-fonctions | Sport,,Éléctrique,,,,,
Mercedes-Benz,Mercedes-Benz GLA,200 Progressive,189 900 DT,Disponible,SUV,2 ans,5,5,4,Essence,9 CV,163 CH,Automatique,7,Traction,7 L/100 km,Radar de recul | Radar avant | Caméra de recul | Parkassist,En aluminium | 18'',Tactile | 10.25 pouces,Similicuir,Multi-fonctions | Avec palettes,,Éléctrique,Confort | Sport | Eco,,,,
Mercedes-Benz,Mercedes-Benz GLA,200 AMG,209 900 DT,Disponible,SUV,2 ans,5,5,4,Essence,9 CV,163 CH,Automatique,7,Traction,7 L/100 km,Radar de recul | Radar avant | Caméra de recul | Parkassist,En aluminium | 19'',Tactile | 10.25 pouces,Dinamica | Similicuir,Cuir Nappa | Multi-fonctions | Sport | à méplat | Avec palettes | 3 branches doubles,Ouvrant | Panoramique,Éléctrique,Confort | Sport | Eco,,,,
Mercedes-Benz,Mercedes-Benz GLB,Mercedes-Benz GLB,,Disponible,SUV,2 ans,5,5,4,Essence,9 CV,163 CH,Automatique,7,Traction,6.2 L/100 km,Radar de recul | Radar avant | Caméra de recul | Parkassist,En aluminium | 19'',Tactile | 10.1 pouces,Similicuir,Multi-fonctions | Avec palettes,Ouvrant | Panoramique,Éléctrique,Confort | Sport | Eco,,,,
Mercedes-Benz,Mercedes-Benz EQB,Mercedes-Benz EQB,,Disponible,SUV,2 ans | Batterie garantie 8 ans,5,5,,Electrique,N.C. CV,190 CH,Automatique,,Traction,,Radar de recul | Radar avant | Parktronic | Caméra panoramique 3D,En aluminium | 18'',Tactile | 10.25 pouces,Similicuir Artico/Microfibre,Cuir Nappa | Multi-fonctions | Sport | Avec palettes,Ouvrant | Panoramique,Éléctrique,Confort | Sport | Eco | Sport Plus,518 km,15.7 kWh/100 km,7.25 heures,35 minutes
Mercedes-Benz,Mercedes-Benz GLC,200 4Matic Avantgarde,289 900 DT,Disponible,SUV,2 ans,5,5,4,Essence | Hybride léger,12 CV,204 CH,Automatique,9,Intégrale,6.8 L/100 km,Radar de recul | Radar avant | Caméra de recul | Parktronic,En aluminium | 18'',Tactile | 11.9 pouces,Similicuir,Cuir | 3 branches | Multi-fonctions | Avec palettes,Ouvrant | Panoramique,Éléctrique,Confort | Sport | Eco | Offroad,,,,
Mercedes-Benz,Mercedes-Benz GLC,200 4Matic AMG,328 900 DT,Disponible,SUV,2 ans,5,5,4,Essence | Hybride léger,12 CV,204 CH,Automatique,9,Intégrale,6.8 L/100 km,Radar de recul | Radar avant | Caméra de recul | Parktronic,En aluminium | 19'',Tactile | 11.9 pouces,Similicuir,Cuir | 3 branches | Multi-fonctions | Sport | à méplat | Avec palettes,Ouvrant | Panoramique,Éléctrique,Confort | Sport | Eco | Offroad,,,,
Mercedes-Benz,Mercedes-Benz GLC Plug-in Hybride,Mercedes-Benz GLC Plug-in Hybride,,Disponible,SUV,2 ans,5,5,4,Essence | Hybride rechargeable,9 CV,313 CH,Automatique,9,Intégrale,1.5 L/100 km,Radar de recul | Radar avant | Système de caméras 360 | Parktronic | Caméra panoramique 3D,En aluminium | 19'',Tactile | 11.9 pouces,Similicuir,Cuir | 3 branches | Multi-fonctions | Sport | à méplat | Avec palettes,Ouvrant | Panoramique,Éléctrique,Confort | Sport | Eco | Offroad,,,,
Mercedes-Benz,Mercedes-Benz GLC Coupé,Mercedes-Benz GLC Coupé,,Disponible,SUV,2 ans,5,5,4,Essence | Hybride léger,12 CV,204 CH,Automatique,9,Intégrale,9 L/100 km,Radar de recul | Radar avant | Caméra de recul | Parktronic,En aluminium | 19'',Tactile | 11.9 pouces,Similicuir,Cuir | 3 branches | Multi-fonctions | Sport | à méplat | Avec palettes,Ouvrant | Panoramique,Éléctrique,Confort | Sport | Eco,,,,
Mercedes-Benz,Mercedes-Benz GLC Coupé Plug-in Hybride,Mercedes-Benz GLC Coupé Plug-in Hybride,,Sur arrivage,SUV,2 ans,5,5,4,Essence | Hybride rechargeable,11 CV,313 CH,Automatique,9,Intégrale,1.5 L/100 km,Radar de recul | Radar avant | Système de caméras 360 | Parktronic | Caméra panoramique 3D,En aluminium | 19'',Tactile | 11.9 pouces,Similicuir,Cuir | 3 branches | Multi-fonctions | Sport | à méplat | Avec palettes,Ouvrant | Panoramique,Éléctrique,Confort | Sport | Eco | Offroad,,,,
Mercedes-Benz,Mercedes-Benz EQE SUV,Mercedes-Benz EQE SUV,,Disponible,SUV,2 ans | Batterie garantie 10 ans,5,5,,Electrique,10 CV,292 CH,Automatique,,Intégrale,,Radar de recul | Radar avant | Parktronic | Caméra panoramique 3D,En aluminium | 21'',Tactile | 17.7 pouces | Hyperscreen,Cuir | Nappa,Cuir Nappa | Multi-fonctions | Sport | Avec palettes,Ouvrant | Panoramique,Éléctrique,Confort | Sport | Eco | Sport Plus,556 km,18.7 kWh/100 km,9.5 heures,32 minutes
Mercedes-Benz,Mercedes-Benz GLE,Mercedes-Benz GLE,,Sur arrivage,SUV,2 ans,5,5,4,Diesel | Hybride léger,17 CV,269 CH,Automatique,9,Intégrale,6.9 L/100 km,Radar de recul | Radar avant | Système de caméras 360 | Parktronic,En aluminium | 21'' | AMG,Tactile | 12.3 pouces,Cuir | Nappa,Cuir Nappa | Multi-fonctions | Sport,Ouvrant | Panoramique,Éléctrique,Confort | Sport | Eco,,,,
Mercedes-Benz,Mercedes-Benz GLE Coupé,Mercedes-Benz GLE Coupé,,Disponible,SUV,2 ans,5,5,4,Diesel | Hybride léger,16 CV,269 CH,Automatique,9,Intégrale,6.9 L/100 km,Radar de recul | Radar avant | Système de caméras 360 | Parktronic,En aluminium | 21'' | AMG,Tactile | 12.3 pouces,Cuir | Nappa,Cuir Nappa | Multi-fonctions | Sport,Ouvrant | Panoramique,Éléctrique,Confort | Sport | Eco,,,,
Mercedes-Benz,Mercedes-Benz Classe G Electrique,580 EQ AMG Line,599 000 DT,Sur arrivage,SUV,2 ans | Batterie garantie 8 ans,5,5,,Electrique,18 CV,587 CH,Automatique,,Intégrale,,Radar de recul | Radar avant | Parktronic | Caméra panoramique 3D,En aluminium | 20'' | 10 branches,Tactile | 12.3 pouces,Cuir | Nappa,Cuir Nappa | Multi-fonctions | Avec palettes,Ouvrant,Éléctrique | EPB,Confort | Sport | Individual | G-Turn | G-Steering | Trail | Rock,455 km,28.9 kWh/100 km,12 heures,32 minutes
Mercedes-Benz,Mercedes-Benz Classe G Electrique,580 EQ AMG Line Superior,640 000 DT,Sur arrivage,SUV,2 ans | Batterie garantie 8 ans,5,5,,Electrique,18 CV,587 CH,Automatique,,Intégrale,,Radar de recul | Radar avant | Parktronic | Caméra panoramique 3D,En aluminium | 20'' | 10 branches,Tactile | 12.3 pouces,Cuir,Cuir/Bois | Multi-fonctions | Avec palettes,Ouvrant,Éléctrique | EPB,Confort | Sport | Individual | G-Turn | G-Steering | Trail | Rock,455 km,28.9 kWh/100 km,12 heures,32 minutes
Mercedes-Benz,Mercedes-Benz Classe V,Mercedes-Benz Classe V,,Disponible,Monospace,2 ans,6,3 | 2 portes latérales coulissantes,4,Diesel,12 CV,190 CH,Automatique,9,Propulsion,5.9 L/100 km,Radar de recul | Radar avant | Caméra de recul | Parktronic,En aluminium | 17'',8 pouces,Similicuir,Cuir | Multi-fonctions,,Éléctrique,Confort | Sport,,,,
Mg,MG 3,1.5 L Standard,58 950 DT,2 mois,Citadine,3 ans,5,5,4,Essence,6 CV,110 CH,Manuelle,5,Traction,5.5 L/100 km,Radar de recul,15'',,Tissu,Multi-fonctions,,,,,,,
Mg,MG 3,1.5 L Confort,64 950 DT,2 mois,Citadine,3 ans,5,5,4,Essence,6 CV,110 CH,Manuelle,5,Traction,5.5 L/100 km,Radar de recul | Caméra de recul,En aluminium | 16'',Tactile | 10.25 pouces,Tissu,Multi-fonctions,,,,,,,
Mg,MG 3,1.5 L Luxe BVA,70 950 DT,2 mois,Citadine,3 ans,5,5,4,Essence,6 CV,110 CH,Automatique,,Traction,5.5 L/100 km,Radar de recul | Système de caméras 360,En aluminium | 16'',Tactile | 10.25 pouces,Similicuir/Tissu,Multi-fonctions,,Éléctrique,,,,,
Mg,MG 3 Hybrid+,MG 3 Hybrid+,,2 mois,Citadine,5 ans ou 100000 km,5,5,4,Essence | Hybride,5 CV,195 CH,Automatique,,Traction,4.4 L/100 km,Radar de recul | Système de caméras 360,En aluminium | 16'',Tactile | 10.25 pouces,Similicuir/Tissu,Cuir | Chauffant | Multi-fonctions,,Éléctrique,Normal | Sport | Eco,,,,
Mg,MG 5,1.5 L Confort,63 950 DT,Disponible,Berline,3 ans ou 100.000 km,5,4,4,Essence,6 CV,120 CH,Manuelle,5,Traction,5.8 L/100 km,Radar de recul,15'',Tactile | 10.25 pouces,Tissu,Multi-fonctions,,,,,,,
Mg,MG 5,1.5 L Confort Plus,68 950 DT,Disponible,Berline,3 ans ou 100.000 km,5,4,4,Essence,6 CV,120 CH,Manuelle,5,Traction,5.8 L/100 km,Radar de recul | Caméra de recul,En aluminium | 16'',Tactile | 10.25 pouces,Similicuir,Multi-fonctions,,,,,,,
Mg,MG 5,1.5 L Luxe Plus BVA,73 950 DT,Disponible,Berline,3 ans ou 100.000 km,5,4,4,Essence,6 CV,120 CH,Automatique,8,Traction,5.8 L/100 km,Radar de recul | Système de caméras 360,En aluminium | 16'',Tactile | 10.25 pouces,Similicuir,Multi-fonctions,Ouvrant,Éléctrique,,,,,
Mg,MG ZS,1.5 L Luxury,79 950 DT,2 mois,SUV,5 ans,5,5,4,Essence,6 CV,115 CH,Manuelle,5,Traction,6.5 L/100 km,Radar de recul | Caméra de recul,En aluminium | 17'',Tactile | 12.3 pouces,Similicuir,Multi-fonctions,,,,,,,
Mg,MG ZS,1.5 L Luxury BVA,88 950 DT,2 mois,SUV,5 ans,5,5,4,Essence,6 CV,115 CH,Automatique,,Traction,6.5 L/100 km,Radar de recul | Caméra de recul,En aluminium | 17'',Tactile | 12.3 pouces,Similicuir,Multi-fonctions,Ouvrant,Éléctrique,,,,,
Mg,MG ZS Hybrid+,MG ZS Hybrid+,,4 mois,SUV,5 ans,5,5,4,Essence | Hybride,5 CV,197 CH,Automatique,,Traction,5.1 L/100 km,Radar de recul | Système de caméras 360,En aluminium | 18'',Tactile | 12.3 pouces,Similicuir,Cuir | Chauffant | Multi-fonctions,Ouvrant,Éléctrique,Normal | Sport | Eco,,,,
Mg,MG S5,MG S5,,Sur arrivage,SUV,7 ans ou 150.000 km,5,5,,Electrique,4 CV,170 CH,Automatique,,Propulsion,,Radar de recul | Radar avant | Système de caméras 360,En aluminium | 18'',Tactile | 12.8 pouces,Similicuir/Tissu,Similicuir | Chauffant | Multi-fonctions,Ouvrant | Panoramique,Éléctrique,Normal | Confort | Sport | Perso | Neige,460 km,16.6 kWh/100 km,8.5 heures,24 minutes
Mg,MG HS,MG HS,,15 jours,SUV,5 ans ou 100000 km,5,5,4,Essence,9 CV,162 CH,Automatique,7,Traction,7.8 L/100 km,Radar de recul | Caméra de recul,En aluminium | 19'',Tactile | 12.3 pouces,Cuir,Cuir | Multi-fonctions,Ouvrant | Panoramique,Éléctrique,Normal | Sport | Eco,,,,
Mg,MG HS Hybrid+,MG HS Hybrid+,,Sur arrivage,SUV,5 ans ou 100000 km,5,5,4,Essence | Hybride,7 CV,224 CH,Automatique,2,Traction,5.5 L/100 km,Radar de recul | Radar avant | Système de caméras 360,En aluminium | 19'',Tactile | 12.3 pouces,Cuir,Cuir | Multi-fonctions,Ouvrant | Panoramique,Éléctrique,Normal | Sport | Eco | EV Mode,,,,
Mg,MG RX9,MG RX9,,4 mois,SUV,5 ans,7,5,4,Essence,11 CV,205 CH,Automatique,9,Traction,11.8 L/100 km,Radar de recul | Système de caméras 360,En aluminium | 20'',Tactile | 12.3 pouces,,Cuir | Multi-fonctions,Ouvrant | Panoramique,Éléctrique | EPB,Confort | Sport | Eco,,,,
Mg,MG 7,1.5 L Turbo Luxury BVA,109 950 DT,Sur arrivage,Berline,3 ans ou 100.000 km,5,4,4,Essence,9 CV,188 CH,Automatique,7,Traction,7.1 L/100 km,Radar de recul | Radar avant | Caméra de recul,En aluminium | 18'',Tactile | 10.25 pouces,Cuir,Cuir | Multi-fonctions | Avec palettes,,Éléctrique | EPB,Normal | Sport | Eco | Supersport,,,,
Mg,MG 7,2.0 L Turbo Trophy + BVA,139 950 DT,Sur arrivage,Berline,3 ans ou 100.000 km,5,4,4,Essence,13 CV,261 CH,Automatique,9,Traction,8.2 L/100 km,Radar de recul | Radar avant | Système de caméras 360,En aluminium | 19'',Tactile | 10.25 pouces,Cuir,Cuir | Multi-fonctions | Avec palettes,,Éléctrique | EPB,Normal | Sport | Eco | Supersport,,,,
Mg,MG Cyberster,MG Cyberster,,Sur commande,Cabriolet,7 ans ou 150.000 km,2,2,,Electrique,11 CV,340 CH,,,Propulsion,,Radar de recul | Radar avant | Système de caméras 360,En aluminium | 19'',Tactile | 7 pouces,Alcantara/Similicuir,Cuir | Multi-fonctions,,Éléctrique,Confort | Sport | Supersport,507 km,16.7 kWh/100 km,6 heures,26 minutes
Mini,Mini Cooper 5 portes,1.5 l Favoured,166 900 DT,Disponible,Citadine,5 ans (2+3),5,5,3,Essence,8 CV,156 CH,Automatique,7,Traction,6.3 L/100 km,Radar de recul | Radar avant | Caméra de recul | Parkassist | Park distance control,En aluminium | 18'',Tactile | 9.4 pouces | Circulaire,Vescin | Nightshade Blue,Chauffant | Sport,Ouvrant | Panoramique | En verre,Éléctrique,Normal | Sport | Eco | MINI Experience,,,,
Mini,Mini Cooper 5 portes,1.5 l JCW,175 900 DT,Disponible,Citadine,5 ans (2+3),5,5,3,Essence,8 CV,156 CH,Automatique,7,Traction,6.3 L/100 km,Radar de recul | Radar avant | Caméra de recul | Parkassist | Park distance control,En aluminium | 17'',Tactile | 9.4 pouces | Circulaire,Vescin | Nightshade Blue,Chauffant | Sport | JCW,Ouvrant | Panoramique | En verre,Éléctrique,Normal | Sport | Eco | MINI Experience,,,,
Mini,Mini Cooper 3 portes,Mini Cooper 3 portes,,Disponible,Citadine,5 ans (2+3),5,3,3,Essence,8 CV,156 CH,Automatique,7,Traction,6.0 L/100 km,Radar de recul | Radar avant | Caméra de recul | Parkassist | Park distance control,En aluminium | 18'' | Bi-ton,Tactile | 9.4 pouces | Circulaire,Schwarz | Vescin | Tricot,Cuir | Chauffant | Multi-fonctions | Sport,Ouvrant | Panoramique | En verre,Éléctrique,,,,,
Mini,Mini Cooper Electric,Mini Cooper Electric,,Disponible,Citadine,5 ans (2+3),4,3,,Electrique,4 CV,184 CH,Automatique,,Traction,,Radar de recul | Radar avant | Caméra de recul | Parkassist,En aluminium | 17'' | Bi-ton,Tactile | 9.4 pouces | Circulaire,Similicuir,Cuir | Chauffant | Multi-fonctions | Sport,,Éléctrique,,300 km,14.3 kWh/100 km,4.25 heures,28 minutes
Mini,Mini Aceman Electric,38.5 kWh Classic,139 900 DT,Disponible,SUV,5 ans (2+3),5,5,,Electrique,4 CV,184 CH,Automatique,,Traction,,Radar de recul | Radar avant | Caméra de recul | Parkassist | Park distance control,En aluminium | 18'',Tactile | 9.4 pouces | Circulaire,Tissu | Schwarz | Vescin,Cuir | Chauffant | Multi-fonctions | Sport,,Éléctrique,Normal | Sport | Eco,309 km,14.5 kWh/100 km,4.25 heures,28 minutes
Mini,Mini Aceman Electric,49.2 kWh SE Classic,149 900 DT,Disponible,SUV,5 ans (2+3),5,5,,Electrique,5 CV,218 CH,Automatique,,Traction,,Radar de recul | Radar avant | Caméra de recul | Parkassist | Autoreverse,En aluminium | 18'',Tactile | 9.4 pouces | Circulaire,Tissu | Vescin,Cuir | Chauffant | Multi-fonctions | Sport,Ouvrant | En verre,Éléctrique,Normal | Sport | Eco | MINI Experience,405 km,14.7 kWh/100 km,5.5 heures,30 minutes
Mini,Mini Countryman,1.5 L Classic BVA,169 900 DT,Disponible,SUV,5 ans (2+3),5,5,3,Essence,8 CV,156 CH,Automatique,7,Traction,5.9 L/100 km,Radar de recul | Radar avant | Caméra de recul | Parkassist,En aluminium | 17'',Tactile | 9.4 pouces | Circulaire | OLED,Tissu | Schwarz | Vescin,Cuir | Chauffant | Multi-fonctions | Sport,Ouvrant | Panoramique,Éléctrique,Normal | Sport | Eco | MINI Experience,,,,
Mini,Mini Countryman,1.5 L Favoured BVA,199 900 DT,Disponible,SUV,5 ans (2+3),5,5,3,Essence,8 CV,156 CH,Automatique,7,Traction,5.9 L/100 km,Radar de recul | Radar avant | Système de caméras 360 | Parkassist,En aluminium | 19'' | Bi-ton,Tactile | 9.4 pouces | Circulaire | OLED,Vescin | Vintage Brown,Cuir | Chauffant | Multi-fonctions | Sport,Ouvrant | Panoramique,Éléctrique,Normal | Sport | Eco | MINI Experience,,,,
Mini,Mini Countryman Electric,Mini Countryman Electric,,Disponible,SUV,5 ans (2+3),5,5,,Electrique,5 CV,204 CH,Automatique,,Traction,,Radar de recul | Radar avant | Système de caméras 360 | Park distance control | Parkassit Plus,En aluminium | 19'',Tactile | 9.4 pouces | Circulaire | OLED,Vescin | Vintage Brown,Cuir | Chauffant | Multi-fonctions | Sport,Ouvrant | Panoramique,Éléctrique,Normal | Sport | Eco | MINI Experience,462 km,15.7 kWh/100 km,6.5 heures,30 minutes
Mini,Mini Cooper Cabriolet,Mini Cooper Cabriolet,,Disponible,Cabriolet,5 ans (2+3),5,2,4,Essence,9 CV,163 CH,Automatique,7,Traction,6.5 L/100 km,Radar de recul | Radar avant | Système de caméras 360 | Parkassit Plus,En aluminium | 18'' | Bi-ton,Tactile | 9.4 pouces | Circulaire | OLED,Similicuir | Vescin | Nightshade Blue,Chauffant | Multi-fonctions | Sport,Capote MINI Yours Union Jack,Éléctrique,Normal | Sport | Eco | MINI Experience,,,,
Mitsubishi,Mitsubishi Attrage Populaire,Mitsubishi Attrage Populaire,,Sous réserve d'acceptation du dossier par le ministère du commerce,Berline,3 ans,5,4,3,Essence,4 CV,78 CH,Manuelle,5,Traction,4.4 L/100 km,,14'',Tactile | 7 pouces,Tissu,3 branches | Multi-fonctions,,,,,,,
Mitsubishi,Mitsubishi Eclipse Cross,Mitsubishi Eclipse Cross,,Indisponible,SUV,3 ans ou 100.000 km,5,5,4,Essence,8 CV,150 CH,Automatique,,Traction,6.6 L/100 km,Radar de recul | Caméra de recul,En aluminium | 18'',Tactile,Tissu,,,,,,,,
Mitsubishi,Mitsubishi ASX,Mitsubishi ASX,,Indisponible,SUV,3 ans,5,5,4,Essence,9 CV,150 CH,Automatique,6,Intégrale,7.6 L/100 km,Radar de recul | Caméra de recul,En aluminium | 17'',Tactile,Cuir,Multi-fonctions,Panoramique,,,,,,
Mitsubishi,Mitsubishi L200 Double Cabine,Mitsubishi L200 Double Cabine,,Disponible,Pick up,3 ans ou 100.000 km,5,4,4,Diesel,8 CV,110 CH,Manuelle,5,Intégrale,8.3 L/100 km,,En aluminium | 16'',,Tissu,,,,,,,,
Mitsubishi,Mitsubishi Pajero,Mitsubishi Pajero,,3 mois | Indisponible,SUV,3 ans,7,5,4,Diesel,11 CV,125 CH,Manuelle,5,Intégrale,12.5 L/100 km,,17'',,Tissu,,,,,,,,
Mitsubishi,Mitsubishi Pajero Sport,2.4 l DiD Business,243 567 DT,3 mois | Indisponible,SUV,3 ans,7,5,4,Diesel,11 CV,181 CH,Manuelle,5,Intégrale,7.4 L/100 km,,17'',,Tissu,Multi-fonctions,,,,,,,
Mitsubishi,Mitsubishi Pajero Sport,2.4 l DiD Premium BVA,267 770 DT,3 mois | Indisponible,SUV,3 ans,7,5,4,Diesel,11 CV,181 CH,Automatique,,Intégrale,7.4 L/100 km,Radar de recul | Caméra de recul,En aluminium | 18'',,Cuir,Multi-fonctions,Ouvrant | Panoramique,,,,,,
Nissan,Nissan Magnite,1.0T Acenta,60 900 DT,Disponible,SUV,2 ans,5,5,3,Essence,5 CV,100 CH,Manuelle,5,Traction,5.6 L/100 km,Radar de recul | Caméra de recul,En aluminium | 16'' | Bi-ton,Tactile | 8 pouces,Tissu,Multi-fonctions,,,,,,,
Nissan,Nissan Magnite,1.0T CVT Tekna,70 900 DT,Disponible,SUV,2 ans,5,5,3,Essence,5 CV,100 CH,Automatique,,Traction,5.3 L/100 km,Radar de recul | Système de caméras 360,En aluminium | 16'' | Bi-ton,Tactile | 8 pouces,Similicuir/Tissu,Cuir | Multi-fonctions,,,,,,,
Nissan,Nissan Juke,Nissan Juke,,Disponible,SUV,2 ans,5,5,3,Essence,6 CV,117 CH,Automatique,7,Traction,5 L/100 km,Radar de recul | Radar avant | Système de caméras 360,En aluminium | 19'',Tactile | 8 pouces,Cuir,Cuir | Multi-fonctions | Avec palettes,,Éléctrique,Normal | Sport | Eco,,,,
Nissan,Nissan Qashqai e-Power,Nissan Qashqai e-Power,,Disponible,SUV,2 ans,5,5,3,Essence | Hybride,8 CV,190 CH,Automatique,1,Traction,5.2 L/100 km,Radar de recul | Radar avant | Caméra de recul | Système de caméras 360,En aluminium | 18'',Tactile | 12 pouces,Tissu,Cuir | Avec palettes,Panoramique,Éléctrique,Normal | Sport | Eco,,,,
Nissan,Nissan Navara,Nissan Navara,,Disponible,Pick up,2 ans,5,4,4,Diesel,10 CV,190 CH,Automatique,7,Intégrale,8.1 L/100 km,Radar de recul | Caméra de recul | Détection du trafic en marche arrière,En aluminium | 18'',8 pouces,Cuir,Multi-fonctions,,,,,,,
Omoda-Jaecoo,Omoda & Jaecoo E5,Omoda & Jaecoo E5,,En pré-commande,SUV,7 ans ou 200000 km | Batterie garantie 8 ans ou 160.000 KM,5,5,,Electrique,5 CV,211 CH,Automatique,,Traction,,Radar de recul | Radar avant | Système de caméras 360,En aluminium | 18'',Tactile | 12.3 pouces,Similicuir,Cuir | 3 branches | Multi-fonctions,Ouvrant | Panoramique,Éléctrique | EPB,Confort | Sport | Eco,430 km,15.9 kWh/100 km,6.75 heures,30 minutes
Omoda-Jaecoo,Omoda & Jaecoo C5,Omoda & Jaecoo C5,,En pré-commande,SUV,7 ans ou 200000 km | Batterie garantie 8 ans ou 160.000 KM,5,5,4,Essence | Hybride,7 CV,204 CH,Automatique,,Traction,4.9 L/100 km,Radar de recul | Radar avant | Système de caméras 360,En aluminium | 18'',Tactile | 12.3 pouces,Similicuir,Cuir | 3 branches | Multi-fonctions,Ouvrant,Éléctrique | EPB,Confort | Sport | Eco,,,,
Omoda-Jaecoo,Omoda & Jaecoo J7,Omoda & Jaecoo J7,,Disponible,SUV,7 ans ou 200000 km | Batterie garantie 8 ans,5,5,4,Essence | Hybride rechargeable,7 CV,279 CH,Automatique,,Traction,4.7 L/100 km,Radar de recul | Radar avant | Système de caméras 540°,En aluminium | 19'',Tactile | 14.8 pouces,Similicuir,Cuir | 3 branches | Chauffant | Multi-fonctions,Ouvrant | Panoramique,Éléctrique | EPB,Normal | Sport | Eco,90 km,,2.6 heures,20 minutes
Omoda-Jaecoo,Omoda & Jaecoo J8,Omoda & Jaecoo J8,,Disponible,SUV,7 ans ou 200000 km | Batterie garantie 8 ans,5,5,4,Essence | Hybride rechargeable,7 CV,537 CH,Automatique,,Intégrale,6.8 L/100 km,Radar de recul | Radar avant | Système de caméras 540°,En aluminium | 20'',Tactile | 12.3 pouces,Similicuir,Cuir | 3 branches | Chauffant | Multi-fonctions,Ouvrant | Panoramique,Éléctrique | EPB,Normal | Sport | Eco | Offroad | Sable | Neige,160 km,,5.5 heures,20 minutes
Opel,Opel Corsa,1.2 Turbo Edition,66 900 DT,Disponible,Citadine,3 ans ou 100.000 km,5,5,3,Essence,5 CV,100 CH,Manuelle,6,Traction,5.1 L/100 km,Radar de recul | Radar avant | Caméra de recul 180°,En aluminium | 16'',Tactile | 10 pouces,Tissu,3 branches | Multi-fonctions | Sport | à méplat,,,,,,,
Opel,Opel Corsa,1.2 Turbo GS,76 900 DT,Disponible,Citadine,3 ans ou 100.000 km,5,5,3,Essence,5 CV,100 CH,Manuelle,6,Traction,5.1 L/100 km,Radar de recul | Radar avant | Caméra de recul 180°,En aluminium | 17'',Tactile | 10 pouces,Tissu,Cuir | 3 branches | Multi-fonctions | Sport | à méplat,,,,,,,
Opel,Opel Crossland,Opel Crossland,,Disponible,SUV,3 ans ou 100.000 km,5,5,3,Essence,6 CV,110 CH,Automatique,6,Traction,5.7 L/100 km,Radar de recul | Radar avant | Caméra de recul,16'',Tactile | 7 pouces,Tissu,Cuir | 3 branches | Multi-fonctions,,,,,,,
Opel,Opel Mokka,Opel Mokka,,Disponible,SUV,3 ans ou 100.000 km,5,5,3,Essence,7 CV,130 CH,Automatique,8,Traction,4.8 L/100 km,Radar de recul | Radar avant | Caméra de recul 180°,En aluminium | 17'',Tactile | 10 pouces,Similicuir/Tissu,Cuir | 3 branches | Multi-fonctions | à méplat | Avec palettes,,Éléctrique,,,,,
Opel,Opel Astra,Opel Astra,,Disponible,Compacte,3 ans ou 100.000 km,5,5,3,Essence,7 CV,130 CH,Automatique,8,Traction,5.5 L/100 km,Radar de recul | Radar avant | Système de caméras 360,En aluminium | 17'',Tactile | 10 pouces,Tissu,Chauffant | Multi-fonctions,Ouvrant,Éléctrique,Normal | Sport | Eco,,,,
Opel,Opel Grandland,Opel Grandland,,Disponible,SUV,3 ans ou 100.000 km,5,5,4,Essence,9 CV,165 CH,Automatique,6,Traction,7 L/100 km,Radar de recul | Radar avant | Caméra de recul | Parkassist,18'',Tactile | 7 pouces,Tissu,Cuir | Multi-fonctions | à méplat,,Éléctrique,,,,,
Opel,Opel Combo Cargo,1.6 L Diesel Confort L1H1 650 kg,62 990 DT,Disponible,Utilitaire,3 ans ou 100.000 km,2,3 | 1 porte latérale coulissante | 2 portes arrières battantes tolées,4,Diesel,5 CV,92 CH,Manuelle,5,Traction,4.8 L/100 km,,15'',Tactile | 10 pouces,Tissu,3 branches | Multi-fonctions | Sport,,,,,,,
Opel,Opel Combo Cargo,XL 1.6 L Diesel Confort L2H1 1000 kg,66 490 DT,Disponible,Utilitaire,3 ans ou 100.000 km,2,3 | 1 porte latérale coulissante | 2 portes arrières battantes tolées,4,Diesel,5 CV,92 CH,Manuelle,5,Traction,4.8 L/100 km,,16'',Tactile | 10 pouces,Tissu,3 branches | Multi-fonctions | Sport,,,,,,,
Peugeot,Peugeot 208,Peugeot 208,,Disponible,Citadine,3 ans,5,5,3,Essence,5 CV,100 CH,Manuelle,6,Traction,5.2 L/100 km,Radar de recul,16'' | Bi-ton,Tactile | 10 pouces,Tissu | Surpiqures,Cuir | Multi-fonctions,,,,,,,
Peugeot,Peugeot 2008,1.2 L Puretech 130 Active BVA,92 900 DT,Disponible,SUV,3 ans,5,5,3,Essence,7 CV,130 CH,Automatique,6,Traction,6.5 L/100 km,Radar de recul,En aluminium | 16'',Tactile | 10 pouces,Tissu,Multi-fonctions,,,,,,,
Peugeot,Peugeot 2008,1.2 L Puretech 130 Allure BVA,104 900 DT,2 mois,SUV,3 ans,5,5,3,Essence,7 CV,130 CH,Automatique,6,Traction,6.5 L/100 km,Radar de recul | Radar avant | Caméra de recul,En aluminium | 17'' | Bi-ton,Tactile | 10 pouces,Similicuir/Tissu,Multi-fonctions,,Éléctrique,,,,,
Peugeot,Peugeot Rifter,Peugeot Rifter,,Disponible,Monospace,3 ans,5,5 | 2 portes latérales coulissantes,4,Diesel,5 CV,92 CH,Manuelle,5,Traction,5.8 L/100 km,,16'',Tactile | 10 pouces,Tissu,Multi-fonctions,,Éléctrique,,,,,
Peugeot,Peugeot 408,1.6 L Allure EAT8,140 900 DT,Disponible,Berline,3 ans,5,4,4,Essence,13 CV,215 CH,Automatique,8,Traction,7 L/100 km,Radar de recul | Caméra de recul,En aluminium | 18'',Tactile | 10 pouces,Mi-TEP,Multi-fonctions | Croûte de cuir | Avec palettes,,,Normal | Confort | Sport,,,,
Peugeot,Peugeot 408,1.6 L Allure Pack EAT8,141 900 DT,Disponible,Berline,3 ans,5,4,4,Essence,13 CV,215 CH,Automatique,8,Traction,7 L/100 km,Radar de recul | Radar avant | Caméra de recul,En aluminium | 18'',Tactile | 10 pouces,Mi-TEP,Multi-fonctions | Croûte de cuir | Avec palettes,,Éléctrique,Normal | Confort | Sport,,,,
Peugeot,Peugeot Expert Combi,Peugeot Expert Combi,,10 jours,Monospace,3 ans,9,4 | 1 porte latérale coulissante,4,Diesel,8 CV,150 CH,Manuelle,6,Traction,5.4 L/100 km,,16'',Tactile | 5 pouces,Tissu | Bi-ton,Multi-fonctions,,,,,,,
Peugeot,Peugeot Landtrek Simple Cabine,1.9 L Diesel 4x2 Benne tôle pliée,75 490 DT,Disponible,Pick up,5 ans ou 400.000 km,2,2,4,Diesel,6 CV,150 CH,Manuelle,6,Propulsion,7.8 L/100 km,,16'',,Tissu,,,,,,,,
Peugeot,Peugeot Landtrek Simple Cabine,1.9 L Diesel 4x2,79 490 DT,Disponible,Pick up,5 ans ou 400.000 km,2,2,4,Diesel,6 CV,150 CH,Manuelle,6,Propulsion,7.8 L/100 km,,16'',,Tissu,,,,,,,,
Peugeot,Peugeot Landtrek Double Cabine,1.9 L Diesel 4x2,88 990 DT,Disponible,Pick up,5 ans ou 400.000 km,5,4,4,Diesel,6 CV,150 CH,Manuelle,6,Propulsion,7.8 L/100 km,Radar de recul,16'',,Tissu,,,,,,,,
Peugeot,Peugeot Landtrek Double Cabine,1.9 L Diesel 4x4 Pro Plus,108 900 DT,Disponible,Pick up,5 ans ou 400.000 km,5,4,4,Diesel,8 CV,150 CH,Manuelle,6,Intégrale,8.1 L/100 km,Radar de recul | Caméra de recul,En aluminium | 17'',Tactile | 10 pouces,Tissu | Mi-TEP,,,,,,,,
Peugeot,Peugeot Partner,1.6 L HDI 650 Kg,63 990 DT,10 jours,Utilitaire,3 ans,2,3 | 1 porte latérale coulissante | 2 portes arrières battantes tolées,4,Diesel,5 CV,92 CH,Manuelle,5,Traction,4.8 L/100 km,,15'',Tactile | 10 pouces,Tissu,,,,,,,,
Peugeot,Peugeot Partner,1.6 L HDI 1000 Kg,64 990 DT,10 jours,Utilitaire,3 ans,2,3 | 1 porte latérale coulissante | 2 portes arrières battantes tolées,4,Diesel,5 CV,92 CH,Manuelle,5,Traction,4.8 L/100 km,,16'',Tactile | 10 pouces,Tissu,,,,,,,,
Peugeot,Peugeot Expert,Peugeot Expert,,15 jours,Utilitaire,3 ans,3,5 | 1 porte latérale coulissante | 2 portes arrières battantes tolées,4,Diesel,9 CV,150 CH,Manuelle,6,Traction,5.5 L/100 km,Radar de recul,16'',,Similicuir/Tissu,,,,,,,,
Peugeot,Peugeot Boxer,2.2 L HDI L2H2 11.5m3,97 900 DT,3 mois,Utilitaire,3 ans,3,4 | 1 porte latérale coulissante | 2 portes arrières battantes tolées,4,Diesel,7 CV,140 CH,Manuelle,6,Traction,N.C,Radar de recul,16'',,Tissu,,,,,,,,
Peugeot,Peugeot Boxer,2.2 L HDI L3H2 13m3,99 900 DT,3 mois,Utilitaire,3 ans,3,4 | 1 porte latérale coulissante | 2 portes arrières battantes tolées,4,Diesel,7 CV,140 CH,Manuelle,6,Traction,N.C,Radar de recul,16'',,Tissu,,,,,,,,
Peugeot,Peugeot Boxer Double Cabine,Peugeot Boxer Double Cabine,,3 mois,Utilitaire,3 ans,7,4 | 1 porte latérale coulissante | 2 portes arrières battantes vitrées,4,Diesel,7 CV,140 CH,Manuelle,5,Traction,N.C,Radar de recul,,,Tissu,,,,,,,,
Peugeot,Peugeot Traveller,Peugeot Traveller,,3 mois,Monospace,3 ans,9,5 | 2 portes latérales coulissantes,4,Diesel,8 CV,150 CH,Manuelle,5,Traction,5.5 L/100 km,Radar de recul,17'' | Enjoliveurs,Tactile | 10 pouces,Tissu | Bi-ton,Multi-fonctions,,,,,,,
Porsche,Porsche Macan Electric,Macan,295 000 DT,En pré-commande,SUV,2 ans | Batterie garantie 8 ans ou 160.000 KM,5,5,,Electrique,9 CV,340 CH,Automatique,,Propulsion,,Radar de recul | Radar avant | Caméra de recul | Parkassist,En aluminium | 20'',Tactile | 10.9 pouces,Cuir,Cuir | Multi-fonctions,Ouvrant | Panoramique,Éléctrique,Normal | Sport | Sport Plus | Offroad,536 km,17 kWh/100 km,11.5 heures,21 minutes
Porsche,Porsche Macan Electric,Macan 4,318 000 DT,En pré-commande,SUV,2 ans | Batterie garantie 8 ans ou 160.000 KM,5,5,,Electrique,11 CV,387 CH,Automatique,,Intégrale,,Radar de recul | Radar avant | Caméra de recul | Parkassist,En aluminium | 20'',Tactile | 10.9 pouces,Cuir,Cuir | Multi-fonctions,Ouvrant | Panoramique,Éléctrique,Normal | Sport | Sport Plus | Offroad,516 km,17.9 kWh/100 km,11.5 heures,21 minutes
Porsche,Porsche Macan Electric,Macan 4S,370 000 DT,En pré-commande,SUV,2 ans | Batterie garantie 8 ans ou 160.000 KM,5,5,,Electrique,11 CV,448 CH,Automatique,,Intégrale,,Radar de recul | Radar avant | Caméra de recul | Parkassist,En aluminium | 21'',Tactile | 10.9 pouces,Cuir,Cuir | Multi-fonctions | Sport,Ouvrant | Panoramique,Éléctrique,Normal | Sport | Sport Plus | Offroad,512 km,17.7 kWh/100 km,11.5 heures,21 minutes
Porsche,Porsche Macan Electric,Macan Turbo,438 000 DT,En pré-commande,SUV,2 ans | Batterie garantie 8 ans ou 160.000 KM,5,5,,Electrique,N.C,584 CH,Automatique,,Intégrale,,Radar de recul | Radar avant | Caméra de recul | Parkassist,"En aluminium | 22""",Tactile | 10.9 pouces,Cuir étendu,Cuir | Multi-fonctions | Sport,Ouvrant | Panoramique,Éléctrique,Normal | Sport | Sport Plus | Offroad,518 km,18.9 kWh/100 km,11.5 heures,21 minutes
Porsche,Porsche Cayenne E-Hybrid,Cayenne E-Hybrid Black Edition,395 000 DT,En pré-commande,SUV,2 ans | Batterie garantie 8 ans ou 160.000 KM,5,5,6,Essence | Hybride rechargeable,N.C. CV,470 CH,Automatique,8,Intégrale,1.9 L/100 km,Radar de recul | Radar avant | Système de caméras 360 | Parkassist | Caméra panoramique 3D,"En aluminium | 22""",Tactile | 12.3 pouces,Cuir | Bi-ton,Chauffant | Multi-fonctions | Sport | Réglage électrique | Avec palettes,Ouvrant | Panoramique,Éléctrique,Normal | Confort | Sport,66 km,,2.7 heures,
Porsche,Porsche Cayenne E-Hybrid,Cayenne S E-Hybrid,435 000 DT,En pré-commande,SUV,2 ans | Batterie garantie 8 ans ou 160.000 KM,5,5,6,Essence | Hybride rechargeable,N.C. CV,519 CH,Automatique,8,Intégrale,2.0 L/100 km,Radar de recul | Radar avant | Système de caméras 360 | Parkassist | Caméra panoramique 3D,"En aluminium | 22""",Tactile | 12.3 pouces,Cuir | Bi-ton,Chauffant | Multi-fonctions | Sport | Réglage électrique | Avec palettes,Ouvrant | Panoramique,Éléctrique,Normal | Confort | Sport,66 km,,2.7 heures,
Porsche,Porsche Cayenne Electric,Cayenne,398 000 DT,En pré-commande,SUV,2 ans | Batterie garantie 8 ans ou 160.000 KM,5,5,,Electrique,N.C. CV,408 CH,Automatique,1,Intégrale,,Système de caméras 360,En aluminium | 21'',Tactile | 12.5 pouces,Cuir,Multi-fonctions,Ouvrant | Panoramique,Éléctrique,,642 km,19.7 kWh/100 km,6 heures,16 minutes
Porsche,Porsche Cayenne Electric,Cayenne Turbo,568 000 DT,En pré-commande,SUV,2 ans | Batterie garantie 8 ans ou 160.000 KM,5,5,,Electrique,N.C. CV,857 CH,Automatique,1,Intégrale,,Système de caméras 360,En aluminium | 21'',Tactile | 12.5 pouces,Cuir | Bi-ton,Cuir | Chauffant | Multi-fonctions | Sport | Réglage électrique,Ouvrant | Panoramique | Electrochrome,Éléctrique,,623 km,20.4 kWh/100 km,6 heures,16 minutes
Porsche,Porsche Cayenne E-Hybrid Coupé,Cayenne E-Hybrid Coupé Black Edition,405 000 DT,En pré-commande,SUV,2 ans | Batterie garantie 8 ans ou 160.000 KM,5,5,6,Essence | Hybride rechargeable,N.C. CV,470 CH,Automatique,8,Intégrale,1.9 L/100 km,Radar de recul | Radar avant | Système de caméras 360 | Parkassist | Caméra panoramique 3D,"En aluminium | 22""",Tactile | 12.3 pouces,Cuir | Bi-ton,Chauffant | Multi-fonctions | Sport | Réglage électrique | Avec palettes,Panoramique,Éléctrique,Normal | Confort | Sport,66 km,,2.7 heures,
Porsche,Porsche Cayenne E-Hybrid Coupé,Cayenne S E-Hybrid Coupé Black Edition,445 000 DT,En pré-commande,SUV,2 ans | Batterie garantie 8 ans ou 160.000 KM,5,5,6,Essence | Hybride rechargeable,N.C. CV,519 CH,Automatique,8,Intégrale,2 L/100 km,Radar de recul | Radar avant | Système de caméras 360 | Parkassist | Caméra panoramique 3D,"En aluminium | 22""",Tactile | 12.3 pouces,Cuir,Chauffant | Multi-fonctions | Sport | Réglage électrique | Avec palettes,Panoramique,Éléctrique,Normal | Confort | Sport,66 km,,2.7 heures,
Porsche,Porsche Taycan,Taycan,448 000 DT,Disponible,Berline,2 ans | Batterie garantie 8 ans ou 160.000 KM,5,4,,Electrique,9 CV,408 CH,Automatique,2,Propulsion,,Radar de recul | Radar avant | Parkassist | Caméra panoramique 3D,En aluminium | 21'' | Noires,Tactile | 10.9 pouces,Cuir,Cuir | Multi-fonctions,Panoramique,Éléctrique,Normal | Confort | Sport,503 km,19.7 kWh/100 km,11.5 heures,18 minutes
Porsche,Porsche Taycan,Taycan 4S,519 000 DT,Disponible,Berline,2 ans | Batterie garantie 8 ans ou 160.000 KM,5,4,,Electrique,12 CV,517 CH,Automatique,2,Intégrale,,Radar de recul | Radar avant | Parkassist | Caméra panoramique 3D,En aluminium | 21'' | Noires,Tactile | 10.9 pouces,Cuir,Cuir | Multi-fonctions,Panoramique,Éléctrique,Normal | Confort | Sport,549 km,20.7 kWh/100 km,13 heures,18 minutes
Porsche,Porsche Taycan Cross Turismo,Porsche Taycan Cross Turismo,,Disponible,Berline,2 ans | Batterie garantie 8 ans ou 160.000 KM,5,5,,Electrique,12 CV,435 CH,Automatique,2,Intégrale,,Radar de recul | Radar avant | Parkassist | Caméra panoramique 3D,En aluminium | 21'' | Noires,Tactile | 10.9 pouces,Cuir,Cuir | Multi-fonctions,Panoramique,Éléctrique,Normal | Confort | Sport,517 km,22 kWh/100 km,11 heures,18 minutes
Porsche,Porsche Panamera 4 E-Hybrid,Porsche Panamera 4 E-Hybrid,,En pré-commande,Berline,2 ans | Batterie garantie 8 ans ou 160.000 KM,5,5,6,Essence | Hybride rechargeable,N.C,470 CH,Automatique,8,Intégrale,1.8 L/100 km,Radar de recul | Radar avant | Système de caméras 360 | Parkassist | Caméra panoramique 3D,En aluminium | 20'',Tactile | 12.3 pouces,Cuir,Cuir | Chauffant | Multi-fonctions | Avec palettes,Ouvrant | Panoramique,Éléctrique,Normal | Confort | Sport,54 km,,2.7 heures,
Porsche,Porsche 911,Porsche 911,,En pré-commande,Coupé,2 ans,4,2,6,Essence,26 CV,385 CH,Automatique,8,Propulsion,9.4 L/100 km,Radar de recul | Radar avant | Caméra de recul,En aluminium | 20'' | 21'' | Noires,Oui,Cuir,Cuir | Chauffant | Sport | Carbone,Ouvrant | En verre,Éléctrique,Normal | Confort | Sport,,,,
Renault,Renault Kwid Populaire,Renault Kwid Populaire,,Sous réserve d'acceptation du dossier par le ministère du commerce | Sur arrivage,SUV,2 ans,5,5,3,Essence,4 CV,64 CH,Manuelle,5,Traction,4.7 L/100 km,,14'',Oui,Tissu,,,,,,,,
Renault,Renault Clio,1.0 L TCe 100 BVM,66 950 DT,Disponible,Citadine,2 ans ou 100.000 km,5,5,3,Essence,6 CV,100 CH,Manuelle,5,Traction,5.7 L/100 km,Radar de recul,16'',Tactile | 7 pouces,Tissu,Multi-fonctions,,,Normal | Eco,,,,
Renault,Renault Clio,1.0 L TCe 100 BVA,82 400 DT,Sur arrivage,Citadine,2 ans ou 100.000 km,5,5,3,Essence,6 CV,100 CH,Automatique,,Traction,5.7 L/100 km,Radar de recul | Radar avant,17'',Tactile | 7 pouces,Tissu,Cuir | Multi-fonctions,,Éléctrique,Normal | Sport | Eco,,,,
Renault,Renault Clio,1.0 L TCe 100 Esprit Alpine BVA,82 500 DT,Sur arrivage,Citadine,2 ans ou 100.000 km,5,5,3,Essence,6 CV,100 CH,Automatique,,Traction,5.7 L/100 km,Radar de recul | Radar avant | Caméra de recul,17'',Tactile | 7 pouces,Cuir | Surpiqures,Cuir | Multi-fonctions | Sport,,Éléctrique,Normal | Sport | Eco,,,,
Renault,Renault Megane,Renault Megane,,Disponible,Compacte,2 ans ou 100.000 km,5,5,4,Essence,8 CV,140 CH,Manuelle,6,Traction,4.9 L/100 km,Radar de recul | Radar avant | Caméra de recul,En aluminium | 16'',Tactile | 7 pouces,Similicuir | Velours,Cuir | Multi-fonctions,,Éléctrique,Normal | Confort | Sport | Eco,,,,
Renault,Renault Megane Sedan,1.3 L TCE 140,101 650 DT,Disponible,Berline,2 ans ou 100.000 km,5,4,4,Essence,8 CV,140 CH,Manuelle,6,Traction,6.2 L/100 km,Radar de recul | Radar avant,En aluminium | 16'',Tactile,Tissu,Cuir | 3 branches | Multi-fonctions,,Éléctrique,Normal | Confort | Sport | Eco,,,,
Renault,Renault Megane Sedan,1.3 L TCE 140 BVA,109 950 DT,Disponible,Berline,2 ans ou 100.000 km,5,4,4,Essence,8 CV,140 CH,Automatique,7,Traction,6.2 L/100 km,Radar de recul | Radar avant,En aluminium | 16'',Tactile,Tissu,Cuir | 3 branches | Multi-fonctions,,Éléctrique,Normal | Confort | Sport | Eco,,,,
Renault,Renault Austral,Renault Austral,,Disponible,SUV,2 ans ou 100.000 km,5,5,4,Essence,8 CV,150 CH,Automatique,7,Traction,6.1 L/100 km,Radar de recul | Radar avant | Caméra de recul,En aluminium | 19'',Tactile | 9 pouces,Similicuir/Tissu,Cuir | Multi-fonctions | Avec palettes,Panoramique,Éléctrique,Confort | Sport | Eco | Perso,,,,
Renault,Renault Express Van,Renault Express Van,,Disponible,Utilitaire,2 ans ou 100.000 km,2,4 | 1 porte latérale coulissante | 2 portes arrières battantes tolées,4,Diesel,5 CV,95 CH,Manuelle,6,Traction,6.1 L/100 km,,15'',,Tissu,,,,,,,,
Renault,Renault Express Combi,Renault Express Combi,,Disponible,Monospace,2 ans ou 100.000 km,5,5 | 2 portes latérales coulissantes,4,Diesel,5 CV,95 CH,Manuelle,6,Traction,6.1 L/100 km,,15'',,Tissu,,,,,,,,
Renault,Renault Master,2.3 L 8m3,84 900 DT,,Utilitaire,2 ans ou 100.000 km,3,2 | 1 porte latérale coulissante | 2 portes arrières battantes tolées,4,Diesel,8 CV,125 CH,Manuelle,6,Traction,7.8 L/100 km,,,,Tissu,,,,,,,,
Renault,Renault Master,2.3 L 10.8 m3,87 950 DT,,Utilitaire,2 ans ou 100.000 km,3,2 | 1 porte latérale coulissante | 2 portes arrières battantes tolées,4,Diesel,8 CV,125 CH,Manuelle,6,Traction,7.8 L/100 km,,,,Tissu,,,,,,,,
Renault,Renault Master,2.3 L 13 m3,89 950 DT,,Utilitaire,2 ans ou 100.000 km,3,2 | 1 porte latérale coulissante | 2 portes arrières battantes tolées,4,Diesel,8 CV,125 CH,Manuelle,6,Traction,7.8 L/100 km,,,,Tissu,,,,,,,,
Seat,Seat Ibiza,1.0 L MPI Reference,64 980 DT,En pré-commande,Citadine,3 ans,5,5,3,Essence,4 CV,80 CH,Manuelle,5,Traction,5.3 L/100 km,Radar de recul,En aluminium | 15'',Tactile | 8.25 pouces,Tissu,Multi-fonctions,,,,,,,
Seat,Seat Ibiza,1.0 L MPI Style,69 980 DT,En pré-commande,Citadine,3 ans,5,5,3,Essence,4 CV,80 CH,Manuelle,5,Traction,5.3 L/100 km,Radar de recul | Radar avant,En aluminium | 16'',Tactile | 8.25 pouces,Tissu,Cuir | Multi-fonctions | Sport,,,,,,,
Seat,Seat Ibiza,1.0 L TSI Reference BVA,74 980 DT,En pré-commande,Citadine,3 ans,5,5,3,Essence,6 CV,115 CH,Automatique,7,Traction,5.8 L/100 km,Radar de recul,En aluminium | 15'',Tactile | 8.25 pouces,Tissu,Multi-fonctions,,,,,,,
Seat,Seat Ibiza,1.0 L TSI  Move BVA,86 980 DT,En pré-commande,Citadine,3 ans,5,5,3,Essence,6 CV,115 CH,Automatique,7,Traction,5.8 L/100 km,Radar de recul | Radar avant | Caméra de recul,En aluminium | 16'',Tactile | 9.2 pouces,Tissu,Cuir | Multi-fonctions | Sport,Ouvrant,,,,,,
Seat,Seat Ibiza,1.0 L TSI  FR BVA,90 980 DT,En pré-commande,Citadine,3 ans,5,5,3,Essence,6 CV,115 CH,Automatique,7,Traction,5.8 L/100 km,Radar de recul | Radar avant | Caméra de recul,En aluminium | 18'',Tactile | 9.2 pouces,Tissu,Cuir | Multi-fonctions | Sport | Avec palettes,Ouvrant,,,,,,
Seat,Seat Arona,1.0 TSI Style,90 980 DT,Disponible,SUV,3 ans,5,5,3,Essence,6 CV,116 CH,Automatique,7,Traction,5.2 L/100 km,Radar de recul,En aluminium | 17'',Tactile | 8.25 pouces,Tissu,Cuir | Multi-fonctions | Sport,,,,,,,
Seat,Seat Arona,1.0 TSI Xperience,97 980 DT,Disponible,SUV,3 ans,5,5,3,Essence,6 CV,116 CH,Automatique,7,Traction,5.2 L/100 km,Radar de recul | Radar avant | Caméra de recul,En aluminium | 18'',Tactile | 9.2 pouces,Tissu,Cuir | Multi-fonctions | Sport,,,Confort | Sport | Eco,,,,
Seat,Seat Arona,1.0 TSI FR,99 980 DT,Disponible,SUV,3 ans,5,5,3,Essence,6 CV,116 CH,Automatique,7,Traction,5.2 L/100 km,Radar de recul | Radar avant | Caméra de recul,En aluminium | 18'',Tactile | 9.2 pouces,Suédine,Cuir | Multi-fonctions | Sport | Avec palettes,,,Confort | Sport | Eco,,,,
Seat,Seat Leon,1.4 TSI Dynamic,108 980 DT,Sur arrivage,Compacte,3 ans,5,5,4,Essence,8 CV,150 CH,Automatique,8,Traction,5.5 L/100 km,Radar de recul | Radar avant,En aluminium | 16'',Tactile | 10.4 pouces,Tissu,Cuir | Multi-fonctions | Sport | Avec palettes,,Éléctrique,,,,,
Seat,Seat Leon,1.4 TSI FR Black Edition,129 980 DT,Sur arrivage,Compacte,3 ans,5,5,4,Essence,8 CV,150 CH,Automatique,8,Traction,5.5 L/100 km,Radar de recul | Radar avant | Caméra de recul | Parkassist,En aluminium | 18'',Tactile | 12.9 pouces,Tissu,Cuir | Multi-fonctions | Sport | Avec palettes,Ouvrant | Panoramique,Éléctrique,Normal | Confort | Sport | Eco,,,,
Seat,Seat Ateca,1.4 L TSI Style,127 980 DT,Disponible,SUV,3 ans,5,5,4,Essence,8 CV,150 CH,Automatique,8,Traction,6.3 L/100 km,Radar de recul | Caméra de recul,En aluminium | 18'',Tactile | 8.25 pouces,Alcantara | Cuir | Tissu,Cuir | Multi-fonctions | Sport | Avec palettes,Ouvrant | Panoramique,Éléctrique,,,,,
Seat,Seat Ateca,1.4 L TSI FR,142 980 DT,Disponible,SUV,3 ans,5,5,4,Essence,8 CV,150 CH,Automatique,8,Traction,6.3 L/100 km,Radar de recul | Système de caméras 360 | Parkassist,En aluminium | 19'',Tactile | 8.25 pouces,Cuir/Alcantara,Cuir | Multi-fonctions | Sport | Avec palettes,Ouvrant | Panoramique,Éléctrique,Confort | Sport | Eco,,,,
Seat,Seat Ateca,1.4 L TSI FR Black Edition,144 980 DT,Disponible,SUV,3 ans,5,5,4,Essence,8 CV,150 CH,Automatique,8,Traction,6.3 L/100 km,Radar de recul | Système de caméras 360 | Parkassist,En aluminium | 19'' | Noires,Tactile | 8.25 pouces,Cuir,Cuir | Chauffant | Multi-fonctions | Sport | Avec palettes,Ouvrant | Panoramique,Éléctrique,Confort | Sport | Eco,,,,
Skoda,Skoda Fabia,1.0 L MPI Essence,66 980 DT,Disponible,Citadine,3 ans,5,5,3,Essence,4 CV,80 CH,Manuelle,5,Traction,5.1 L/100 km,,14'',Tactile | 6.5 pouces,Tissu,Multi-fonctions,,,,,,,
Skoda,Skoda Fabia,1.0 L MPI Selection,72 980 DT,Disponible,Citadine,3 ans,5,5,3,Essence,4 CV,80 CH,Manuelle,5,Traction,5.1 L/100 km,Radar de recul,En aluminium | 15'',Tactile | 6.5 pouces,Tissu,Cuir | Multi-fonctions,,,,,,,
Skoda,Skoda Fabia,1.0 L MPI Monte Carlo,85 980 DT,Disponible,Citadine,3 ans,5,5,3,Essence,4 CV,80 CH,Manuelle,5,Traction,5.1 L/100 km,Radar de recul,En aluminium | 16'',Tactile | 8 pouces,Tissu,Cuir | Multi-fonctions | Sport,Panoramique,,,,,,
Skoda,Skoda Kushaq,1.0 TSI Ambition,77 980 DT,Disponible,SUV,3 ans,5,5,3,Essence,6 CV,116 CH,Manuelle,6,Traction,5.2 L/100 km,Radar de recul | Caméra de recul,En aluminium | 16'',Tactile | 10 pouces,Tissu,Cuir | Multi-fonctions,,,,,,,
Skoda,Skoda Kushaq,1.0 TSI Ambition BVA,84 980 DT,Disponible,SUV,3 ans,5,5,3,Essence,7 CV,116 CH,Automatique,6,Traction,5.2 L/100 km,Radar de recul | Caméra de recul,En aluminium | 16'',Tactile | 10 pouces,Tissu,Cuir | Multi-fonctions | Avec palettes,,,,,,,
Skoda,Skoda Kushaq,1.0 TSI Style BVA,90 980 DT,Disponible,SUV,3 ans,5,5,3,Essence,7 CV,116 CH,Automatique,6,Traction,5.2 L/100 km,Radar de recul | Caméra de recul,En aluminium | 17'',Tactile | 10 pouces,Similicuir,Cuir | Multi-fonctions | Avec palettes,Ouvrant | En verre,,,,,,
Skoda,Skoda Scala,1.0 L TSI Essence DSG,86 980 DT,Sur arrivage,Compacte,3 ans,5,5,3,Essence,6 CV,116 CH,Automatique,7,Traction,5.4 L/100 km,Radar de recul,En aluminium | 16'',Tactile | 8.25 pouces,Tissu,Multi-fonctions,,,,,,,
Skoda,Skoda Scala,1.0 L TSI Selection DSG,100 980 DT,Sur arrivage,Compacte,3 ans,5,5,3,Essence,6 CV,116 CH,Automatique,7,Traction,5.4 L/100 km,Radar de recul | Radar avant | Caméra de recul,En aluminium | 17'',Tactile | 8.25 pouces,Tissu,Cuir | Multi-fonctions | Avec palettes,Panoramique | En verre,,Normal | Sport | Eco,,,,
Skoda,Skoda Scala,1.0 L TSI Monte Carlo DSG,109 980 DT,Sur arrivage,Compacte,3 ans,5,5,3,Essence,6 CV,116 CH,Automatique,7,Traction,5.4 L/100 km,Radar de recul | Radar avant | Caméra de recul,En aluminium | 17'',Tactile | 8.25 pouces,Tissu,Cuir | Multi-fonctions | Sport | Avec palettes,Panoramique | En verre,,Normal | Sport | Eco,,,,
Skoda,Skoda Kamiq,1.0 L TSI Essence DSG,89 980 DT,Sur arrivage,SUV,3 ans,5,5,3,Essence,6 CV,116 CH,Automatique,7,Traction,5.7 L/100 km,Radar de recul,En aluminium | 16'',Tactile,Tissu,Multi-fonctions,,,,,,,
Skoda,Skoda Kamiq,1.0 L TSI Selection DSG,102 980 DT,Sur arrivage,SUV,3 ans,5,5,3,Essence,6 CV,116 CH,Automatique,7,Traction,5.7 L/100 km,Radar de recul | Radar avant | Caméra de recul,En aluminium | 17'',Tactile,Tissu,Cuir | Multi-fonctions | Avec palettes,Panoramique | En verre,,Eco,,,,
Skoda,Skoda Kamiq,1.0 L TSI Monte Carlo DSG,107 980 DT,Sur arrivage,SUV,3 ans,5,5,3,Essence,6 CV,116 CH,Automatique,7,Traction,5.7 L/100 km,Radar de recul | Radar avant | Caméra de recul,En aluminium | 17'',Tactile,Tissu,Cuir | Multi-fonctions | Sport | Avec palettes,Panoramique | En verre,,Eco,,,,
Skoda,Skoda Octavia,1.4 TSI Essence BVA,114 980 DT,Disponible,Berline,3 ans,5,4,4,Essence,8 CV,150 CH,Automatique,8,Traction,4.8 L/100 km,Radar de recul | Radar avant,En aluminium | 16'',Tactile | 10 pouces,Similicuir/Tissu,Cuir | Multi-fonctions | Avec palettes,,Éléctrique,,,,,
Skoda,Skoda Octavia,1.4 TSI Selection BVA,124 980 DT,Disponible,Berline,3 ans,5,4,4,Essence,8 CV,150 CH,Automatique,8,Traction,4.8 L/100 km,Radar de recul | Radar avant | Caméra de recul,En aluminium | 17'',Tactile | 10 pouces,Similicuir/Tissu,Cuir | Multi-fonctions | Avec palettes,,Éléctrique,,,,,
Skoda,Skoda Octavia,1.4 TSI Sportline BVA,144 980 DT,Sur commande,Berline,3 ans,5,4,4,Essence,8 CV,150 CH,Automatique,8,Traction,4.8 L/100 km,Radar de recul | Radar avant | Caméra de recul,En aluminium | 18'',Tactile | 10 pouces,Similicuir/Tissu,Cuir | Multi-fonctions | Sport | Avec palettes,,Éléctrique,,,,,
Skoda,Skoda Superb,1.5 TSI Essence DSG,155 980 DT,En pré-commande,Berline,3 ans,5,5,4,Essence | Hybride léger,8 CV,150 CH,Automatique,7,Traction,6 L/100 km,Radar de recul | Caméra de recul,En aluminium | 17'',Tactile | 13 pouces,Tissu,Cuir | Multi-fonctions | Avec palettes,,Éléctrique,,,,,
Skoda,Skoda Superb,1.5 TSI Selection DSG,184 980 DT,En pré-commande,Berline,3 ans,5,5,4,Essence | Hybride léger,8 CV,150 CH,Automatique,7,Traction,6 L/100 km,Radar de recul | Radar avant | Système de caméras 360 | Parkassist,En aluminium | 19'',Tactile | 13 pouces,Cuir/similicuir,Cuir | Multi-fonctions | Avec palettes,,Éléctrique,,,,,
Ssangyong,Ssangyong Tivoli,Ssangyong Tivoli,,Disponible,SUV,3 ans ou 100.000 km,5,5,4,Essence,8 CV,163 CH,Automatique,6,Traction,7.5 L/100 km,Radar de recul | Radar avant | Caméra de recul,En aluminium | 16'',Tactile | 8 pouces,Similicuir,Cuir | Chauffant | Multi-fonctions | Sport,,,Normal | Sport | Winter,,,,
Ssangyong,Ssangyong Korando,Ssangyong Korando,,Disponible,SUV,3 ans,5,5,4,Essence,9 CV,163 CH,Automatique,6,Traction,7 L/100 km,Radar de recul | Radar avant | Caméra de recul,En aluminium | 19'',Tactile | 8 pouces,Cuir | Nappa,Cuir | Avec palettes,Ouvrant,Éléctrique,Normal | Sport | Winter,,,,
Ssangyong,Ssangyong Musso,Ssangyong Musso,,Disponible,Pick up,3 ans,5,4,4,Diesel,7 CV,181 CH,Manuelle,6,Intégrale,8.6 L/100 km,Radar de recul | Radar avant | Caméra de recul,En aluminium | 17'',Tactile | 12 pouces,Tissu,Cuir,,,Eco | Power | Winter,,,,
Ssangyong,Ssangyong Rexton,Ssangyong Rexton,,Disponible,SUV,3 ans ou 100.000 km,5,5,4,Diesel,12 CV,202 CH,Automatique,8,Intégrale,7.4 L/100 km,Radar de recul | Radar avant | Système de caméras 360 | Détection du trafic en marche arrière,En aluminium | 20'',Tactile | 8 pouces,Cuir | Nappa,Cuir | Chauffant | Multi-fonctions | Chrome | Avec palettes,Ouvrant,Éléctrique,,,,,
Suzuki,Suzuki Celerio Populaire,Suzuki Celerio Populaire,,Disponible | Sous réserve d'acceptation du dossier par le ministère du commerce,Citadine,3 ans,5,5,3,Essence,4 CV,68 CH,Manuelle,5,Traction,4.3 L/100 km,Radar de recul,En aluminium | 15'',Tactile | 7 pouces,Tissu,3 branches,,,,,,,
Suzuki,Suzuki Swift,1.2 L GL,56 400 DT,En pré-commande,Citadine,3 ans,5,5,3,Essence,4 CV,82 CH,Manuelle,5,Traction,4.4 L/100 km,Radar de recul | Caméra de recul,14'' | Enjoliveurs,Tactile | 7 pouces,Tissu,Multi-fonctions,,,,,,,
Suzuki,Suzuki Swift,1.2 L CVT GL,60 400 DT,En pré-commande,Citadine,3 ans,5,5,3,Essence,4 CV,82 CH,Automatique,,Traction,4.4 L/100 km,Radar de recul | Caméra de recul,14'' | Enjoliveurs,Tactile | 7 pouces,Tissu,Multi-fonctions,,,,,,,
Suzuki,Suzuki Swift,1.2 L GLX,60 400 DT,En pré-commande,Citadine,3 ans,5,5,3,Essence,4 CV,82 CH,Manuelle,5,Traction,4.4 L/100 km,Radar de recul | Caméra de recul,En aluminium | 15'',Tactile | 9 pouces,Tissu,Cuir | 3 branches | Multi-fonctions,,,,,,,
Suzuki,Suzuki Swift,1.2 L CVT GLX,64 900 DT,En pré-commande,Citadine,3 ans,5,5,3,Essence,4 CV,82 CH,Automatique,,Traction,4.4 L/100 km,Radar de recul | Caméra de recul,En aluminium | 15'',Tactile | 9 pouces,Tissu,Cuir | 3 branches | Multi-fonctions | Avec palettes,,,,,,,
Suzuki,Suzuki Dzire,1.2 L GL+,56 900 DT,En pré-commande,Berline,3 ans ou 100.000 km,5,4,3,Essence,4 CV,82 CH,Manuelle,5,Traction,4.3 L/100 km,Radar de recul | Caméra de recul,En aluminium | 15'',Tactile | 7 pouces,Tissu,3 branches | Multi-fonctions,,,,,,,
Suzuki,Suzuki Dzire,1.2 L GLX,60 400 DT,En pré-commande,Berline,3 ans ou 100.000 km,5,4,3,Essence,4 CV,82 CH,Manuelle,5,Traction,4.3 L/100 km,Radar de recul | Caméra de recul,En aluminium | 15'',Tactile | 9 pouces,Tissu,Cuir | 3 branches | Multi-fonctions,,,,,,,
Suzuki,Suzuki Dzire,1.2 L CVT GL+,61 400 DT,En pré-commande,Berline,3 ans ou 100.000 km,5,4,3,Essence,4 CV,82 CH,Automatique,,Traction,4.5 L/100 km,Radar de recul | Caméra de recul,En aluminium | 15'',Tactile | 7 pouces,Tissu,3 branches | Multi-fonctions,,,,,,,
Suzuki,Suzuki Dzire,1.2 L CVT GLX,65 400 DT,En pré-commande,Berline,3 ans ou 100.000 km,5,4,3,Essence,4 CV,82 CH,Automatique,,Traction,4.5 L/100 km,Radar de recul | Caméra de recul,En aluminium | 15'',Tactile | 9 pouces,Tissu,Cuir | 3 branches | Multi-fonctions,,,,,,,
Suzuki,Suzuki Baleno,1.5 L GL BVM,67 900 DT,Disponible,Compacte,3 ans,5,5,4,Essence,6 CV,105 CH,Manuelle,5,Traction,5.7 L/100 km,Radar de recul | Caméra de recul,En aluminium | 16'',Tactile,Tissu,Multi-fonctions,,,,,,,
Suzuki,Suzuki Baleno,1.5 L GLX BVA,76 900 DT,Disponible,Compacte,3 ans,5,5,4,Essence,6 CV,105 CH,Automatique,4,Traction,5.7 L/100 km,Radar de recul | Système de caméras 360,En aluminium | 16'',Tactile | 9 pouces,Tissu,Cuir | Multi-fonctions,,,,,,,
Suzuki,Suzuki Fronx,1.5 L GL BVM,76 900 DT,Disponible,SUV,3 ans ou 100.000 km,5,5,4,Essence,6 CV,105 CH,Manuelle,5,Traction,5.5 L/100 km,Radar de recul | Caméra de recul,En aluminium | 16'',Tactile | 7 pouces,Tissu,,,,,,,,
Suzuki,Suzuki Fronx,1.5 L GLX BVA,87 900 DT,Disponible,SUV,3 ans ou 100.000 km,5,5,4,Essence,6 CV,105 CH,Automatique,4,Traction,5.5 L/100 km,Radar de recul | Système de caméras 360,En aluminium | 16'',Tactile | 9 pouces,Tissu,Cuir | Multi-fonctions,,,,,,,
Suzuki,Suzuki Jimny 5 portes,Suzuki Jimny 5 portes,,2 mois,SUV,3 ans,4,5,4,Essence,6 CV,102 CH,Automatique,4,Intégrale,6.8 L/100 km,Radar de recul | Caméra de recul,En aluminium | 15'',Tactile | 9 pouces,Tissu,3 branches,,,,,,,
Tata,Tata Super Ace Simple Cabine,Tata Super Ace Simple Cabine,,Sur arrivage,Pick up,5 ans ou 125.000 km,2,2,4,Diesel,5 CV,71 CH,Manuelle,5,Propulsion,6.9 L/100 km,,14'',,Tissu,,,,,,,,
Tata,Tata Xenon X2 Simple Cabine,Tata Xenon X2 Simple Cabine,,Disponible,Pick up,5 ans ou 125.000 km,2,2,4,Diesel,7 CV,150 CH,Manuelle,5,Propulsion,7.6 L/100 km,,16'',,Tissu,,,,,,,,
Tata,Tata Xenon X2 Double Cabine 4x2,Tata Xenon X2 Double Cabine 4x2,,Sur arrivage,Pick up,5 ans ou 125.000 km,5,4,4,Diesel,7 CV,150 CH,Manuelle,5,Propulsion,7.8 L/100 km,,En aluminium | 16'',,Tissu,,,,,,,,
Tata,Tata Xenon X2 Double Cabine 4x4,Tata Xenon X2 Double Cabine 4x4,,Sur arrivage,Pick up,5 ans ou 125.000 km,5,4,4,Diesel,7 CV,150 CH,Manuelle,5,Intégrale,7.8 L/100 km,,En aluminium | 16'',,Tissu,,,,,,,,
Toyota,Toyota Yaris Hybride,Toyota Yaris Hybride,,Disponible,Citadine,3 ans ou 100.000 km | Batterie garantie 5 ans ou 150.000 km,5,5,3,Essence | Hybride,4 CV,116 CH,Automatique,5,Traction,2.8 L/100 km,Caméra de recul,15'',Tactile | 9 pouces,Tissu,Cuir | Multi-fonctions,,Éléctrique,Confort | Sport | Eco,,,,
Toyota,Toyota Yaris Cross Hybride,Toyota Yaris Cross Hybride,,Disponible,SUV,3 ans ou 100.000 km | Batterie garantie 5 ans ou 150.000 km,5,5,3,Essence | Hybride,5 CV,116 CH,Automatique,,Traction,4.4 L/100 km,Caméra de recul,En aluminium | 17'' | Noires,Tactile,Cuir/Tissu,Cuir | Multi-fonctions,,Éléctrique,Normal | Sport | Eco | EV Mode,,,,
Toyota,Toyota RAV 4 Hybride,Toyota RAV 4 Hybride,,Disponible,SUV,3 ans ou 100.000 km | Batterie garantie 5 ans ou 150.000 km,5,5,4,Essence | Hybride,9 CV,218 CH,Automatique,7,Traction,4.8 L/100 km,Radar de recul | Radar avant | Caméra de recul,En aluminium | 18'',Tactile | 8 pouces,Cuir,Cuir | Multi-fonctions,Ouvrant | Panoramique,Éléctrique,Normal | Sport | Eco | EV Mode,,,,
Toyota,Toyota Fortuner,Toyota Fortuner,,Disponible,SUV,3 ans ou 100.000 km,7,5,4,Diesel,8 CV,150 CH,Automatique,6,Intégrale,7.4 L/100 km,Radar de recul | Caméra de recul,En aluminium | 18'',8 pouces,Tissu | Surpiqures,Cuir | Multi-fonctions,,,,,,,
Toyota,Toyota Prado,2.8 L TX Business BVA,324 000 DT,Sur arrivage,SUV,3 ans ou 100.000 km,7,5,4,Diesel,11 CV,204 CH,Automatique,8,Intégrale,7.9 L/100 km,,En aluminium | 18'',Tactile | 8 pouces,Tissu,Cuir | Multi-fonctions,,Éléctrique,Normal | Sport | Eco,,,,
Toyota,Toyota Prado,2.8 L WX Adventure BVA,379 000 DT,Sur arrivage,SUV,3 ans ou 100.000 km,7,5,4,Diesel,11 CV,204 CH,Automatique,8,Intégrale,7.9 L/100 km,Radar de recul | Radar avant | Système de caméras 360,En aluminium | 18'',Tactile | 12.3 pouces,Cuir,Cuir | Multi-fonctions,Ouvrant,Éléctrique,Normal | Sport | Eco,,,,
Toyota,Toyota Land Cruiser 300,3.5 L V6 Bi-Turbo Essence 4WD VX,530 000 DT,Disponible,SUV,3 ans ou 100.000 km,7,5,6,Essence,32 CV,415 CH,Automatique,10,Intégrale,10.8 L/100 km,Radar de recul | Radar avant | Caméra de recul | Caméra avant | Système de caméras 360,En aluminium | 18'',Tactile | 12.3 pouces | écrans pour passagers arrières,Cuir perforé,Cuir,Ouvrant,Éléctrique,,,,,
Toyota,Toyota Land Cruiser 300,3.3 L V6 Bi-Turbo Diesel 4WD VX,560 000 DT,Disponible,SUV,3 ans ou 100.000 km,7,5,6,Diesel,21 CV,306 CH,Automatique,10,Intégrale,8.9 L/100 km,Radar de recul | Radar avant | Caméra de recul | Caméra avant | Système de caméras 360,En aluminium | 18'',Tactile | 12.3 pouces | écrans pour passagers arrières,Cuir perforé,Cuir,Ouvrant,Éléctrique,,,,,
Toyota,Toyota Hilux Simple Cabine,Toyota Hilux Simple Cabine,,Disponible,Pick up,3 ans ou 100.000 km,2,2,4,Diesel,8 CV,150 CH,Manuelle,6,Intégrale,7 L/100 km,,17'',,Tissu,Multi-fonctions,,,,,,,
Toyota,Toyota Hilux Double Cabine,2.4 L Diesel D-4D 4x4,159 800 DT,Disponible,Pick up,3 ans ou 100.000 km,5,4,4,Diesel,8 CV,150 CH,Manuelle,6,Intégrale,7 L/100 km,,17'',8 pouces,Tissu,Multi-fonctions,,,,,,,
Toyota,Toyota Hilux Double Cabine,2.4 L Diesel D-4D 4x4 BVA,192 900 DT,Disponible,Pick up,3 ans ou 100.000 km,5,4,4,Diesel,8 CV,150 CH,Automatique,6,Intégrale,7 L/100 km,Radar de recul | Radar avant | Caméra de recul,En aluminium | 17'',8 pouces,Tissu | Surpiqures,Multi-fonctions,,,,,,,
Toyota,Toyota Hiace 16 places,Toyota Hiace 16 places,,Disponible,Minibus,1 an ou 50000 km,16,5 | 2 portes latérales coulissantes,4,Diesel,10 CV,102 CH,Manuelle,5,Propulsion,9.3 L/100 km,,15'',,Tissu,,,,,,,,
Toyota,Toyota Coaster,Toyota Coaster,,Disponible,Minibus,1 an ou 50000 km,23,2 | 1 porte latérale battante,4,Diesel,11 CV,130 CH,Manuelle,5,Propulsion,N.C,,17'',,Tissu,,,,,,,,
Toyota,Toyota Hiace Van,Toyota Hiace Van,,Disponible,Utilitaire,3 ans,3,3 | 1 porte latérale coulissante,4,Diesel,10 CV,92 CH,Manuelle,5,Propulsion,8.8 L/100 km,,15'',,Tissu,4 branches,,,,,,,
Volkswagen,Volkswagen Virtus,1.0 L TSI Confortline,68 980 DT,3 mois,Berline,2 ans,5,4,3,Essence,6 CV,116 CH,Manuelle,6,Traction,5.2 L/100 km,Radar de recul,16'',Tactile,Tissu,Multi-fonctions,,,,,,,
Volkswagen,Volkswagen Virtus,1.0 L TSI Highline BVA,79 980 DT,Disponible,Berline,2 ans,5,4,3,Essence,7 CV,116 CH,Automatique,6,Traction,5.2 L/100 km,Radar de recul | Radar avant | Caméra de recul,En aluminium | 16'',Tactile,Tissu,Cuir | Multi-fonctions | Avec palettes,,,,,,,
Volkswagen,Volkswagen Virtus,1.0 L TSI Topline BVA,87 980 DT,1 mois | 3 mois,Berline,2 ans,5,4,3,Essence,7 CV,116 CH,Automatique,6,Traction,5.2 L/100 km,Radar de recul | Radar avant | Caméra de recul,En aluminium | 17'',Tactile,Similicuir,Cuir | Multi-fonctions | Avec palettes,Ouvrant | En verre,,,,,,
Volkswagen,Volkswagen T-Cross,1.0 L Confortline,75 980 DT,Disponible,SUV,2 ans,5,5,3,Essence,6 CV,116 CH,Manuelle,6,Traction,5.2 L/100 km,Radar de recul,16'',Tactile,Tissu,Multi-fonctions,,,,,,,
Volkswagen,Volkswagen T-Cross,1.0 L Highline BVA,92 980 DT,Disponible,SUV,2 ans,5,5,3,Essence,7 CV,116 CH,Automatique,6,Traction,5.2 L/100 km,Radar de recul | Caméra de recul,En aluminium | 16'',Tactile,Tissu,Cuir | Multi-fonctions | Avec palettes,,,,,,,
Volkswagen,Volkswagen T-Cross,1.0 L Topline BVA,103 980 DT,Disponible,SUV,2 ans,5,5,3,Essence,7 CV,116 CH,Automatique,6,Traction,5.2 L/100 km,Radar de recul | Caméra de recul,En aluminium | 17'',Tactile,Similicuir,Cuir | Multi-fonctions | Avec palettes,Ouvrant | En verre,,,,,,
Volkswagen,Volkswagen Polo,Volkswagen Polo,,2 mois,Citadine,3 ans,5,5,3,Essence,5 CV,95 CH,Manuelle,5,Traction,5.2 L/100 km,Radar de recul | Radar avant,En aluminium | 15'',Tactile | 6.5 pouces,Tissu,Multi-fonctions,,,,,,,
Volkswagen,Volkswagen Golf 8,1.4 L TSI Drive,120 980 DT,Disponible,Compacte,3 ans,5,5,4,Essence,8 CV,150 CH,Automatique,8,Traction,5 L/100 km,Caméra de recul,En aluminium | 16'',Tactile | 8 pouces,Tissu,Cuir | Multi-fonctions | Avec palettes,,Éléctrique,Normal | Sport | Eco,,,,
Volkswagen,Volkswagen Golf 8,1.4 L TSI Life,134 980 DT,Disponible,Compacte,3 ans,5,5,4,Essence,8 CV,150 CH,Automatique,8,Traction,5 L/100 km,Caméra de recul,En aluminium | 17'',Tactile | 8 pouces,Tissu,Cuir | Multi-fonctions | Avec palettes,Ouvrant | Panoramique,Éléctrique,Normal | Sport | Eco,,,,
Volkswagen,Volkswagen Golf 8,1.4 L TSI R-Line,159 980 DT,Disponible,Compacte,3 ans,5,5,4,Essence,8 CV,150 CH,Automatique,8,Traction,5 L/100 km,Radar de recul | Radar avant | Caméra de recul,En aluminium | 18'',Tactile | 8 pouces,Tissu,Cuir | Multi-fonctions | Sport | Avec palettes,Ouvrant | Panoramique,Éléctrique,Normal | Sport | Eco,,,,
Volkswagen,Volkswagen Tiguan,1.4 L TSI Life,159 980 DT,Disponible,SUV,3 ans,5,5,4,Essence,8 CV,150 CH,Automatique,7,Traction,6.7 L/100 km,Radar de recul | Radar avant | Caméra de recul | Parkassist,En aluminium | 18'',Tactile | 12.9 pouces,Tissu,Cuir | Multi-fonctions | Avec palettes,Ouvrant | Panoramique,Éléctrique,,,,,
Volkswagen,Volkswagen Tiguan,1.4 L TSI Exclusive,184 980 DT,Disponible,SUV,3 ans,5,5,4,Essence,8 CV,150 CH,Automatique,7,Traction,6.7 L/100 km,Radar de recul | Radar avant | Caméra de recul | Parkassist,En aluminium | 18'',Tactile | 15 pouces,Cuir,Cuir | Multi-fonctions | Avec palettes,Ouvrant | Panoramique,Éléctrique,,,,,
Volkswagen,Volkswagen Tiguan,1.4 L TSI R-Line,203 980 DT,Disponible,SUV,3 ans,5,5,4,Essence,8 CV,150 CH,Automatique,7,Traction,6.7 L/100 km,Radar de recul | Radar avant | Caméra de recul | Parkassist,En aluminium | 19'',Tactile | 15 pouces,Cuir/Tissu,Cuir | Chauffant | Multi-fonctions | Sport | Avec palettes,Ouvrant | Panoramique,Éléctrique,,,,,
Volkswagen,Volkswagen Amarok,2.0 L TDI 170 ch 4x4 Life BVA,199 980 DT,Disponible,Pick up,3 ans,5,4,4,Diesel,5 CV,170 CH,Automatique,6,Intégrale,7.7 L/100 km,Radar de recul | Radar avant | Caméra de recul,En aluminium | 17'',Tactile | 10.1 pouces,Tissu,Cuir | Multi-fonctions,,Éléctrique,,,,,
Volkswagen,Volkswagen Amarok,2.0 L TDI 210 ch 4x4 Aventura BVA,242 980 DT,Disponible,Pick up,3 ans,5,4,4,Diesel,5 CV,210 CH,Automatique,10,Intégrale,7.5 L/100 km,Radar de recul | Radar avant | Système de caméras 360 | Parkassist,En aluminium | 20'' | Bi-ton,Tactile | 12 pouces,Cuir,Cuir | Multi-fonctions,,Éléctrique,,,,,
Volvo,Volvo EX30,Single Motor Core,115 900 DT,Disponible,SUV,3 ans ou 100.000 km | Batterie garantie 8 ans,5,5,,Electrique,5 CV,272 CH,Automatique,,Propulsion,,Radar de recul | Radar avant | Caméra de recul | Parkassist | Détection du trafic en marche arrière,En aluminium | 18'',Tactile | 12.3 pouces,Nordico,Similicuir | Multi-fonctions | Sport,,Éléctrique,,344 km,16.7 kWh/100 km,6 heures,26 minutes
Volvo,Volvo EX30,Single Motor Extended Range Plus,139 900 DT,Disponible,SUV,3 ans ou 100.000 km | Batterie garantie 8 ans,5,5,,Electrique,5 CV,272 CH,Automatique,,Propulsion,,Radar de recul | Radar avant | Caméra de recul | Parkassist | Détection du trafic en marche arrière,En aluminium | 19'',Tactile | 12.3 pouces,Nordico,Similicuir | Multi-fonctions | Sport,,Éléctrique,,476 km,17 kWh/100 km,8 heures,26 minutes
Volvo,Volvo EX30,Twin Motor Ultra,159 900 DT,Disponible,SUV,3 ans ou 100.000 km | Batterie garantie 8 ans,5,5,,Electrique,8 CV,428 CH,Automatique,,Intégrale,,Radar de recul | Radar avant | Système de caméras 360 | Park Pilot | Détection du trafic en marche arrière,En aluminium | 20'',Tactile | 12.3 pouces,Nordico,Similicuir | Multi-fonctions | Sport,Panoramique,Éléctrique,,450 km,17.5 kWh/100 km,4 heures,26 minutes
Volvo,Volvo XC40,2.0 L Plus Dark,189 900 DT,Disponible,SUV,3 ans ou 100.000 km,5,5,4,Essence | Hybride léger,9 CV,163 CH,Automatique,7,Traction,6.6 L/100 km,Radar de recul | Radar avant | Caméra de recul | Système de caméras 360,En aluminium | 19'',Tactile | 9 pouces,Tissu,Similicuir | 3 branches | Multi-fonctions,,Éléctrique,Sport,,,,
Volvo,Volvo XC40,2.0 L Ultimate Dark,209 900 DT,Disponible,SUV,3 ans ou 100.000 km,5,5,4,Essence | Hybride léger,9 CV,163 CH,Automatique,7,Traction,6.6 L/100 km,Radar de recul | Radar avant | Caméra de recul | Système de caméras 360,En aluminium | 19'',Tactile | 9 pouces,Cuir | Suédine,Similicuir | 3 branches | Multi-fonctions,Ouvrant | Panoramique,Éléctrique,Sport,,,,
Volvo,Volvo XC40,2.0 L Black Edition,219 900 DT,Disponible,SUV,3 ans ou 100.000 km,5,5,4,Essence | Hybride léger,9 CV,163 CH,Automatique,7,Traction,6.6 L/100 km,Radar de recul | Radar avant | Caméra de recul | Système de caméras 360,En aluminium | 20'',Tactile | 9 pouces,Cuir | Suédine,Similicuir | 3 branches | Multi-fonctions,Ouvrant | Panoramique,Éléctrique,Sport,,,,
Volvo,Volvo EC40,Single Motor Ultra,189 900 DT,Disponible,SUV,3 ans ou 100.000 km | Batterie garantie 8 ans,5,5,,Electrique,9 CV,238 CH,Automatique,,Propulsion,,Radar de recul | Radar avant | Système de caméras 360,En aluminium | 19'',Tactile | 9 pouces,Suédine,Similicuir | Multi-fonctions | Sport,Panoramique,Éléctrique,,487 km,"16,7 kWh/100 km",7 heures,27 minutes
Volvo,Volvo EC40,Twin Motor Performance Ultra Black Edition,219 900 DT,Disponible,SUV,3 ans ou 100.000 km | Batterie garantie 8 ans,5,5,,Electrique,14 CV,442 CH,Automatique,,Intégrale,,Radar de recul | Radar avant | Système de caméras 360,En aluminium | 20'',Tactile | 9 pouces,Suédine,Similicuir | Multi-fonctions | Sport,Panoramique,Éléctrique,,584 km,17.3 kWh/100 km,8 heures,27 minutes
Volvo,Volvo ES90,Single Motor Extended range Plus,239 900 DT,Disponible,Berline,3 ans ou 100.000 km | Batterie garantie 8 ans,5,5,,Electrique,9 CV,333 CH,Automatique,,Propulsion,,Radar de recul | Radar avant | Système de caméras 360 | Parkassist | Caméra panoramique 3D,En aluminium | 20'',Tactile | 14.5 pouces,Nordico,,Panoramique | Electrochrome,Éléctrique,,651 km,16 kWh/100 km,10 heures,22 minutes
Volvo,Volvo ES90,Single Motor Extended range Ultra,269 900 DT,Disponible,Berline,3 ans ou 100.000 km | Batterie garantie 8 ans,5,5,,Electrique,9 CV,333 CH,Automatique,,Propulsion,,Radar de recul | Radar avant | Système de caméras 360 | Parkassist | Park Pilot | Caméra panoramique 3D,En aluminium | 21'',Tactile | 14.5 pouces,Nordico,,Panoramique | Electrochrome,Éléctrique,,651 km,16 kWh/100 km,10 heures,22 minutes
Volvo,Volvo EX90,Single Motor Plus,295 900 DT,Disponible,SUV,3 ans ou 100.000 km | Batterie garantie 8 ans,7,5,,Electrique,9 CV,333 CH,Automatique,,Propulsion,,Radar de recul | Radar avant | Système de caméras 360 | Parkassist | Caméra panoramique 3D,En aluminium | 21'',Tactile | 14.5 pouces,Nordico,,Panoramique | Electrochrome,Éléctrique,,606 km,18.2 kWh/100 km,10 heures,22 minutes
Volvo,Volvo EX90,Twin Motor Performance Ultra,349 900 DT,Disponible,SUV,3 ans ou 100.000 km | Batterie garantie 8 ans,6,5,,Electrique,N.C,653 CH,Automatique,,Intégrale,,Radar de recul | Radar avant | Système de caméras 360 | Parkassist | Park Pilot | Caméra panoramique 3D,En aluminium | 21'',Tactile | 14.5 pouces,Nordico,,Panoramique | Electrochrome,Éléctrique,,615 km,19.2 kWh/100 km,11 heures,22 minutes
Volvo,Volvo XC60,2.0 l T8 Recharge Ultra Dark,239 900 DT,Disponible,SUV,3 ans ou 100.000 km | Batterie garantie 8 ans ou 160.000 KM,5,5,4,Essence | Hybride rechargeable,20 CV,462 CH,Automatique,8,Intégrale,1.4 L/100 km,Radar de recul | Radar avant | Système de caméras 360,En aluminium | 20'',Tactile | 11.2 pouces,Nordico,Cuir | 3 branches | Multi-fonctions,Ouvrant | Panoramique,Éléctrique,Confort | Sport | Eco,77 km,,,
Volvo,Volvo XC60,2.0 l T8 Recharge Ultra Black Edition,259 900 DT,Disponible,SUV,3 ans ou 100.000 km | Batterie garantie 8 ans ou 160.000 KM,5,5,4,Essence | Hybride rechargeable,20 CV,462 CH,Automatique,8,Intégrale,1.4 L/100 km,Radar de recul | Radar avant | Système de caméras 360,En aluminium | 21'',Tactile | 11.2 pouces,Cuir | Nappa,Cuir | 3 branches | Multi-fonctions,Ouvrant | Panoramique,Éléctrique,Confort | Sport | Eco,77 km,,,
Volvo,Volvo XC90,2.0 l Recharge Ultra Bright,339 900 DT,Disponible,SUV,3 ans ou 100.000 km | Batterie garantie 8 ans ou 160.000 KM,7,5,4,Essence | Hybride rechargeable,20 CV,462 CH,Automatique,8,Intégrale,1.4 L/100 km,Radar de recul | Radar avant | Caméra de recul | Système de caméras 360 | Parkassist,En aluminium | 21'',Tactile | 11.2 pouces,Cuir | Nappa,Similicuir | 3 branches | Multi-fonctions,Ouvrant | Panoramique,Éléctrique,Confort | Sport | Eco,75 km,,,
Volvo,Volvo XC90,2.0 l Recharge Ultra Black Edition,359 900 DT,Disponible,SUV,3 ans ou 100.000 km | Batterie garantie 8 ans ou 160.000 KM,7,5,4,Essence | Hybride rechargeable,20 CV,462 CH,Automatique,8,Intégrale,1.4 L/100 km,Radar de recul | Radar avant | Caméra de recul | Système de caméras 360 | Parkassist,En aluminium | 21'',Tactile | 11.2 pouces,Cuir | Nappa,Similicuir | 3 branches | Multi-fonctions,Ouvrant | Panoramique,Éléctrique,Confort | Sport | Eco,75 km,,,
Wallyscar,Wallyscar Annibal,2.5 l Diesel 4x2,89 700 DT,Sur arrivage,Pick up,3 ans ou 100.000 km,5,4,4,Diesel,6 CV,127 CH,Manuelle,6,Propulsion,7.8 L/100 km,Radar de recul | Caméra de recul,En aluminium | 16'',Tactile | 11 pouces,Tissu,Cuir | Multi-fonctions,,,Eco,,,,
Wallyscar,Wallyscar Annibal,2.5 l Diesel 4x4,102 900 DT,Sur arrivage,Pick up,3 ans ou 100.000 km,5,4,4,Diesel,6 CV,127 CH,Manuelle,6,Intégrale,7.8 L/100 km,Radar de recul | Caméra de recul,En aluminium | 16'',Tactile | 11 pouces,Tissu,Cuir | Multi-fonctions,,,Eco,,,,
Wallyscar,Wallyscar Annibal XXL,2.3 l Turbo Diesel 4x4 BVA,142 200 DT,Sur arrivage,Pick up,3 ans ou 100.000 km,5,4,4,Diesel,8 CV,160 CH,Automatique,8,Intégrale,7.8 L/100 km,Radar de recul | Radar latéral | Système de caméras 360,En aluminium | 18'',Tactile | 10.2 pouces,Similicuir | Cuir +3000 DT,Cuir | Multi-fonctions,,Éléctrique,Normal | Sport | Eco,,,,
Wallyscar,Wallyscar Annibal XXL,2.0 l Turbo Essence 4x4 BVA,144 800 DT,Sur arrivage,Pick up,3 ans ou 100.000 km,5,4,4,Essence,10 CV,190 CH,Automatique,8,Intégrale,7.9 L/100 km,Radar de recul | Radar latéral | Système de caméras 360,En aluminium | 18'',Tactile | 10.2 pouces,Similicuir | Cuir +3000 DT,Cuir | Multi-fonctions,,Éléctrique,Normal | Sport | Eco,,,,